customer_id,actual_churn,churn_probability,predicted_churn,risk_level
7590-VHVEG,No,0.6134507329636255,1,Medium
5575-GNVDE,No,0.0454384467602629,0,Low
3668-QPYBK,Yes,0.2991105135449728,0,Low
7795-CFOCW,No,0.028981530703069303,0,Low
9237-HQITU,Yes,0.6922559193024048,1,Medium
9305-CDSKC,Yes,0.7953721511228691,1,High
1452-KIOVK,No,0.48590608492429543,0,Medium
6713-OKOMC,No,0.2920485113193767,0,Low
7892-POOKP,Yes,0.6210312459707019,1,Medium
6388-TABGU,No,0.010728565654678569,0,Low
9763-GRSKD,No,0.20648925718390962,0,Low
7469-LKBCI,No,0.028241806654327538,0,Low
8091-TTVAX,No,0.1808732658382457,0,Low
0280-XJGEX,Yes,0.42948707001850683,0,Medium
5129-JLPIS,No,0.4606263490193917,0,Medium
3655-SNQYZ,No,0.032424375548632776,0,Low
8191-XWSZG,No,0.010827419136523962,0,Low
9959-WOFKT,No,0.043658494545268746,0,Low
4190-MFLUW,Yes,0.15430963504615897,0,Low
4183-MYFRB,No,0.5616025316824766,1,Medium
8779-QRDMV,Yes,0.7248899304374397,1,High
1680-VDCWW,No,0.06385545678375906,0,Low
1066-JKSGK,Yes,0.1927863865709789,0,Low
3638-WEABW,No,0.01737079981817089,0,Low
6322-HRPFA,No,0.025219985526008425,0,Low
6865-JZNKO,No,0.11195359357536518,0,Low
6467-CHFZW,Yes,0.4912848145020334,0,Medium
8665-UTDHZ,Yes,0.470730060785506,0,Medium
5248-YGIJN,No,0.01625462742884809,0,Low
8773-HHUOZ,Yes,0.3531754043349847,0,Low
3841-NFECX,No,0.02925199484383813,0,Low
4929-XIHVW,No,0.7304617212737583,1,High
6827-IEAUQ,No,0.03056087650763207,0,Low
7310-EGVHZ,No,0.1812032167383952,0,Low
3413-BMNZE,No,0.36998460276211403,0,Low
6234-RAAPL,No,0.02045322859765233,0,Low
6047-YHPVI,Yes,0.6757034481655999,1,Medium
6572-ADKRS,No,0.2512235136078386,0,Low
5380-WJKOV,Yes,0.6179171625522789,1,Medium
8168-UQWWF,Yes,0.7139330151613601,1,High
8865-TNMNX,No,0.11723661977363241,0,Low
9489-DEDVP,No,0.012404751918866197,0,Low
9867-JCZSP,No,0.04406675367603323,0,Low
4671-VJLCL,No,0.014081417811432984,0,Low
4080-IIARD,No,0.30777019434555636,0,Low
3714-NTNFO,No,0.4509019967081709,0,Medium
5948-UJZLF,No,0.30919296217497516,0,Low
7760-OYPDY,Yes,0.7371147237855163,1,High
7639-LIAYI,No,0.03312129551067638,0,Low
2954-PIBKO,No,0.007164166141851031,0,Low
8012-SOUDQ,No,0.5136356064468905,1,Medium
9420-LOJKX,Yes,0.4725785773180717,0,Medium
6575-SUVOI,No,0.21280476545476198,0,Low
7495-OOKFY,Yes,0.6178504832000411,1,Medium
4667-QONEA,No,0.020028776010426096,0,Low
1658-BYGOY,Yes,0.7795981473004417,1,High
8769-KKTPH,No,0.13348754928426054,0,Low
5067-XJQFU,No,0.19606288478053163,0,Low
3957-SQXML,No,0.013630936596782212,0,Low
5954-BDFSG,No,0.07971079179250151,0,Low
0434-CSFON,No,0.5677873132053683,1,Medium
1215-FIGMP,No,0.2800001531555828,0,Low
0526-SXDJP,No,0.0064073580676622865,0,Low
0557-ASKVU,No,0.09006767530596678,0,Low
5698-BQJOH,Yes,0.7292155692887378,1,High
5122-CYFXA,No,0.4713138711898479,0,Medium
8627-ZYGSZ,No,0.23454514428035617,0,Low
3410-YOQBQ,No,0.04501356040052944,0,Low
3170-NMYVV,No,0.004749644965631192,0,Low
7410-OIEDU,No,0.4573918188153893,0,Medium
2273-QCKXA,No,0.27672292071032173,0,Low
0731-EBJQB,No,0.01765311903206122,0,Low
1891-QRQSA,No,0.06730301467537887,0,Low
8028-PNXHQ,No,0.005763928374875305,0,Low
5630-AHZIL,No,0.23152814545938297,0,Low
2673-CXQEU,No,0.19915003702375056,0,Low
6416-JNVRK,No,0.052672136371494836,0,Low
5590-ZSKRV,No,0.15698741002532535,0,Low
0191-ZHSKZ,No,0.2821831302384432,0,Low
3887-PBQAO,No,0.02250183480073523,0,Low
5919-TMRGD,Yes,0.7031655590277976,1,High
8108-UXRQN,No,0.41526665566521154,0,Medium
9191-MYQKX,Yes,0.559425416263841,1,Medium
9919-YLNNG,No,0.3155463649836049,0,Low
0318-ZOPWS,No,0.009120659436218552,0,Low
4445-ZJNMU,No,0.6922003099560974,1,Medium
4808-YNLEU,No,0.07833987908046493,0,Low
1862-QRWPE,No,0.005367624941837458,0,Low
2796-NNUFI,No,0.009081976071641773,0,Low
3016-KSVCP,No,0.2725979009858061,0,Low
4767-HZZHQ,No,0.22527859194584782,0,Low
2424-WVHPL,No,0.5702756140523505,1,Medium
7233-PAHHL,No,0.020390902760007767,0,Low
6067-NGCEU,No,0.24229067993903006,0,Low
9848-JQJTX,No,0.10144954331812123,0,Low
8637-XJIVR,Yes,0.5898846241944075,1,Medium
9803-FTJCG,No,0.011745055248983035,0,Low
0278-YXOOG,Yes,0.16408188214477065,0,Low
3212-KXOCR,No,0.005521419706333815,0,Low
4598-XLKNJ,Yes,0.6476032592346543,1,Medium
6380-ARCEH,No,0.19266664544223824,0,Low
3679-XASPY,No,0.2077131251900821,0,Low
7123-WQUHX,No,0.17503515378618675,0,Low
5386-THSLQ,No,0.03608282026361839,0,Low
3192-NQECA,Yes,0.08621555949270199,0,Low
6180-YBIQI,No,0.44524080455751847,0,Medium
6728-DKUCO,No,0.13529072292279068,0,Low
9750-BOOHV,No,0.07212416014784138,0,Low
8597-CWYHH,No,0.2672962905361967,0,Low
2848-YXSMW,No,0.0017240981902882538,0,Low
0486-HECZI,Yes,0.3122138297650226,0,Low
4549-ZDQYY,No,0.015706880695713694,0,Low
5712-AHQNN,No,0.39753962992534037,0,Low
4846-WHAFZ,Yes,0.5234139016695941,1,Medium
5256-SKJGO,No,0.030828217104364092,0,Low
3071-VBYPO,No,0.4652805828907408,0,Medium
9560-BBZXK,No,0.031014478854723995,0,Low
5299-RULOA,Yes,0.67133428908336,1,Medium
8402-OOOHJ,No,0.00958655287011022,0,Low
9445-ZUEQE,No,0.29794500117948286,0,Low
1091-SOZGA,No,0.2117696479956707,0,Low
2928-HLDBA,No,0.15493434625918892,0,Low
0404-SWRVG,Yes,0.7511397435147757,1,High
6497-TILVL,No,0.18230737925641471,0,Low
7219-TLZHO,No,0.14042193459003482,0,Low
4622-YNKIJ,No,0.12284440145683823,0,Low
4412-YLTKF,Yes,0.6044510279336163,1,Medium
6734-PSBAW,No,0.0047032758795948785,0,Low
3930-ZGWVE,No,0.19374635491094744,0,Low
2639-UGMAZ,No,0.06050034312744452,0,Low
2876-GZYZC,No,0.7300930833919387,1,High
6207-WIOLX,Yes,0.25529139673916923,0,Low
8587-XYZSF,No,0.0066365611146957364,0,Low
3091-FYHKI,Yes,0.7006529392375529,1,High
2372-HWUHI,Yes,0.4194942351684898,0,Medium
7799-LGRDP,No,0.016152721074641288,0,Low
7850-VWJUU,No,0.3350365167256107,0,Low
3774-VBNXY,No,0.0027230541064013516,0,Low
6217-KDYWC,No,0.0055416840016479325,0,Low
0390-DCFDQ,Yes,0.6699228154828266,1,Medium
3146-MSEGF,No,0.015437839032298546,0,Low
4080-OGPJL,Yes,0.2953287987495961,0,Low
1095-WGNGG,No,0.11905648265452526,0,Low
2636-SJDOU,No,0.0730003719562678,0,Low
1131-QQZEB,No,0.003965466460357377,0,Low
5716-EZXZN,No,0.03390120042799149,0,Low
6837-BJYDQ,No,0.099539014425275,0,Low
2135-RXIHG,Yes,0.5172070204038544,1,Medium
6440-DKQGE,No,0.06592853056945874,0,Low
3466-BYAVD,No,0.21811115785968369,0,Low
3780-YVMFA,No,0.42650473711922327,0,Medium
3874-EQOEP,Yes,0.6793764867428636,1,Medium
1679-JRFBR,No,0.114019536945441,0,Low
9073-ZZIAY,No,0.012886188900844687,0,Low
3077-RSNTJ,No,0.13192854638893994,0,Low
6551-GNYDG,No,0.5147772104052247,1,Medium
9167-APMXZ,No,0.5797721666981297,1,Medium
2749-CTKAJ,No,0.035599400649223435,0,Low
6371-NZYEG,No,0.05180629459421592,0,Low
7554-NEWDD,No,0.04911404493052111,0,Low
8992-VONJD,No,0.22557608435490986,0,Low
0867-MKZVY,Yes,0.426849886778319,0,Medium
4482-EWFMI,No,0.6947738550315588,1,Medium
4648-YPBTM,No,0.030672519220619865,0,Low
2907-ILJBN,No,0.05670357341432932,0,Low
6345-FZOQH,No,0.0027705928423259504,0,Low
3376-BMGFE,Yes,0.5865570285053061,1,Medium
5997-OPVFA,No,0.016617207141740652,0,Low
3445-HXXGF,Yes,0.18279631289772652,0,Low
1159-WFSGR,No,0.11427234307160629,0,Low
7654-YWJUF,No,0.08716761556108076,0,Low
1875-QIVME,Yes,0.7649799893539525,1,High
6727-IOTLZ,No,0.07654842966977847,0,Low
0691-JVSYA,Yes,0.21252458284463013,0,Low
5918-VUKWP,No,0.025204824432098098,0,Low
1744-JHKYS,No,0.08796800447141212,0,Low
2656-FMOKZ,Yes,0.6272073919841294,1,Medium
2070-FNEXE,Yes,0.39896426667240525,0,Low
5947-SGKCL,No,0.5979376207167506,1,Medium
3712-PKXZA,No,0.009864567504044004,0,Low
6317-YPKDH,Yes,0.4215545824910925,0,Medium
6582-OIVSP,No,0.34795880725886735,0,Low
9367-WXLCH,Yes,0.6017441484618293,1,Medium
5524-KHNJP,No,0.06309117591894073,0,Low
1918-ZBFQJ,Yes,0.5683441601118892,1,Medium
1024-GUALD,Yes,0.6541346336619727,1,Medium
4827-USJHP,No,0.23578386693345366,0,Low
8167-GJLRN,No,0.4485024901495295,0,Medium
0956-SYCWG,No,0.08438644742254493,0,Low
8017-UVSZU,No,0.11170708517094231,0,Low
7100-FQPRV,No,0.04861470173974006,0,Low
2472-OVKUP,Yes,0.675846200482891,1,Medium
2984-RGEYA,No,0.0020176929798756127,0,Low
9680-NIAUV,No,0.041415870060120916,0,Low
2146-EGVDT,No,0.0032134623083869417,0,Low
2604-IJPDU,No,0.3885181394975107,0,Low
9178-JHUVJ,No,0.03211121434781953,0,Low
6168-YBYNP,No,0.380908042274053,0,Low
7255-SSFBC,No,0.061468508009287104,0,Low
3645-DEYGF,No,0.15893338029962967,0,Low
9323-HGFWY,No,0.20729664299536044,0,Low
8544-GOQSH,No,0.36936954673677275,0,Low
3363-DTIVD,No,0.06549749290795796,0,Low
7018-WBJNK,No,0.5239148364551067,1,Medium
9142-KZXOP,No,0.19519861488527548,0,Low
7674-YTAFD,No,0.14233182375257827,0,Low
6348-SNFUS,No,0.008340034288647272,0,Low
1285-OKIPP,Yes,0.674528449922933,1,Medium
7825-ECJRF,Yes,0.48383695713423586,0,Medium
1347-KTTTA,No,0.11799094167929249,0,Low
7841-TZDMQ,Yes,0.4031061246966976,0,Medium
4195-NZGTA,No,0.5590983666231172,1,Medium
7157-SMCFK,No,0.0030860495015349963,0,Low
4709-LKHYG,No,0.03423380263786894,0,Low
2504-DSHIH,No,0.6149030718235712,1,Medium
0699-NDKJM,No,0.11892404681933626,0,Low
9286-BHDQG,No,0.003666318655809304,0,Low
0230-WEQUW,No,0.013074553645036057,0,Low
2040-LDIWQ,No,0.023265182692654596,0,Low
6496-JDSSB,No,0.6135327752627007,1,Medium
9408-SSNVZ,Yes,0.6779272497641143,1,Medium
4443-EMBNA,No,0.003366379453323046,0,Low
6469-MRVET,No,0.16204881794514922,0,Low
0742-MOABM,Yes,0.2539519398195315,0,Low
5961-VUSRV,No,0.0873029158260834,0,Low
6778-JFCMK,No,0.22505065116958026,0,Low
6341-JVQGF,No,0.07458450310103935,0,Low
2232-DMLXU,Yes,0.40579884871838173,0,Medium
4811-JBUVU,No,0.4317066872814343,0,Medium
0945-TSONX,No,0.027784144894514515,0,Low
2651-ZCBXV,No,0.07739496499068768,0,Low
3316-UWXUY,No,0.15523795589333741,0,Low
8937-RDTHP,Yes,0.591370192623324,1,Medium
7083-MIOPC,No,0.002135267191960816,0,Low
1984-GPTEH,No,0.10614643349194483,0,Low
1251-KRREG,Yes,0.4633494487767794,0,Medium
0621-JFHOL,No,0.14346127041639617,0,Low
9903-LYSAB,No,0.6523357830249418,1,Medium
0094-OIFMO,Yes,0.7308656072243942,1,High
9227-UAQFT,No,0.03061939269239401,0,Low
7301-ABVAD,No,0.01652837849139976,0,Low
6614-FHDBO,No,0.05297390701607185,0,Low
7576-ASEJU,No,0.05117443491513244,0,Low
9058-HRZSV,No,0.1634324993986048,0,Low
4522-AKYLR,No,0.38587356607796697,0,Low
0221-WMXNQ,No,0.5283925285982081,1,Medium
0303-UNCIP,No,0.09182345506608056,0,Low
9947-OTFQU,Yes,0.5928271253895279,1,Medium
0322-YINQP,Yes,0.3466430664420674,0,Low
0959-WHOKV,No,0.25856741649385484,0,Low
4075-JFPGR,No,0.15267548085020347,0,Low
4629-NRXKX,Yes,0.5596304284169701,1,Medium
9514-JDSKI,Yes,0.6175487222214561,1,Medium
3282-ZISZV,No,0.07939919044528435,0,Low
3675-YDUPJ,No,0.1862649744972249,0,Low
4111-BNXIF,No,0.029694939246921685,0,Low
7017-VFHAY,No,0.038376886517005514,0,Low
6655-LHBYW,No,0.11273101684194622,0,Low
4959-JOSRX,Yes,0.40791611145930606,0,Medium
5046-NUHWD,No,0.350305389775396,0,Low
7273-TEFQD,Yes,0.7036740702005367,1,High
3606-TWKGI,Yes,0.766274176964971,1,High
7529-ZDFXI,No,0.4110244870438259,0,Medium
7605-BDWDC,No,0.04571497931826189,0,Low
1950-KSVVJ,No,0.13448124365694777,0,Low
0123-CRBRT,No,0.014540362244832062,0,Low
6292-TOSSS,No,0.008407223876760924,0,Low
3197-ARFOY,No,0.4215371234425172,0,Medium
6323-AYBRX,Yes,0.004276127289334044,0,Low
7014-ZZXAW,No,0.00465387407164625,0,Low
4385-GZQXV,Yes,0.6554147126676689,1,Medium
7633-MVPUY,No,0.013786227814904302,0,Low
6366-ZGQGL,Yes,0.47081536045013056,0,Medium
4716-HHKQH,No,0.5821438484265733,1,Medium
5940-AHUHD,Yes,0.546714266832721,1,Medium
6432-TWQLB,Yes,0.6216830838272447,1,Medium
4484-GLZOU,Yes,0.5150466310924572,1,Medium
3179-GBRWV,No,0.22454998528878695,0,Low
8645-KWHJO,No,0.5417704547493666,1,Medium
4130-MZLCC,No,0.26095745519594665,0,Low
0314-TKOSI,No,0.19466076606935898,0,Low
8229-MYEJZ,No,0.29658540877652995,0,Low
2080-SRCDE,No,0.19812605231650407,0,Low
9577-WJVCQ,No,0.03446747216721985,0,Low
9512-UIBFX,Yes,0.4790904301256505,0,Medium
6202-DYYFX,No,0.34212895880476596,0,Low
3808-HFKDE,No,0.33221236571893253,0,Low
5583-SXDAG,Yes,0.6286921552331861,1,Medium
3488-PGMQJ,Yes,0.6509119525810292,1,Medium
3580-REOAC,Yes,0.3315363936614992,0,Low
7534-BFESC,Yes,0.6218696587348197,1,Medium
3727-OWVYD,No,0.03806505990424534,0,Low
2294-SALNE,No,0.11854574568411459,0,Low
4847-TAJYI,No,0.7879587646527632,1,High
1563-IWQEX,No,0.12330444203902927,0,Low
8203-XJZRC,No,0.19254696094544638,0,Low
6556-DBKZF,No,0.03113198053512495,0,Low
6851-WEFYX,No,0.6809104520250807,1,Medium
2985-JUUBZ,No,0.323360720247255,0,Low
6390-DSAZX,Yes,0.4788576711185059,0,Medium
0895-LMRSF,No,0.20874103014115697,0,Low
8098-LLAZX,Yes,0.8378119320895943,1,High
8266-VBFQL,No,0.6420917391312512,1,Medium
8181-YHCMF,No,0.012954052690109429,0,Low
2240-HSJQD,No,0.3195451215303357,0,Low
1248-DYXUB,No,0.006755323881302569,0,Low
0265-EDXBD,Yes,0.5661470981459913,1,Medium
4115-BNPJY,No,0.043910825705186604,0,Low
3167-SNQPL,No,0.4851267015778951,0,Medium
4091-TVOCN,No,0.0737899318080305,0,Low
1098-TDVUQ,No,0.2414270747280787,0,Low
7277-OZCGZ,No,0.4092630902669363,0,Medium
1557-EMYVT,No,0.07005936236957712,0,Low
2799-ARNLO,No,0.709317781540545,1,High
7563-BIUPC,Yes,0.7239136931313654,1,High
5027-YOCXN,No,0.09033639800442625,0,Low
3973-SKMLN,No,0.003187178485757931,0,Low
2321-OMBXY,Yes,0.03378571612557863,0,Low
2840-XANRC,Yes,0.6895873437914858,1,Medium
6745-JEFZB,No,0.39804607013127785,0,Low
5020-ZSTTY,Yes,0.040647161052702725,0,Low
9880-TDQAC,No,0.023859499273152385,0,Low
8705-WZCYL,No,0.5204732862044263,1,Medium
7102-JJVTX,No,0.0962267178551172,0,Low
8626-PTQGE,No,0.015948627650579746,0,Low
4983-CLMLV,No,0.3183033143331864,0,Low
5701-YVSVF,No,0.6407186878811174,1,Medium
5804-LEPIM,Yes,0.7233448363586181,1,High
5697-GOMBF,No,0.4031665695580969,0,Medium
2739-CACDQ,No,0.5731012120291761,1,Medium
9385-EHGDO,No,0.01515798716456845,0,Low
9498-FIMXL,No,0.11117413816981635,0,Low
2379-GYFLQ,No,0.2266559185007853,0,Low
0122-OAHPZ,Yes,0.7214738067791003,1,High
2868-SNELZ,Yes,0.5926152435771064,1,Medium
4322-RCYMT,Yes,0.029213872293417386,0,Low
6680-NENYN,Yes,0.2648072475723159,0,Low
2088-IEBAU,No,0.027991287301458095,0,Low
7982-VCELR,No,0.432685620441584,0,Medium
1343-EHPYB,Yes,0.44352761179441635,0,Medium
6035-BXTTY,No,0.09404271746668626,0,Low
6885-PKOAM,No,0.012020304610687992,0,Low
7520-HQWJU,No,0.03858549807584457,0,Low
9639-BUJXT,No,0.006828842617274288,0,Low
5924-SNGKP,No,0.01900143975600654,0,Low
0021-IKXGC,No,0.7911026043063886,1,High
2034-GDRCN,Yes,0.7790769382175327,1,High
8966-SNIZF,No,0.0023722181390747345,0,Low
6243-OZGFH,No,0.5393618527843049,1,Medium
4654-DLAMQ,No,0.06766442549901948,0,Low
0513-RBGPE,No,0.023837299733311248,0,Low
5160-UXJED,No,0.10206483040484737,0,Low
4115-NZRKS,No,0.7801243406253947,1,High
0219-YTZUE,Yes,0.5681460930314205,1,Medium
0623-IIHUG,Yes,0.42394695567111673,0,Medium
4572-DVCGN,Yes,0.6000950512653758,1,Medium
3351-NGXYI,No,0.37867911661449777,0,Low
8984-EYLLL,No,0.12838854938563918,0,Low
9057-MSWCO,Yes,0.17300693718837012,0,Low
9833-TGFHX,No,0.22738599668598608,0,Low
9294-TDIPC,No,0.13625612182941227,0,Low
5229-DTFYB,No,0.10992839137105027,0,Low
0104-PPXDV,No,0.02484413573320757,0,Low
5176-LMJXE,No,0.010509082276303566,0,Low
3583-KRKMD,No,0.3861522885504027,0,Low
1010-DIAUQ,Yes,0.5961373642787566,1,Medium
9069-LGEUL,No,0.2145011451598882,0,Low
7302-ZHMHP,No,0.1916732495860829,0,Low
9571-EDEBV,No,0.1854096371918804,0,Low
3520-FJGCV,No,0.043461239791500114,0,Low
6563-VRERX,No,0.021794278530571722,0,Low
0259-GBZSH,Yes,0.793528032098014,1,High
6122-EFVKN,No,0.03239655423520041,0,Low
2805-EDJPQ,No,0.11254979497595645,0,Low
6862-CQUMB,No,0.4253314558161845,0,Medium
7156-MXBJE,No,0.0695407401879587,0,Low
6158-HDPXZ,No,0.48752865423075425,0,Medium
9601-BRXPO,Yes,0.5375176633215534,1,Medium
2863-IMQDR,No,0.022343394987847355,0,Low
5686-CMAWK,No,0.29941590714809346,0,Low
5651-CRHKQ,No,0.10968524303614492,0,Low
6905-NIQIN,Yes,0.3131350543298148,0,Low
8204-YJCLA,No,0.014175247632070596,0,Low
5167-ZFFMM,Yes,0.6861357947810957,1,Medium
6583-SZVGP,No,0.16506514480661022,0,Low
4895-TMWIR,Yes,0.15137847820337588,0,Low
0533-BNWKF,Yes,0.3625748117474162,0,Low
1708-PBBOA,No,0.081212746370377,0,Low
8782-LKFPK,No,0.4379624378494692,0,Medium
5522-JBWMO,No,0.37707658646732234,0,Low
3597-MVHJT,No,0.6087402920732256,1,Medium
9774-NRNAU,No,0.30891011548609676,0,Low
0224-RLWWD,No,0.5434780934405987,1,Medium
9967-ATRFS,No,0.0921925848848338,0,Low
3951-NJCVI,No,0.6341471393887641,1,Medium
2977-CEBSX,No,0.019242898927987712,0,Low
0177-PXBAT,No,0.4367310047316339,0,Medium
6599-CEBNN,Yes,0.30239180135356947,0,Low
2519-ERQOJ,No,0.39921464387146205,0,Low
5876-QMYLD,No,0.0331762948093029,0,Low
2277-AXSDC,No,0.02534080017095819,0,Low
9442-JTWDL,No,0.06272566770754966,0,Low
0979-PHULV,Yes,0.2851845683572095,0,Low
3067-SVMTC,No,0.008847759160870616,0,Low
5495-GPSRW,No,0.03712734599328836,0,Low
7606-BPHHN,No,0.003114150397141597,0,Low
4742-DRORA,No,0.11363476380238478,0,Low
0111-KLBQG,No,0.4642820297826823,0,Medium
4800-VHZKI,Yes,0.25361294059606887,0,Low
7989-CHGTL,Yes,0.25879212052263395,0,Low
0334-GDDSO,Yes,0.7402445647794204,1,High
4163-NCJAK,No,0.02714193066911236,0,Low
5233-AOZUF,No,0.55286236460373,1,Medium
5973-EJGDP,No,0.28355077717061017,0,Low
1996-DBMUS,No,0.2757641160887192,0,Low
7916-VCCPB,No,0.31900489627816864,0,Low
4686-GEFRM,No,0.05539141733559833,0,Low
5249-QYHEX,No,0.016658766618630135,0,Low
0578-SKVMF,Yes,0.42272382925052576,0,Medium
5564-NEMQO,Yes,0.6390925261576121,1,Medium
2233-FAGXV,No,0.23737747882811858,0,Low
5605-IYGFG,No,0.5668716830102701,1,Medium
7663-ZTEGJ,No,0.1530321281087112,0,Low
3935-TBRZZ,No,0.018254363767430868,0,Low
8111-BKVDS,No,0.23856200169707678,0,Low
2055-SIFSS,No,0.08482407089987985,0,Low
2806-MLNTI,No,0.28953332859311626,0,Low
8734-DKSTZ,No,0.6203811200457267,1,Medium
4360-PNRQB,No,0.5513401782529685,1,Medium
6152-ONASV,No,0.012567259589154072,0,Low
9063-ZGTUY,Yes,0.0169189752387812,0,Low
7781-HVGMK,No,0.01169576471268337,0,Low
2181-UAESM,No,0.3159130682292674,0,Low
2957-LOLHO,Yes,0.31812668760421026,0,Low
6048-NJXHX,No,0.020131627959091205,0,Low
2320-SLKMB,No,0.26961623690477593,0,Low
4980-URKXC,No,0.02178857417591775,0,Low
4376-KFVRS,No,0.045838600602723184,0,Low
5886-VLQVU,No,0.4069853508401273,0,Medium
3577-AMVUX,No,0.26543778423815384,0,Low
0771-WLCLA,No,0.5338971485219675,1,Medium
5628-RKIFK,No,0.30879208375935885,0,Low
0206-TBWLC,No,0.14977941873043085,0,Low
2937-FTHUR,No,0.25570904681374523,0,Low
1910-FMXJM,No,0.39994541762753144,0,Low
7752-XUSCI,Yes,0.44899581234222397,0,Medium
4110-PFEUZ,Yes,0.5451279918458871,1,Medium
0732-OCQOC,No,0.00890828334816433,0,Low
5168-MSWXT,No,0.7062140924728522,1,High
1090-ESELR,No,0.021093245754946678,0,Low
8592-PLTMQ,No,0.009154277741474547,0,Low
5760-WRAHC,No,0.18979021172962993,0,Low
8847-GEOOQ,No,0.11203195944057705,0,Low
0256-LTHVJ,Yes,0.49365290571857257,0,Medium
4785-FCIFB,No,0.005503821650343454,0,Low
8313-NDOIA,No,0.6812396522731528,1,Medium
5149-CUZUJ,No,0.13422961398028807,0,Low
0942-KOWSM,No,0.034322758748509465,0,Low
4237-CLSMM,No,0.1892459686729828,0,Low
1452-VOQCH,No,0.7613539000231044,1,High
4719-UMSIY,No,0.1318026868637819,0,Low
6614-VBEGU,No,0.30096869328653625,0,Low
0880-TKATG,Yes,0.7080470588735023,1,High
3811-VBYBZ,Yes,0.7793720151585183,1,High
1480-BKXGA,No,0.06424773673171814,0,Low
2996-XAUVF,No,0.017437046678536218,0,Low
9076-AXYIK,No,0.11691403535799356,0,Low
5968-XQIVE,No,0.14221436371762441,0,Low
8896-RAZCR,No,0.006718619645890792,0,Low
4640-UHDOS,Yes,0.31735192804141105,0,Low
4933-IKULF,No,0.060409794877948564,0,Low
3583-EKAPL,Yes,0.5746868198607527,1,Medium
1304-BCCFO,No,0.47538564864077865,0,Medium
4104-PVRPS,No,0.09621462415189308,0,Low
9399-APLBT,Yes,0.6178310765961346,1,Medium
2359-KMGLI,Yes,0.5550935556746234,1,Medium
3780-DDGSE,No,0.22901571392099332,0,Low
4431-EDMIQ,No,0.2409591032057844,0,Low
0306-JAELE,Yes,0.6918915594283053,1,Medium
6227-HWPWX,Yes,0.3518226488140861,0,Low
0486-LGCCH,No,0.031805355084074186,0,Low
0447-BEMNG,Yes,0.12888006843329483,0,Low
4612-SSVHJ,No,0.6454996523750273,1,Medium
5168-MQQCA,No,0.1377949562011263,0,Low
5949-XIKAE,Yes,0.6229840357338562,1,Medium
7971-HLVXI,No,0.058502188373111476,0,Low
9094-AZPHK,No,0.7304732209401936,1,High
3649-JPUGY,No,0.022809452370211203,0,Low
4472-LVYGI,No,0.1277824656019235,0,Low
8372-JUXUI,Yes,0.720454336501156,1,High
3552-CTCYF,No,0.10108382460882248,0,Low
6778-YSNIH,No,0.5205808280372517,1,Medium
0388-EOPEX,Yes,0.6039617042693632,1,Medium
5756-OZRIO,No,0.046571005166374156,0,Low
6579-JPICP,No,0.1921882471991603,0,Low
8205-OTCHB,Yes,0.21723812337670323,0,Low
4134-BSXLX,No,0.0726013982883555,0,Low
0505-SPOOW,No,0.002410730440877154,0,Low
6235-VDHOM,Yes,0.5145837598197688,1,Medium
7783-YKGDV,Yes,0.5101201409344359,1,Medium
4374-YMUSQ,No,0.1528153164804206,0,Low
4513-CXYIX,No,0.04117018572139896,0,Low
3957-HHLMR,No,0.01806710915052388,0,Low
7803-XOCCZ,No,0.1012102069204068,0,Low
5736-YEJAX,No,0.009921225112015424,0,Low
5609-CEBID,Yes,0.6741354056968776,1,Medium
8981-FJGLA,No,0.5710032046720814,1,Medium
7218-HKQFK,Yes,0.7205699331778739,1,High
4636-QRJKY,Yes,0.5976984650613258,1,Medium
1135-LMECX,No,0.19000940368200772,0,Low
4332-MUOEZ,No,0.1379537145321577,0,Low
8535-SFUTN,No,0.373858601820423,0,Low
5956-VKDTT,Yes,0.7639892122916687,1,High
8677-HDZEE,No,0.30558436604617084,0,Low
2475-MROZF,No,0.24730487235957344,0,Low
9412-GHEEC,Yes,0.34937747147935627,0,Low
3482-ABPKK,No,0.0417964005785779,0,Low
6705-LXORM,No,0.6226712887865374,1,Medium
0257-ZESQC,Yes,0.3344341449611301,0,Low
7531-GQHME,No,0.11510959943735134,0,Low
5174-ITUMV,No,0.2167772561652313,0,Low
4109-CYRBD,No,0.3549939396810086,0,Low
0913-XWSCN,No,0.2194500267855171,0,Low
6825-UYPFK,Yes,0.41124540382909397,0,Medium
8397-MVTAZ,Yes,0.6642922368027552,1,Medium
0750-EBAIU,No,0.1218693893661634,0,Low
8606-CIQUL,No,0.05067772829164981,0,Low
3571-DPYUH,No,0.10527151906643796,0,Low
7601-GNDYK,No,0.010657274649884089,0,Low
0356-OBMAC,No,0.09096955110525742,0,Low
8067-NIOYM,No,0.02196342429952432,0,Low
1403-GYAFU,No,0.0018879668253344783,0,Low
4234-XTNEA,No,0.7448777894198505,1,High
1297-VQDRP,No,0.14941708715486043,0,Low
9282-IZGQK,Yes,0.7959601110600045,1,High
5348-CAGXB,No,0.7319392416599322,1,High
0621-HJWXJ,No,0.1912332717107909,0,Low
5844-QVTAT,No,0.04951664832547015,0,Low
8905-IAZPF,No,0.13017652908602326,0,Low
5394-MEITZ,No,0.01987801087546627,0,Low
6859-QNXIQ,No,0.044626451589988785,0,Low
2782-LFZVW,No,0.47178751851757933,0,Medium
2866-IKBTM,No,0.19072112319576523,0,Low
1342-JPNKI,Yes,0.6679200414371085,1,Medium
2817-NTQDO,Yes,0.29963806859618036,0,Low
7129-AZJDE,No,0.22279274643506236,0,Low
6986-IJDHX,Yes,0.3076823998399844,0,Low
2560-PPCHE,No,0.1456151230470444,0,Low
4676-MQUEA,No,0.1828732591990193,0,Low
8138-EALND,No,0.11189953595950859,0,Low
3580-HYCSP,No,0.05927193088079888,0,Low
1352-HNSAW,No,0.04272604868206345,0,Low
2075-PUEPR,No,0.004016430384564028,0,Low
1982-FEBTD,No,0.03083573284141925,0,Low
5301-GAUUY,Yes,0.40065446198769067,0,Medium
5791-KAJFD,No,0.043087225991600246,0,Low
2654-VBVPB,No,0.17855617593855913,0,Low
1154-HYWWO,No,0.03466178628582317,0,Low
2501-XWWTZ,No,0.5377552417415734,1,Medium
3716-UVSPD,No,0.42924828605983983,0,Medium
6815-ABQFQ,No,0.25333926454550065,0,Low
7343-EOBEU,No,0.3064470603604366,0,Low
3701-SFMUH,No,0.25181592080557985,0,Low
6103-LIANB,No,0.11919794046012401,0,Low
7319-VENRZ,No,0.25425887032410716,0,Low
5846-NEQVZ,No,0.0071285771999595494,0,Low
6967-QIQRV,No,0.2454688086838517,0,Low
5781-RFZRP,No,0.008120395378629096,0,Low
0939-YAPAF,Yes,0.6445733784912095,1,Medium
0308-IVGOK,No,0.18149013896320704,0,Low
7293-LSCDV,No,0.004239261803029973,0,Low
7025-WCBNE,No,0.021132592688018665,0,Low
5756-JYOJT,No,0.12217452107230933,0,Low
4710-FDUIZ,Yes,0.17420936350211907,0,Low
6030-REHUX,No,0.619145210196487,1,Medium
9548-LIGTA,No,0.016896693777854358,0,Low
5150-LJNSR,No,0.16558065446750617,0,Low
8270-RKSAP,No,0.6416402581520678,1,Medium
6522-YRBXD,No,0.49474941122382343,0,Medium
2640-LYMOV,No,0.2498276306535089,0,Low
1218-VKFPE,Yes,0.10424407135727376,0,Low
3627-FHKBK,Yes,0.4360702968402914,0,Medium
2865-TCHJW,Yes,0.80017582441353,1,High
1423-BMPBQ,No,0.219432472785325,0,Low
2393-DIVAI,No,0.23627593152934226,0,Low
5192-EBGOV,Yes,0.8175365303587672,1,High
4568-KNYWR,No,0.02072455770679818,0,Low
8752-IMQOS,No,0.07516600131133211,0,Low
0742-LAFQK,No,0.0769821669403446,0,Low
0795-LAFGP,No,0.015244455362934216,0,Low
0619-OLYUR,No,0.05893132536272917,0,Low
5512-IDZEI,No,0.022953732602333073,0,Low
0459-SPZHJ,No,0.017081163435263204,0,Low
0215-BQKGS,No,0.24870206093757355,0,Low
9244-ZVAPM,No,0.352040920465073,0,Low
0719-SYFRB,Yes,0.23715309889439518,0,Low
8208-EUMTE,No,0.06132069227503558,0,Low
5172-MIGPM,No,0.3566992165502943,0,Low
1710-RCXUS,No,0.20070997345042502,0,Low
0374-FIUCA,No,0.004439982683360641,0,Low
5839-SUYVZ,No,0.39718848128986695,0,Low
5173-ZXXXL,No,0.10339523231058555,0,Low
1096-ADRUX,No,0.08838571275844045,0,Low
2001-MCUUW,No,0.13581243646062233,0,Low
2731-GJRDG,No,0.2503905383873255,0,Low
4723-BEGSG,No,0.012327593221333958,0,Low
6516-NKQBO,No,0.02098876630008253,0,Low
8672-OAUPW,No,0.018442502011639154,0,Low
8207-DMRVL,No,0.03161676677092092,0,Low
3419-SNJJD,Yes,0.23196396970343827,0,Low
6543-CPZMK,Yes,0.47526322852663194,0,Medium
4765-OXPPD,Yes,0.10771841015123458,0,Low
2804-ETQDK,No,0.0024941239473391373,0,Low
6689-VRRTK,No,0.24859365733575162,0,Low
7138-GIRSH,No,0.02584769546306654,0,Low
9396-ZSFLL,No,0.2891939823213748,0,Low
6464-KEXXH,No,0.4745370855002408,0,Medium
7134-MJPDY,No,0.1851433285106407,0,Low
5240-CAOYT,No,0.12650707683127307,0,Low
4059-IIEBK,No,0.5985656388595529,1,Medium
4881-JVQOD,No,0.5105081810780892,1,Medium
0516-UXRMT,No,0.11639681899952317,0,Low
4851-BQDNX,No,0.25596994627068664,0,Low
5148-HKFIR,No,0.02527671495432169,0,Low
1009-IRMNA,Yes,0.14110810118803918,0,Low
3003-CMDUU,No,0.5623234250841156,1,Medium
5016-IBERQ,No,0.47992512007188703,0,Medium
6797-UCJHZ,No,0.15509848904117912,0,Low
2469-DTSGX,No,0.08334870843329936,0,Low
4554-YGZIH,Yes,0.3041410144166612,0,Low
5099-BAILX,Yes,0.37243748632199325,0,Low
9931-KGHOA,No,0.07216368413323884,0,Low
1775-KWJKQ,No,0.009484511356964544,0,Low
7665-VIGUD,No,0.07283053752595114,0,Low
9411-TPQQV,No,0.09189369914499924,0,Low
7207-RMRDB,Yes,0.37258525625017885,0,Low
7954-MLBUN,No,0.11885301525654125,0,Low
2077-DDHJK,No,0.006186445436127418,0,Low
4913-EHYUI,Yes,0.1864049743199266,0,Low
0195-IESCP,Yes,0.7540135289104676,1,High
9574-BOSMD,No,0.00301806115629116,0,Low
4580-TMHJU,Yes,0.13129093312416926,0,Low
0970-ETWGE,Yes,0.7906725644798595,1,High
4908-XAXAY,No,0.17644748823027956,0,Low
8404-VLQFB,No,0.21044038711771382,0,Low
1626-ERCMM,Yes,0.7739754838832846,1,High
0887-HJGAR,Yes,0.4402036138063958,0,Medium
2391-IPLOP,No,0.08067444669983517,0,Low
5644-PDMZC,Yes,0.718385869381565,1,High
3509-GWQGF,No,0.3658303784504121,0,Low
9576-ANLXO,Yes,0.6011129359346132,1,Medium
2024-BASKD,Yes,0.6247578457989236,1,Medium
5845-BZZIB,No,0.010499486735431319,0,Low
1140-UKVZG,No,0.13297554318639454,0,Low
4160-AMJTL,Yes,0.2118670531170714,0,Low
5183-SNMJQ,No,0.5623358722248216,1,Medium
8100-PNJMH,No,0.015416224844512324,0,Low
7838-LAZFO,No,0.049636022562457104,0,Low
4464-JCOLN,Yes,0.08591245334024425,0,Low
2085-JVGAD,No,0.04046640076267353,0,Low
5650-VDUDS,Yes,0.5447632740431176,1,Medium
8095-WANWK,No,0.2694618314271879,0,Low
3030-ZKIWL,No,0.1930260387431444,0,Low
9565-FLVCG,No,0.016361155473222075,0,Low
8755-OGKNA,No,0.0035517686325682797,0,Low
2800-VEQXM,No,0.6090152282595849,1,Medium
7538-GWHML,Yes,0.6116646202823538,1,Medium
5533-RJFTJ,No,0.12896398973211232,0,Low
3859-CVCET,Yes,0.3202241356552518,0,Low
0214-JHPFW,No,0.015412705356527322,0,Low
5642-MHDQT,No,0.011464641697913239,0,Low
3088-FVYWK,No,0.005857104836612854,0,Low
3276-HDUEG,Yes,0.6963345363655505,1,Medium
9092-GDZKO,No,0.1373232822379184,0,Low
0823-HSCDJ,Yes,0.2779688451291145,0,Low
3729-OWRVL,No,0.11514663892135549,0,Low
2324-AALNO,No,0.01722992362879685,0,Low
0822-GAVAP,Yes,0.6888640763063212,1,Medium
5760-IFJOZ,No,0.6482320671831708,1,Medium
2826-UWHIS,No,0.23870056683579313,0,Low
1448-PWKYE,Yes,0.6280369733905612,1,Medium
7501-IWUNG,No,0.02143757241792046,0,Low
4957-TREIR,No,0.2738671890729471,0,Low
7251-LJBQN,No,0.30735391726906525,0,Low
8040-MNRTF,No,0.5392058634629174,1,Medium
1536-HBSWP,No,0.4214763874204426,0,Medium
5313-FPXWG,No,0.022117192619048535,0,Low
0067-DKWBL,Yes,0.4428445055556956,0,Medium
0946-FKYTX,No,0.041583862024984056,0,Low
5076-YVXCM,No,0.2771762353203236,0,Low
8262-COGGB,No,0.25629035503838016,0,Low
6663-JOCQO,No,0.06456333542994361,0,Low
9620-QJREV,No,0.01026300924202666,0,Low
2276-YDAVZ,Yes,0.6607652108416245,1,Medium
2682-KEVRP,No,0.06924709475851636,0,Low
2480-JZOSN,No,0.2555115334010906,0,Low
0078-XZMHT,No,0.025188996618740654,0,Low
5896-NPFWW,Yes,0.4394762835616686,0,Medium
9978-HYCIN,No,0.16264658141441873,0,Low
8338-QIUNR,No,0.006892781000239923,0,Low
1525-LNLOJ,No,0.024058459983346523,0,Low
9450-TRJUU,No,0.4866270519129608,0,Medium
1766-GKNMI,No,0.6267156898689441,1,Medium
6942-LBFDP,No,0.24280786842385457,0,Low
1456-TWCGB,No,0.29315356562132966,0,Low
7133-VBDCG,Yes,0.28773942461931684,0,Low
7596-ZYWBB,No,0.006956338452520026,0,Low
8329-UTMVM,No,0.3714071164303683,0,Low
3014-WJKSM,No,0.3809785483889333,0,Low
3347-YJZZE,No,0.20872888841244144,0,Low
1029-QFBEN,Yes,0.19422769909556384,0,Low
7929-DMBCV,No,0.3860327234655502,0,Low
9661-JALZV,No,0.008314901917963706,0,Low
5433-KYGHE,No,0.34862759088174244,0,Low
4312-KFRXN,No,0.003393412567759946,0,Low
5575-TPIZQ,No,0.31458805470047735,0,Low
0114-IGABW,No,0.014913043626272668,0,Low
9944-AEXBM,No,0.5009654751170471,1,Medium
1853-ARAAQ,No,0.40285635307912887,0,Medium
6952-OMNWB,No,0.21824526204819802,0,Low
4697-LUPSU,No,0.08546340116530149,0,Low
8434-VGEQQ,No,0.0029221068154969975,0,Low
4952-YSOGZ,Yes,0.7423662012781704,1,High
1589-AGTLK,Yes,0.4984348286803003,0,Medium
5244-IRFIH,Yes,0.6998851237777486,1,Medium
6549-YMFAW,No,0.21867698679612244,0,Low
4950-HKQTE,No,0.03081488239063642,0,Low
6786-OBWQR,No,0.6727063328567731,1,Medium
2684-EIWEO,Yes,0.2627892562484378,0,Low
2753-JMMCV,No,0.0197565650956735,0,Low
6439-GTPCA,Yes,0.33922136800899316,0,Low
6621-YOBKI,No,0.16491920607799265,0,Low
1216-JWVUX,No,0.422622856610616,0,Medium
7564-GHCVB,No,0.02034093999492577,0,Low
1173-NOEYG,No,0.44910634770101704,0,Medium
7595-EHCDL,No,0.23708688845178255,0,Low
6647-ZEDXT,No,0.2274607541696193,0,Low
2521-NPUZR,No,0.019198733887973843,0,Low
1307-TVUFB,No,0.359714742220371,0,Low
7503-MIOGA,No,0.020510263517593115,0,Low
4381-MHQDC,No,0.021218725130701027,0,Low
6923-JHPMP,No,0.5843472903466712,1,Medium
5138-WVKYJ,Yes,0.6416606964565859,1,Medium
4018-PPNDW,No,0.00659334599132484,0,Low
1635-FJFCC,No,0.3751142578027951,0,Low
2499-AJYUA,No,0.08169235022938494,0,Low
6919-ELBGL,No,0.05048751631265617,0,Low
3966-HRMZA,No,0.5515601183584037,1,Medium
6425-JWTDV,No,0.007221017030654184,0,Low
8405-IGQFX,No,0.09265773877067465,0,Low
8224-IVVPA,No,0.1374562616861547,0,Low
9477-LGWQI,No,0.01326056120286787,0,Low
1410-RSCMR,No,0.20046514420955075,0,Low
3115-CZMZD,No,0.05027714694225782,0,Low
0139-IVFJG,No,0.5232538314398473,1,Medium
6683-VLCTZ,Yes,0.7629726141603712,1,High
5730-DBDSI,No,0.002865194940311461,0,Low
0030-FNXPP,No,0.17607354965282693,0,Low
2189-WWOEW,Yes,0.45950682199933657,0,Medium
5684-FJVYR,No,0.020154579191839626,0,Low
4013-GUXND,No,0.19123416781133978,0,Low
1894-IGFSG,Yes,0.5715681388926047,1,Medium
7379-POKDZ,Yes,0.6949310079627614,1,Medium
1266-NZYUI,No,0.004717646613943965,0,Low
7969-FFOWG,No,0.002668625136319419,0,Low
4718-DHSMV,No,0.520387436566361,1,Medium
5175-WLYXL,No,0.4941402139918262,0,Medium
7817-OMJNA,No,0.05726935283523416,0,Low
8728-SKJLR,No,0.30349222370214596,0,Low
3137-NYQQI,No,0.09962707909707001,0,Low
7706-DZNKK,No,0.1638161239672442,0,Low
0236-HFWSV,Yes,0.7738732861838313,1,High
3900-AQPHZ,Yes,0.18989098161131981,0,Low
5842-POCOP,Yes,0.5542605552196344,1,Medium
2037-XJFUP,Yes,0.41317970684159805,0,Medium
8823-RLPWL,No,0.07076377351852324,0,Low
9505-SQFSW,No,0.42130500665936843,0,Medium
7314-OXENN,Yes,0.7168474656549166,1,High
3758-CKOQL,No,0.08860750856145029,0,Low
0322-CHQRU,Yes,0.41615484345778586,0,Medium
5676-CFLYY,No,0.012871560215258314,0,Low
7521-AFHAB,No,0.271502753649366,0,Low
0285-INHLN,No,0.10667009803461494,0,Low
4678-DVQEO,Yes,0.41286877921587495,0,Medium
5125-CNDSP,No,0.014539911178198764,0,Low
0691-IFBQW,Yes,0.31135430702780276,0,Low
4992-LTJNE,No,0.006278656694136989,0,Low
2202-OUTMO,No,0.11217088336708825,0,Low
0810-BDHAW,No,0.13958999701224356,0,Low
0229-LFJAF,No,0.005309739686986834,0,Low
7131-ZQZNK,No,0.01351858066776902,0,Low
3442-ZHHCC,No,0.0304260910432369,0,Low
5726-CVNYA,No,0.05041851186250743,0,Low
9871-ELEYA,No,0.01760673241176151,0,Low
4257-GAESD,No,0.5192022154301431,1,Medium
5173-WXOQV,No,0.36460533931086275,0,Low
2040-OBMLJ,No,0.1581988541702941,0,Low
6286-ZHAOK,No,0.12570310771766713,0,Low
3807-XHCJH,No,0.20632335057050386,0,Low
3009-JWMPU,Yes,0.3117070457981991,0,Low
5671-RQRLP,No,0.061265411945475454,0,Low
1450-GALXR,Yes,0.7301774172118017,1,High
8859-AXJZP,No,0.01769386230683694,0,Low
3174-AKMAS,No,0.026848573237387426,0,Low
3138-BKYAV,Yes,0.6809462982218137,1,Medium
9926-PJHDQ,No,0.02732616739941119,0,Low
7382-DFJTU,No,0.14668342839582932,0,Low
2798-NYLMZ,No,0.05886403802838958,0,Low
4289-DTDKW,Yes,0.5914430331823646,1,Medium
1820-TQVEV,Yes,0.7074995616967403,1,High
2239-JALAW,Yes,0.23212102066475684,0,Low
4853-RULSV,Yes,0.05783225028785082,0,Low
8098-TDCBU,No,0.017887486021297153,0,Low
3551-GAEGL,No,0.05146736533710849,0,Low
4785-NKHCX,No,0.17585960086472013,0,Low
3196-NVXLZ,No,0.5741060440229064,1,Medium
6275-YDUVO,Yes,0.663210347790701,1,Medium
0036-IHMOT,No,0.11718529311640127,0,Low
0115-TFERT,Yes,0.624292929255963,1,Medium
4178-EGMON,No,0.025075918150924085,0,Low
4220-TINQT,No,0.41106857848422945,0,Medium
5318-YKDPV,No,0.02695364609046921,0,Low
7975-TZMLR,No,0.3753709706710347,0,Low
0295-QVKPB,No,0.3414371302683504,0,Low
4335-BSMJS,No,0.006747384693065681,0,Low
2311-QYMUQ,Yes,0.44926026236592287,0,Medium
3643-AHCFP,Yes,0.7692743753902431,1,High
9146-JRIOX,No,0.12336920382346671,0,Low
3104-OWCGK,Yes,0.10296602381706417,0,Low
5337-IIWKZ,No,0.24647143794073878,0,Low
9101-BWFSS,Yes,0.1629760765176119,0,Low
9650-VBUOG,No,0.011563058027476848,0,Low
3487-EARAT,No,0.008740775780369118,0,Low
2672-TGEFF,No,0.47926638465620336,0,Medium
9231-ZJYAM,Yes,0.7575536434032681,1,High
4250-WAROZ,No,0.279851280174903,0,Low
8184-WMOFI,No,0.012995908345213513,0,Low
6982-SSHFK,Yes,0.35626575131113253,0,Low
6092-QZVPP,No,0.13419664646192128,0,Low
4625-LAMOB,No,0.007741704222830386,0,Low
0727-BMPLR,Yes,0.3768978015863445,0,Low
0392-BZIUW,No,0.07597853244091028,0,Low
1038-ZAGBI,Yes,0.050864998937648696,0,Low
6549-NNDYT,No,0.3233672288712802,0,Low
3027-ZTDHO,Yes,0.7897795024269336,1,High
0422-OHQHQ,No,0.04742015269895225,0,Low
6916-HIJSE,No,0.014097534114109024,0,Low
2316-ESMLS,No,0.09106584919480792,0,Low
9778-OGKQZ,No,0.017368103515413562,0,Low
7408-OFWXJ,No,0.00917200820274566,0,Low
6007-TCTST,No,0.04506138336529317,0,Low
2252-NKNSI,No,0.026100544468376664,0,Low
8713-IGZSO,No,0.23425289800585802,0,Low
7905-TVXTA,No,0.34328396385851695,0,Low
7695-PKLCZ,No,0.002522652846906757,0,Low
2382-BCKQJ,Yes,0.26374214938548446,0,Low
8374-UULRV,No,0.011215574000928662,0,Low
2207-NHRJK,Yes,0.38239603527357213,0,Low
3224-DFQNQ,No,0.05558003403883173,0,Low
5275-PMFUT,No,0.011858223844135424,0,Low
4795-UXVCJ,No,0.032582368909396885,0,Low
9777-IQHWP,No,0.037809795109716604,0,Low
0947-MUGVO,Yes,0.5606393845186459,1,Medium
9944-HKVVB,Yes,0.7446407254660649,1,High
4124-MMETB,Yes,0.6436447609014313,1,Medium
3671-SHRSP,Yes,0.5164958022413688,1,Medium
0979-MOZQI,No,0.02260940261161149,0,Low
2732-ISEZX,No,0.21873685082780203,0,Low
3313-QKNKB,Yes,0.18757618425329692,0,Low
0323-XWWTN,No,0.08121057069421551,0,Low
1937-OTUKY,No,0.04041265824036638,0,Low
1573-LGXBA,No,0.1482366287614528,0,Low
1764-VUUMT,No,0.0022207932392977977,0,Low
5073-WXOYN,Yes,0.1902187822158156,0,Low
4713-ZBURT,No,0.12619468234143114,0,Low
3050-GBUSH,No,0.5846057943643799,1,Medium
0207-MDKNV,Yes,0.4280906536125127,0,Medium
7876-AEHIG,No,0.03536146725212935,0,Low
7945-HLKEA,No,0.025427972815991406,0,Low
9342-VNIMQ,No,0.19028862020232237,0,Low
9851-KIELU,Yes,0.5147668728937509,1,Medium
3523-BRGUW,No,0.0382566104533923,0,Low
3908-BLSYF,Yes,0.6272137880292766,1,Medium
3199-NPKCN,No,0.16753292234391617,0,Low
5170-PTRKA,No,0.027998010317513276,0,Low
4661-NJEUX,No,0.2574656791627369,0,Low
2123-AGEEN,No,0.732756254047735,1,High
1258-YMZNM,No,0.3359592972283182,0,Low
0048-LUMLS,No,0.18548735254542256,0,Low
7549-MYGPK,Yes,0.22365234095056385,0,Low
5898-IGSLP,No,0.24146069802721953,0,Low
3804-RVTGV,Yes,0.3670699067021927,0,Low
6259-WJQLC,No,0.4604691418847285,0,Medium
9227-LUNBG,Yes,0.5615632373430474,1,Medium
7997-EASSD,No,0.08566090329983761,0,Low
0730-KOAVE,No,0.3767597048704563,0,Low
8975-SKGRX,No,0.05743279934844978,0,Low
0678-RLHVP,No,0.1538719532813971,0,Low
4315-MURBD,Yes,0.4516766758038371,0,Medium
2267-FPIMA,No,0.2712447753892855,0,Low
1051-GEJLJ,No,0.18337965458396863,0,Low
9734-YWGEX,Yes,0.6378907365817906,1,Medium
2719-BDAQO,Yes,0.5197552818969335,1,Medium
5285-MVEHD,No,0.1344044008361518,0,Low
0379-DJQHR,No,0.010019031123914966,0,Low
0781-LKXBR,Yes,0.8155323069569184,1,High
5543-QDCRY,No,0.5421845858644672,1,Medium
0297-RBCSG,No,0.1221168873839371,0,Low
4694-PHWFW,No,0.11940287000602551,0,Low
0835-JKADZ,No,0.10834398998092622,0,Low
1907-UBQFC,Yes,0.6378091856952381,1,Medium
7508-SMHXL,No,0.5321280934812941,1,Medium
3865-YIOTT,No,0.12040451146178466,0,Low
5993-BQHEA,No,0.06146683771707826,0,Low
6024-RUGGH,No,0.0037274402336224624,0,Low
6513-EECDB,Yes,0.7946810484683894,1,High
3956-CJUST,No,0.36011484987267456,0,Low
4079-WWQQQ,No,0.015054397214668492,0,Low
6103-BOCOU,No,0.5741726183623521,1,Medium
5149-TGWDZ,No,0.3084145561100757,0,Low
7471-WNSUF,No,0.010614313323974084,0,Low
8942-DBMHZ,No,0.12535976263884654,0,Low
4301-VVZKA,No,0.6613293368443344,1,Medium
9199-PWQVC,No,0.04908351552918133,0,Low
4824-GUCBY,No,0.33921679281994377,0,Low
5393-HJZSM,No,0.05945356325236814,0,Low
7074-IEVOJ,Yes,0.7404993843362865,1,High
9625-QSTYE,Yes,0.5520211138804311,1,Medium
0862-PRCBS,No,0.06254314941186624,0,Low
8812-ZRHFP,No,0.2381547715509275,0,Low
5146-CBVOE,No,0.3589488026141732,0,Low
0454-OKRCT,No,0.05719104226606168,0,Low
5787-KXGIY,No,0.0021326925576984077,0,Low
4750-ZRXIU,Yes,0.8062419358049561,1,High
4198-VFOEA,No,0.1638776938745554,0,Low
6630-UJZMY,No,0.8112114611760551,1,High
5709-LVOEQ,No,0.08857363064444314,0,Low
6400-BWQKW,Yes,0.6351119276451678,1,Medium
2692-AQCPF,No,0.15399839691211192,0,Low
0347-UBKUZ,No,0.10964653907997768,0,Low
0835-DUUIQ,No,0.029058184139702233,0,Low
0811-GSDTP,No,0.3339066239384858,0,Low
7567-ECMCM,No,0.4892715433960824,0,Medium
6115-ZTBFQ,No,0.010700939197090696,0,Low
6353-BRMMA,No,0.26588204656162484,0,Low
6680-WKXRZ,Yes,0.5802588761851243,1,Medium
6231-WFGFH,No,0.19637555651629823,0,Low
9904-EHEVJ,No,0.5005335961534001,1,Medium
7028-DVOIQ,Yes,0.6800880415442766,1,Medium
6169-PPETC,No,0.009915596667479366,0,Low
4208-UFFGW,Yes,0.37897573639200505,0,Low
8584-KMVXD,No,0.5119658555061144,1,Medium
8467-WYNSR,No,0.09997818942539073,0,Low
0851-DFJKB,No,0.1612976960857836,0,Low
5382-SOYZL,No,0.7333050092657794,1,High
9448-REEVD,Yes,0.3362170197041568,0,Low
3261-CQXOL,No,0.0026465955505082144,0,Low
8388-FYNPZ,No,0.28963994946832705,0,Low
4002-BQWPQ,No,0.12046662835317183,0,Low
5651-YLPRD,No,0.42796834465937494,0,Medium
2826-DXLQO,No,0.3462177866816716,0,Low
4378-BZYFP,No,0.07671248921454006,0,Low
9489-UTFKA,No,0.275409118308835,0,Low
4849-PYRLQ,No,0.016762790652163934,0,Low
9117-SHLZX,Yes,0.4402036138063958,0,Medium
9889-TMAHG,Yes,0.42327175256988736,0,Medium
4541-RMRLG,Yes,0.1988044792992906,0,Low
7764-BDPEE,No,0.1467411217299899,0,Low
3429-IFLEM,No,0.00552811128918987,0,Low
3158-MOERK,Yes,0.8229700611328126,1,High
7294-TMAOP,Yes,0.7149904980922248,1,High
5002-GCQFH,No,0.28109497323975546,0,Low
0556-FJEGU,No,0.012621096242293017,0,Low
8919-FYFQZ,Yes,0.22113119355528277,0,Low
0604-THJFP,No,0.019215278357029027,0,Low
2834-JRTUA,Yes,0.08386927670240127,0,Low
5875-YPQFJ,Yes,0.7063834269006884,1,High
5879-SESNB,No,0.6086518241430927,1,Medium
6646-QVXLR,Yes,0.3163522685107438,0,Low
6461-PPAXN,No,0.0348439375810697,0,Low
3318-ISQFQ,No,0.1165482771600921,0,Low
1106-HRLKZ,No,0.00851559841293813,0,Low
2483-XSSMZ,No,0.07336955025718855,0,Low
8603-IJWDN,Yes,0.7956242363279329,1,High
8165-ZJRNM,No,0.002505006420072866,0,Low
9369-XFEHK,Yes,0.42632674176999014,0,Medium
2604-XVDAM,No,0.24486629470631957,0,Low
3717-OFRTN,No,0.18223318553729087,0,Low
9046-JBFWA,No,0.05488542236267257,0,Low
3280-NMUVX,No,0.018937322837625187,0,Low
1206-EHBDD,No,0.030439057809397665,0,Low
8361-LBRDI,No,0.005657990511853965,0,Low
4883-KCPZJ,No,0.02290242972043987,0,Low
9108-EQPNQ,No,0.03799689410676222,0,Low
7277-KAMWT,No,0.03181778455847229,0,Low
3842-IYKUE,Yes,0.21746028567404052,0,Low
6641-XRPSU,Yes,0.3315004930757457,0,Low
1374-DMZUI,Yes,0.8411099328302357,1,High
2545-LXYVJ,No,0.002244479969399715,0,Low
3234-VKACU,No,0.4347420616596019,0,Medium
8357-EQXFO,Yes,0.7458852281462548,1,High
1989-PRJHP,Yes,0.6028399537149286,1,Medium
8120-JDCAM,No,0.5666459266104326,1,Medium
8917-FAEMR,No,0.01173540979066699,0,Low
7047-YXDMZ,No,0.08655478554114159,0,Low
2858-EIMXH,No,0.29381992834263626,0,Low
9524-EGPJC,Yes,0.6152207681390682,1,Medium
6993-OHLXR,Yes,0.6128765923605927,1,Medium
8818-XYFCQ,Yes,0.4268158824307088,0,Medium
6419-ZTTLE,No,0.0917907513889581,0,Low
0929-HYQEW,No,0.32413131050556654,0,Low
6614-YOLAC,No,0.008738368197387504,0,Low
7426-RHZGU,No,0.5770046920060007,1,Medium
4065-JJAVA,No,0.3817937628489066,0,Low
4695-VADHF,Yes,0.28348575693037925,0,Low
3863-IUBJR,Yes,0.14606088936143927,0,Low
7649-SIJJF,No,0.012799477765167593,0,Low
9361-YNQWJ,No,0.012208417637895184,0,Low
3748-FVMZZ,No,0.5884113416119442,1,Medium
9391-TTOYH,No,0.11010535916408423,0,Low
1452-XRSJV,No,0.05484508151197493,0,Low
3422-WJOYD,No,0.04243460103849845,0,Low
8242-SOQUO,No,0.7154936012815609,1,High
7460-ITWWP,No,0.45352498138517156,0,Medium
7147-AYBAA,No,0.33179084384236224,0,Low
7868-TMWMZ,No,0.059709163899980267,0,Low
4822-RVYBB,Yes,0.8194959733175291,1,High
6732-FZUGP,No,0.13240828194372678,0,Low
8436-BJUMM,Yes,0.594978014355134,1,Medium
4184-TJFAN,Yes,0.46983248211083467,0,Medium
8329-GWVPJ,No,0.19415925943675374,0,Low
1352-VHKAJ,No,0.20399120580273922,0,Low
4145-UQXUQ,Yes,0.775626083383841,1,High
2632-TACXW,No,0.004909389094365107,0,Low
8146-QQKZH,No,0.009458240285972211,0,Low
1767-CJKBA,No,0.004509710526803668,0,Low
6445-TNRXS,No,0.049542775238531025,0,Low
4581-LNWUM,No,0.5462127301164399,1,Medium
4869-EPIUS,No,0.2054653654350509,0,Low
9948-YPTDG,Yes,0.28804831852852436,0,Low
1236-WFCDV,Yes,0.5709885818798982,1,Medium
1915-OAKWD,No,0.06051580936759752,0,Low
7296-PIXQY,No,0.45968711520212757,0,Medium
4883-QICIH,Yes,0.3181892985021484,0,Low
3354-OADJP,No,0.08009693099393345,0,Low
3524-WQDSG,No,0.4433102712573104,0,Medium
0810-DHDBD,No,0.03055984743011774,0,Low
4026-SKKHW,No,0.33484717172809003,0,Low
2829-HYVZP,No,0.0456343664828928,0,Low
8329-IBCTI,Yes,0.19048365721014876,0,Low
1271-SJBGZ,Yes,0.5400892382769258,1,Medium
3845-JHAMY,No,0.3929161957880408,0,Low
7013-PSXHK,No,0.12980030049494626,0,Low
5669-SRAIP,Yes,0.5659047671817902,1,Medium
5981-ITEMU,Yes,0.5140335301848977,1,Medium
3486-NPGST,No,0.022411961363195728,0,Low
6941-PMGEP,Yes,0.7208406152352508,1,High
1624-WOIWJ,Yes,0.5150940069971961,1,Medium
2074-GKOWZ,Yes,0.6710327774166842,1,Medium
0376-YMCJC,Yes,0.576113269002941,1,Medium
6100-FJZDG,No,0.03970967731453598,0,Low
4829-ZLJTK,No,0.11457119709075289,0,Low
1730-VFMWO,No,0.08870611987325462,0,Low
7143-BQIBA,No,0.17606570649068604,0,Low
3800-LYTRK,No,0.06824845411670659,0,Low
0634-SZPQA,Yes,0.4772622561460848,0,Medium
9646-NMHXE,No,0.007753907419214589,0,Low
7030-NJVDP,No,0.4125407813982594,0,Medium
5536-RTPWK,Yes,0.43367071621784353,0,Medium
8883-GRDWQ,No,0.06522271736721083,0,Low
6166-ILMNY,Yes,0.5171812011730054,1,Medium
3097-NNSPB,Yes,0.36379652174168714,0,Low
7771-ZONAT,No,0.09741418418085983,0,Low
0655-RBDUG,Yes,0.7403017738553381,1,High
2111-DWYHN,No,0.1905209844773071,0,Low
4194-WHFCB,No,0.1833028471700821,0,Low
4121-AGSIN,No,0.012784140764748684,0,Low
4361-BKAXE,Yes,0.3032173878742683,0,Low
9845-PEEKO,No,0.07360715534274262,0,Low
0455-XFASS,No,0.6423319253405825,1,Medium
0301-KOBTQ,No,0.019791223221959208,0,Low
1751-NCDLI,No,0.6194655146815569,1,Medium
4367-NUYAO,No,0.0665634755514202,0,Low
9878-TNQGW,Yes,0.7414775816049819,1,High
9170-ARBTB,No,0.00808423983441613,0,Low
4441-NIHPT,Yes,0.6361402625892558,1,Medium
8999-BOHSE,Yes,0.6005351900553512,1,Medium
7241-AJHFS,No,0.19805270167752947,0,Low
7029-RPUAV,Yes,0.7003780514276611,1,High
4546-FOKWR,No,0.5516998076868961,1,Medium
9036-CSKBW,No,0.15104377294099602,0,Low
5832-TRLPB,No,0.13067027264887762,0,Low
8590-YFFQO,No,0.004002456217958896,0,Low
8659-IOOPU,No,0.03447618803371921,0,Low
1338-CECEE,No,0.06595148795362786,0,Low
7439-DKZTW,No,0.7486551683598158,1,High
4646-QZXTF,No,0.21676847160890536,0,Low
4607-CHPCA,Yes,0.421548639542335,0,Medium
9742-XOKTS,No,0.04468083591664649,0,Low
6921-OZMFH,No,0.33407225509356636,0,Low
9578-FOMUK,No,0.20908337303570976,0,Low
4712-UYOOI,No,0.0976960412360985,0,Low
8824-RWFXJ,Yes,0.3223195715409633,0,Low
7722-CVFXN,No,0.22049799504293063,0,Low
8717-VCTXJ,No,0.025658889054493504,0,Low
7363-QTBIW,No,0.7010568199473399,1,High
4159-NAAIX,No,0.0850895985348431,0,Low
0971-QIFJK,No,0.0035910502642474457,0,Low
9397-TZSHA,No,0.0034206794392374618,0,Low
3391-JSQEW,No,0.129075705449118,0,Low
0343-QLUZP,No,0.010571889916868879,0,Low
9763-PDTKK,Yes,0.4434753369174707,0,Medium
2176-LVPNX,No,0.01441017984386207,0,Low
7627-JKIAZ,Yes,0.3828074370625866,0,Low
3312-UUMZW,No,0.5447483485419057,1,Medium
1271-UODNO,No,0.04013680333655993,0,Low
8461-EFQYM,No,0.05513076941764536,0,Low
6900-RBKER,No,0.12394828896413145,0,Low
6891-JPYFF,No,0.2876020613777193,0,Low
1459-QNFQT,No,0.009817835010528159,0,Low
1047-NNCBF,No,0.3640442566662702,0,Low
3696-XRIEN,No,0.0646777070461524,0,Low
4081-DYXAV,Yes,0.3183624447741107,0,Low
0074-HDKDG,No,0.06130729362221931,0,Low
8791-GFXLZ,No,0.2890329531625256,0,Low
8111-SLLHI,Yes,0.6400034293796237,1,Medium
0927-LCSMG,Yes,0.4906881762359836,0,Medium
9330-DHBFL,No,0.0491789785991451,0,Low
0098-BOWSO,No,0.12487568498524243,0,Low
3452-ABWRL,No,0.40830759609916734,0,Medium
5859-HZYLF,No,0.021058114065474257,0,Low
8257-RZAHR,Yes,0.336333144783012,0,Low
5293-WXJAK,Yes,0.6673004129943025,1,Medium
3156-QLHBO,No,0.15612871860952648,0,Low
2208-NQBCT,No,0.23715213153736667,0,Low
1779-PWPMG,No,0.06323466936486806,0,Low
6621-NRZAK,No,0.0025464822229775913,0,Low
0831-JNISG,No,0.002018103907862305,0,Low
0774-IFUVM,No,0.312954137059993,0,Low
3082-WQRVY,No,0.07207422225401512,0,Low
9553-DLCLU,No,0.05140901367136242,0,Low
1641-BYBTK,No,0.17901917464018377,0,Low
2460-NGXBJ,No,0.5843777542357935,1,Medium
2446-ZKVAF,No,0.22555851993059556,0,Low
0841-NULXI,Yes,0.7003299982176,1,High
3522-CDKHF,No,0.26805799651831225,0,Low
1430-SFQSA,No,0.061300759353678604,0,Low
0411-EZJZE,No,0.6188900605135387,1,Medium
7851-WZEKY,Yes,0.825627871046177,1,High
8844-TONUD,Yes,0.5931556865511568,1,Medium
8807-ARQET,No,0.2678666289247897,0,Low
8992-CEUEN,No,0.24487505679581517,0,Low
4320-QMLLA,No,0.35252875990888916,0,Low
8777-PVYGU,No,0.04838225742178288,0,Low
8292-ITGYJ,No,0.01237729830848992,0,Low
6870-ZWMNX,No,0.011756302604478939,0,Low
0621-CXBKL,No,0.005602233629020207,0,Low
5268-DSMNQ,No,0.16866715805486515,0,Low
5334-JLAXU,No,0.19997677789031565,0,Low
4086-YQSNZ,Yes,0.7634648993307978,1,High
6242-MBHPK,No,0.6065930809144643,1,Medium
5868-CZJDR,Yes,0.47661640546457906,0,Medium
9359-UGBTK,No,0.01981191423017915,0,Low
0135-NMXAP,Yes,0.6151572295702503,1,Medium
4782-OSFXZ,No,0.013656109122683972,0,Low
6479-OAUSD,No,0.03458161698202674,0,Low
7129-ACFOG,No,0.44589172691831486,0,Medium
4189-NAKJS,No,0.14839270992481182,0,Low
5562-BETPV,No,0.08994543748866766,0,Low
1282-IHQAC,No,0.0420181334420455,0,Low
9127-FHJBZ,No,0.06255748776177344,0,Low
6270-OMFIW,Yes,0.22347447597489245,0,Low
1641-RQDAY,No,0.6191676056104038,1,Medium
0107-WESLM,Yes,0.3213264241988475,0,Low
6994-ORCWG,No,0.21194928569749116,0,Low
1346-UFHAX,No,0.4764308150218378,0,Medium
3992-YWPKO,Yes,0.6119220141077267,1,Medium
2933-XEUJM,No,0.04075299974446051,0,Low
0125-LZQXK,Yes,0.6238202315009165,1,Medium
5461-QKNTN,No,0.4412883443346222,0,Medium
4835-YSJMR,No,0.029423057430488703,0,Low
8399-YNDCH,Yes,0.326479413965033,0,Low
3164-YAXFY,No,0.1828129744000414,0,Low
0887-WBJVH,No,0.21990002923710997,0,Low
4660-IRIBM,No,0.4039641345340813,0,Medium
5673-FSSMF,Yes,0.6367858793097418,1,Medium
7670-ZBPOQ,No,0.025542893420107193,0,Low
8089-UZWLX,No,0.08800218165226209,0,Low
0080-OROZO,No,0.3241946766960297,0,Low
3916-NRPAP,No,0.5493920137140849,1,Medium
6807-SIWJI,No,0.33329237112271143,0,Low
8221-HVAYI,No,0.022777493852180402,0,Low
1579-KLYDT,Yes,0.7588935566875178,1,High
5232-NXPAY,No,0.030332768759339088,0,Low
8967-SZQAS,No,0.2700892113527332,0,Low
4468-KAZHE,No,0.3968386434681659,0,Low
0455-ENTCR,No,0.01978568542369884,0,Low
8944-AILEF,No,0.14519808529684558,0,Low
5542-NKVRU,No,0.012221662254841566,0,Low
7126-RBHSD,No,0.4642607122493134,0,Medium
5370-IIVVL,No,0.26425887044392876,0,Low
6789-HJBWG,No,0.3681917520555606,0,Low
3927-NLNRY,Yes,0.19137146336351668,0,Low
9087-EYCPR,No,0.005727052280442157,0,Low
6791-YBNAK,No,0.24495605331624518,0,Low
6358-LYNGM,Yes,0.7619127979293954,1,High
6077-BDPXA,No,0.6852800275012797,1,Medium
0013-MHZWF,No,0.31127411899159757,0,Low
5494-HECPR,Yes,0.7452636860917069,1,High
8268-YDIXR,No,0.14065532853557267,0,Low
9824-BEMCV,Yes,0.5304523563061859,1,Medium
1373-ORVIZ,Yes,0.4039130239815514,0,Medium
4291-SHSBH,No,0.6640876954739394,1,Medium
6980-IMXXE,No,0.0020207564441592097,0,Low
9866-QEVEE,Yes,0.5987640972264436,1,Medium
9897-KXHCM,Yes,0.6910577799598819,1,Medium
0040-HALCW,No,0.0039767776360185815,0,Low
0784-GTUUK,No,0.01335002540002224,0,Low
7979-CORPM,Yes,0.5301055289148324,1,Medium
2294-DMMUS,No,0.1222798618809234,0,Low
0872-JCPIB,No,0.23479567297616966,0,Low
3055-MJDSB,No,0.49092756802970416,0,Medium
9091-WTUUY,No,0.007102619052200591,0,Low
1618-CFHME,Yes,0.7483481288294467,1,High
3165-HDOEW,Yes,0.3903028004373696,0,Low
6581-NQCBA,Yes,0.5292394749513606,1,Medium
7115-IRDHS,No,0.0031998152603104468,0,Low
8496-DMZUK,No,0.14446691044722218,0,Low
2040-VZIKE,No,0.3785913418009263,0,Low
9068-VPWQQ,No,0.01289590946384901,0,Low
0178-SZBHO,No,0.31856929336239875,0,Low
0384-RVBPI,No,0.16739657782549747,0,Low
1689-MRZQR,Yes,0.36407347097589154,0,Low
1299-AURJA,No,0.0027361408239312763,0,Low
4525-VZCZG,No,0.12313923877884911,0,Low
1543-LLLFT,No,0.15586291620231513,0,Low
5835-BEQEU,Yes,0.7435686015981717,1,High
2788-CJQAQ,No,0.06530857649046308,0,Low
5565-FILXA,Yes,0.782512120543302,1,High
0319-QZTCO,No,0.3615403691902286,0,Low
2120-SMPEX,No,0.10304145767511734,0,Low
0096-FCPUF,No,0.23174370494358204,0,Low
0668-OGMHD,No,0.26488812751023444,0,Low
5552-ZNFSJ,Yes,0.42628100231415333,0,Medium
2223-KAGMX,Yes,0.10255642087362334,0,Low
6507-ZJSUR,No,0.6963368133321354,1,Medium
9408-HRXRK,No,0.40130208990451766,0,Medium
5593-SUAOO,No,0.19511381150248,0,Low
7321-PKUYW,Yes,0.5772711410909059,1,Medium
2833-SLKDQ,Yes,0.35397447470192617,0,Low
6766-HFKLA,No,0.08560624112690911,0,Low
7595-EUIVN,Yes,0.5733498801057092,1,Medium
7617-EYGLW,No,0.24734750513229528,0,Low
2026-TGDHM,Yes,0.7074776861398082,1,High
9220-ZNKJI,No,0.05075026698534297,0,Low
4030-VPZBD,Yes,0.544826248795806,1,Medium
2226-ICFDO,No,0.014143866705964155,0,Low
0723-VSOBE,No,0.12520983521807078,0,Low
5529-GIBVH,No,0.00748814921964839,0,Low
4187-CINZD,Yes,0.18243865355930614,0,Low
9992-UJOEL,No,0.3893631260327689,0,Low
4741-WWJQZ,No,0.5118079134182114,1,Medium
6625-UTXEW,No,0.3665073083453653,0,Low
6818-WOBHJ,Yes,0.2599532061008727,0,Low
6244-BESBM,No,0.04968545045396486,0,Low
1004-NOZNR,No,0.09420124644850854,0,Low
1251-STYSZ,No,0.6802880508284385,1,Medium
2612-PHGOX,No,0.021310548604405878,0,Low
2408-TZMJL,Yes,0.23138867069811778,0,Low
8480-PPONV,No,0.03947466921911059,0,Low
8780-IHCRN,No,0.0037791791505088516,0,Low
4598-ZADCK,No,0.05495720905674145,0,Low
1257-SXUXQ,No,0.14028248394131462,0,Low
9681-KYGYB,No,0.3115263460483803,0,Low
7182-OVLBJ,No,0.08489571520736325,0,Low
5095-ETBRJ,No,0.007375518012133509,0,Low
7005-CYUIL,No,0.04615543331300529,0,Low
4821-WQOYN,No,0.002394863116916148,0,Low
4730-AWNAU,No,0.061195316923218494,0,Low
3452-FLHYD,No,0.05086761881339906,0,Low
2388-LAESQ,No,0.06283323664191365,0,Low
9531-NSBMR,No,0.030430379722153747,0,Low
6260-ONULR,No,0.562180463344196,1,Medium
4389-UEFCZ,No,0.10883801457477557,0,Low
8711-LOBKY,No,0.0035357776041020444,0,Low
9134-CEQMF,Yes,0.7905969147611088,1,High
8985-OOPOS,No,0.2022585784527851,0,Low
8800-ZKRFW,No,0.5180924456979216,1,Medium
2616-FLVQC,No,0.0034162343549138594,0,Low
9968-FFVVH,No,0.013325989419116762,0,Low
3108-PCCGG,No,0.017191288052192957,0,Low
7993-PYKOF,Yes,0.46798898642804554,0,Medium
8390-FESFV,No,0.021671944955801208,0,Low
3022-BEXHZ,No,0.07095329043834427,0,Low
5027-XWQHA,Yes,0.3796196138041802,0,Low
6248-TKCQV,No,0.014570054997895631,0,Low
6729-GDNGC,No,0.46111503335961224,0,Medium
6198-ZFIOJ,No,0.6524902000939695,1,Medium
5989-OMNJE,No,0.15723246329509227,0,Low
4566-QVRRW,Yes,0.4217409134363501,0,Medium
1291-CUOCY,No,0.07423487238876637,0,Low
9795-SHUHB,No,0.005052677605760062,0,Low
3230-IUALN,No,0.025540135170011878,0,Low
0042-RLHYP,No,0.0020292358714613387,0,Low
8519-IMDHU,Yes,0.6762683662342829,1,Medium
4945-RVMTE,No,0.2406923367122063,0,Low
0201-OAMXR,Yes,0.0700332492735901,0,Low
1866-NXPSP,No,0.050869574787801776,0,Low
3372-KWFBM,Yes,0.7347940318175998,1,High
7831-QGOXH,Yes,0.6966462632638664,1,Medium
6393-WRYZE,Yes,0.645573781786679,1,Medium
3941-XTSKM,No,0.09182824916898567,0,Low
1661-CZBAU,No,0.053375388380373,0,Low
6599-RCLCJ,Yes,0.46370095167072883,0,Medium
9831-BPFRI,Yes,0.183588913388118,0,Low
5158-RIVOP,No,0.027417023935230354,0,Low
9788-YTFGE,No,0.20853532626112917,0,Low
9277-JOOMO,No,0.22297393579497057,0,Low
1907-YLNYW,No,0.3936006776365611,0,Low
1725-MIMXW,Yes,0.2184210125416974,0,Low
8947-YRTDV,No,0.12004375175314529,0,Low
3161-ONRWK,No,0.012840401337174822,0,Low
0114-RSRRW,No,0.17455302396820957,0,Low
4565-NLZBV,No,0.004740819995128,0,Low
0031-PVLZI,Yes,0.14174256035094485,0,Low
7206-GZCDC,Yes,0.733641780236704,1,High
6682-VCIXC,No,0.04358619937902936,0,Low
4791-QRGMF,Yes,0.25304603409399207,0,Low
6475-VHUIZ,No,0.1750757037535526,0,Low
3910-MRQOY,No,0.002241673309293372,0,Low
0661-WCQNQ,No,0.06876901432486504,0,Low
7537-RBWEA,No,0.5749081777804048,1,Medium
4656-CAURT,No,0.003670869878643781,0,Low
0121-SNYRK,No,0.036685534529319344,0,Low
1768-ZAIFU,Yes,0.6807907924524923,1,Medium
4671-LXRDQ,Yes,0.4332377775333085,0,Medium
3733-LSYCE,No,0.3695968058795987,0,Low
6265-FRMTQ,No,0.014349246540528273,0,Low
1934-SJVJK,Yes,0.1927863865709789,0,Low
3838-OZURD,Yes,0.3325243014245079,0,Low
1371-DWPAZ,No,0.07766951735367855,0,Low
9269-CQOOL,Yes,0.3995599187791853,0,Low
2017-CCBLH,No,0.04281768714942035,0,Low
7690-KPNCU,No,0.03340648900633354,0,Low
0536-BGFMZ,No,0.06367218103366445,0,Low
2293-IJWPS,No,0.25974172774179044,0,Low
2845-HSJCY,Yes,0.6825650308561421,1,Medium
5469-NUJUR,No,0.038452997719137544,0,Low
1184-PJVDB,Yes,0.698997358302928,1,Medium
2625-TRCZQ,No,0.2573535569278664,0,Low
4102-HLENU,No,0.00920975293021168,0,Low
7266-GSSJX,No,0.19521753609369033,0,Low
7722-VJRQD,No,0.009514724343368988,0,Low
7073-QETQY,No,0.009502957818018201,0,Low
9415-DPEWS,Yes,0.6234410618306823,1,Medium
5624-RYAMH,No,0.24314856696569573,0,Low
0196-JTUQI,No,0.6089948054299008,1,Medium
7130-YXBRO,No,0.35019248918618656,0,Low
9272-LSVYH,No,0.47226235236440556,0,Medium
7943-RQCHR,Yes,0.7964019895307797,1,High
3793-MMFUH,Yes,0.801445153912953,1,High
3249-ZPQRG,Yes,0.6328871903138523,1,Medium
2568-BRGYX,Yes,0.6811506684855414,1,Medium
3084-DOWLE,No,0.011317716405437352,0,Low
1084-MNSMJ,No,0.01227389869171481,0,Low
7721-JXEAW,Yes,0.1096288704945793,0,Low
7249-WBIYX,Yes,0.7514923155072719,1,High
4238-HFHSN,No,0.30495363857119034,0,Low
6250-CGGUN,No,0.06279138630892647,0,Low
5478-JJVZK,No,0.1470536477634857,0,Low
7596-IIWYC,No,0.024334944867335465,0,Low
6567-HOOPW,Yes,0.7751325264648563,1,High
9793-WECQC,No,0.45629054663996665,0,Medium
4291-HPAXL,No,0.16079396355150835,0,Low
8999-YPYBV,No,0.024253948505189832,0,Low
1839-FBNFR,No,0.011814971425567986,0,Low
3164-AALRN,Yes,0.3425154001709,0,Low
3071-MVJCD,No,0.006379674530261566,0,Low
1697-BCSHV,No,0.09710432077066689,0,Low
0562-KBDVM,No,0.007178355155217665,0,Low
1131-SUEKT,No,0.10495777211132848,0,Low
3717-OEAUQ,No,0.5370296725057355,1,Medium
4538-WNTMJ,No,0.016547080628059457,0,Low
3334-CTHOL,Yes,0.48963085700937437,0,Medium
4704-ERYFC,Yes,0.5396023188508274,1,Medium
9432-RUVSL,No,0.07341147562132186,0,Low
8060-HIWJJ,No,0.020829660444554747,0,Low
7684-XSZIY,No,0.0025193044177976745,0,Low
9089-UOWJG,No,0.31927120549261584,0,Low
8621-MNIHH,Yes,0.5897537633640332,1,Medium
8039-ACLPL,No,0.005663208092155947,0,Low
9885-AIBVB,No,0.5174156856916194,1,Medium
1934-MKPXS,No,0.019497454670018424,0,Low
2592-YKDIF,No,0.18882772544088763,0,Low
2272-JKMSI,No,0.187150065635142,0,Low
0471-LVHGK,Yes,0.22617276471012324,0,Low
9518-RWHZL,Yes,0.20547058680606836,0,Low
8714-CTZJW,No,0.6352912225806233,1,Medium
3569-EDBPQ,No,0.4019630295304608,0,Medium
3131-NWVFJ,No,0.05050127539190334,0,Low
7521-YXVZY,No,0.14844209575873885,0,Low
5419-CONWX,Yes,0.678337228273386,1,Medium
6240-EURKS,Yes,0.4659027291661298,0,Medium
2373-NTKOD,No,0.5644502892985421,1,Medium
1970-KKFWL,No,0.01637240583016884,0,Low
6960-HVYXR,Yes,0.6797054186962824,1,Medium
9337-SRRNI,No,0.004656633573047598,0,Low
0895-UADGO,No,0.11062900996203728,0,Low
5678-VFNEQ,No,0.1377280047134173,0,Low
5977-CKHON,No,0.3684137290901285,0,Low
7024-OHCCK,Yes,0.8477592147239954,1,High
2692-BUCFV,No,0.5188954987289628,1,Medium
7861-UVUFT,Yes,0.6539176397249294,1,Medium
1830-GGFNM,No,0.017156495928991575,0,Low
5302-BDJNT,No,0.4066058707032195,0,Medium
5223-UZAVK,No,0.10925522127852355,0,Low
4859-ZSRDZ,No,0.029409847242702656,0,Low
5651-WYIPH,No,0.25727333470996105,0,Low
9350-VLHMB,No,0.2161215546930292,0,Low
3498-LZGQZ,No,0.004213502268174459,0,Low
8785-CJSHH,No,0.44586525593161525,0,Medium
5357-TZHPP,Yes,0.7044306827160303,1,High
3870-SPZSI,No,0.04400843945459017,0,Low
0680-DFNNY,Yes,0.7648870640890617,1,High
7560-QRBXH,No,0.010508709159138542,0,Low
7077-XJMET,No,0.43442119050574296,0,Medium
8752-GHJFU,No,0.08320394750982059,0,Low
6896-SRVYQ,No,0.2973100888609949,0,Low
7767-UXAGJ,Yes,0.5883734723248408,1,Medium
4652-ODEVH,No,0.009366584311251397,0,Low
6510-UPNKS,No,0.050198253191266154,0,Low
6718-BDGHG,No,0.08776806456063647,0,Low
9046-DQMTP,No,0.043844449103832624,0,Low
6439-LAJXL,No,0.22604151023658706,0,Low
1571-SAVHK,Yes,0.6461840630206533,1,Medium
9052-VKDUW,No,0.2855008881957185,0,Low
9546-CQJSU,Yes,0.7810763840629276,1,High
1666-JZPZT,No,0.20776942334783172,0,Low
5777-KJIRB,No,0.07470807617800297,0,Low
0506-LVNGN,Yes,0.5979205589747438,1,Medium
7677-SJJJK,No,0.06013106104837127,0,Low
2480-EJWYP,No,0.24454788203031397,0,Low
3253-HKOKL,No,0.13588016885315968,0,Low
7055-HNEOJ,No,0.32833124860095125,0,Low
5514-YQENT,No,0.09182707129803175,0,Low
3211-AAPKX,No,0.6042874807020363,1,Medium
8445-DNBAE,No,0.5345592669408392,1,Medium
2951-QOQTK,Yes,0.4181612923753454,0,Medium
2958-NHPPS,No,0.10431189136957582,0,Low
6806-YDEUL,No,0.1670581031565054,0,Low
1735-XMJVH,No,0.17114563346780112,0,Low
6890-PFRQX,No,0.23893029936136662,0,Low
0222-CNVPT,No,0.16603199704417562,0,Low
5899-OUVKV,No,0.5720418032713522,1,Medium
8681-ICONS,No,0.07232635510811575,0,Low
1621-YNCJH,No,0.08972471406805321,0,Low
3473-XIIIT,Yes,0.7305673241488206,1,High
6362-QHAFM,No,0.3580348383617466,0,Low
7893-IXHRQ,Yes,0.2442088637397332,0,Low
3070-BDOQC,No,0.13007689103296333,0,Low
2952-QAYZF,Yes,0.6931376970178024,1,Medium
6234-PFPXL,No,0.31617835192540006,0,Low
9824-QCJPK,No,0.023479823445273582,0,Low
4763-PGDPO,Yes,0.5919365990104934,1,Medium
4283-IVYCI,No,0.18611422209279377,0,Low
1866-OBPNR,No,0.43026417439334624,0,Medium
8205-MQUGY,No,0.27310605554050504,0,Low
8970-ANWXO,No,0.21474221582227,0,Low
9480-BQJEI,No,0.1133498515040305,0,Low
5394-SVGJV,Yes,0.3632600733103923,0,Low
6979-TNDEU,No,0.14620757592867734,0,Low
9777-WJJPR,No,0.4180202346897327,0,Medium
9283-LZQOH,Yes,0.532825355248021,1,Medium
7079-QRCBC,Yes,0.7153424726458072,1,High
9495-SKLKD,No,0.33777828503283,0,Low
6048-UWKAL,No,0.057770208827381334,0,Low
5067-DGXLL,No,0.18532959646243272,0,Low
5469-CTCWN,Yes,0.1862191766409264,0,Low
9851-QXEEQ,Yes,0.5825267733860496,1,Medium
6281-FKEWS,No,0.208252803340949,0,Low
8898-KASCD,No,0.05744411527910639,0,Low
9242-TKFSV,No,0.011896293558815134,0,Low
9290-SHCMB,No,0.7364688911396607,1,High
0743-HNPFG,No,0.02318430322922153,0,Low
2277-BKJKN,No,0.12008362230611593,0,Low
9809-IMGCQ,Yes,0.7532515266674087,1,High
5208-HFSBT,Yes,0.2793730787034049,0,Low
5035-PGZXH,No,0.3073737711573689,0,Low
8695-WDYEA,No,0.25986476732682606,0,Low
6543-JXSOO,No,0.05108102704470078,0,Low
8016-ZMGMO,No,0.0571901515853572,0,Low
8605-ITULD,No,0.19072112319576523,0,Low
3254-YRILK,Yes,0.7020891481781774,1,High
6416-YJTTB,No,0.42243850945815353,0,Medium
2667-WYLWJ,Yes,0.09156441373810226,0,Low
4472-VESGY,No,0.15654577316753313,0,Low
3195-TQDZX,No,0.3002334429013572,0,Low
3128-YOVTD,No,0.12319785031770517,0,Low
0529-ONKER,Yes,0.613352304071985,1,Medium
1728-CXQBE,No,0.3812629889518334,0,Low
7041-TXQJH,No,0.2448601258763026,0,Low
5014-GSOUQ,No,0.03506744566308185,0,Low
5724-BIDBU,No,0.07015863907540232,0,Low
0481-SUMCB,No,0.35690615128485625,0,Low
1769-GRUIK,No,0.560108701279174,1,Medium
5240-IJOQT,Yes,0.7882026102258473,1,High
8819-WFGGJ,No,0.026234071130301777,0,Low
7427-AUFPY,No,0.0048351989863024475,0,Low
2811-POVEX,No,0.44840647549356544,0,Medium
1092-GANHU,Yes,0.5692284225094537,1,Medium
7898-PDWQE,No,0.008207839555910297,0,Low
9972-EWRJS,No,0.0032577468348623144,0,Low
9314-IJWSQ,No,0.6808111363533113,1,Medium
0661-XEYAN,Yes,0.6081997954831619,1,Medium
5799-JRCZO,No,0.002515190152905987,0,Low
1921-KYSAY,No,0.12909198121783616,0,Low
6198-RTPMF,No,0.689745361319452,1,Medium
2924-KHUVI,No,0.25931454348732824,0,Low
1925-GMVBW,No,0.1477307882239087,0,Low
7881-EVUAD,Yes,0.5563632613621533,1,Medium
6184-DYUOB,No,0.24105792335102322,0,Low
9207-ZPANB,No,0.04930816115065506,0,Low
5766-XQXMQ,Yes,0.15194286462878132,0,Low
9327-QSDED,No,0.29570229834742157,0,Low
1656-DRSMG,No,0.2706233052242539,0,Low
3012-VFFMN,No,0.1257221437111125,0,Low
2984-AFWNC,No,0.6661869520460509,1,Medium
0640-YJTPY,No,0.0017854692217935105,0,Low
8096-LOIST,No,0.3969496742721203,0,Low
9764-REAFF,No,0.003983442515806398,0,Low
3703-VAVCL,Yes,0.4171813854203797,0,Medium
7107-UBYKY,No,0.09654867016201832,0,Low
4881-GQJTW,No,0.10656386220624449,0,Low
8519-QJGJD,Yes,0.497964696068407,0,Medium
7876-DNYAP,No,0.001984278370170312,0,Low
7905-NJMXS,No,0.2665284812803042,0,Low
2882-WDTBA,No,0.007523213757968622,0,Low
2091-GPPIQ,No,0.02679503981338326,0,Low
6326-MTTXK,Yes,0.7020340831128714,1,High
5071-FBJFS,No,0.2565453456341587,0,Low
2796-UUZZO,No,0.11790205600945447,0,Low
2429-AYKKO,No,0.0021966596819502793,0,Low
9798-OPFEM,No,0.01482953714893419,0,Low
0330-IVZHA,Yes,0.5892671104686013,1,Medium
3794-NFNCH,No,0.1980027652083445,0,Low
5193-QLVZB,No,0.11972806468843333,0,Low
7114-AEOZE,No,0.003682052237122166,0,Low
2886-KEFUM,Yes,0.28132068809230465,0,Low
5522-NYKPB,No,0.3543967111267186,0,Low
4237-RLAQD,Yes,0.4396347268177826,0,Medium
9957-YODKZ,No,0.7519206349111308,1,High
6518-KZXCB,No,0.031697149559095784,0,Low
2245-ADZFJ,No,0.04593527431964208,0,Low
7776-QGYJC,No,0.19582672616317318,0,Low
9313-QOLTZ,No,0.0690147419692304,0,Low
9651-GTSAQ,Yes,0.14726707052450005,0,Low
3186-BAXNB,Yes,0.5326282917815244,1,Medium
4672-FOTSD,No,0.2629738837383192,0,Low
0637-YLETY,Yes,0.5727993819225351,1,Medium
9818-XQCUV,No,0.1820052739850847,0,Low
7338-ERIVA,No,0.04135095319294466,0,Low
1157-BQCUW,Yes,0.7617731578615075,1,High
8259-NFJTV,No,0.21032324128855992,0,Low
3223-DWFIO,No,0.6351445628522924,1,Medium
2660-EMUBI,Yes,0.8139727670840473,1,High
6968-GMKPR,No,0.24623735678932993,0,Low
4751-ERMAN,No,0.018252567426269756,0,Low
1436-ZMJAN,No,0.44472671264273267,0,Medium
3292-PBZEJ,No,0.7067602590926363,1,High
0799-DDIHE,No,0.246964856424023,0,Low
3070-FNFZQ,No,0.016654719116829413,0,Low
2812-SFXMJ,No,0.1603789847485294,0,Low
7675-OZCZG,Yes,0.4378009174897526,0,Medium
5014-WUQMG,No,0.14100651961354913,0,Low
5312-TSZVC,No,0.04682259652857738,0,Low
2003-CKLOR,Yes,0.2594038399340007,0,Low
0993-OSGPT,No,0.018753740873331624,0,Low
9254-RBFON,Yes,0.23395935625343742,0,Low
1205-WNWPJ,Yes,0.35000926823951994,0,Low
9391-EOYLI,Yes,0.711088428818702,1,High
7108-DGVUU,No,0.16219211479751025,0,Low
2782-JEEBU,No,0.2525512571239342,0,Low
5127-BZENZ,No,0.028803828911978576,0,Low
2720-FVBQP,No,0.38637187974215864,0,Low
9906-NHHVC,No,0.04070493570380372,0,Low
4522-XRWWI,No,0.05846919466406406,0,Low
3766-EJLFL,No,0.0537047694920508,0,Low
5939-SXWHM,No,0.007522896034892239,0,Low
8152-UOBNY,No,0.30533673705157,0,Low
7351-KYHQH,No,0.501276566701578,1,Medium
7643-RCHXS,No,0.003935151327504178,0,Low
8246-SHFGA,No,0.09254710053630842,0,Low
8387-MOJJT,Yes,0.3022630751106537,0,Low
0620-XEFWH,No,0.14765720861462003,0,Low
6485-QXWWE,No,0.003895829036723855,0,Low
2761-OCIAX,Yes,0.6951011074172757,1,Medium
7321-VGNKU,No,0.6964600522977358,1,Medium
5327-CNLUQ,No,0.09224487604686805,0,Low
7552-KEYGT,No,0.017784307603238292,0,Low
5816-JMLGY,No,0.014386835525876178,0,Low
3068-OMWZA,Yes,0.8190355355753925,1,High
2927-QRRQV,No,0.3071993928076122,0,Low
6032-KRXXO,Yes,0.6115402976077331,1,Medium
7459-RRWQZ,Yes,0.32289650735059106,0,Low
6265-SXWBU,No,0.07539320117492897,0,Low
7941-RCJOW,No,0.0042108596302669185,0,Low
6374-NTQLP,No,0.03800691810771108,0,Low
4154-AQUGT,Yes,0.49664558908306305,0,Medium
2387-KDZQY,No,0.07575756153319119,0,Low
3584-WKTTW,No,0.23467903490358677,0,Low
3399-BMLVW,No,0.006292227155738997,0,Low
1971-DTCZB,No,0.016566814080785152,0,Low
3092-IGHWF,Yes,0.08518093829814345,0,Low
3374-PZLXD,No,0.049534380178918765,0,Low
3813-DHBBB,No,0.012313899381554036,0,Low
2812-REYAT,No,0.01698596692365068,0,Low
6518-PPLMZ,No,0.0068581442373525595,0,Low
4939-KYYPY,No,0.2006739447652822,0,Low
8017-LXHFA,Yes,0.6595784571432719,1,Medium
5930-GBIWP,No,0.012128593632535501,0,Low
6022-KOUQO,No,0.3201385173611715,0,Low
6352-TWCAU,Yes,0.5708035319059618,1,Medium
2361-UPSND,No,0.026173402703450168,0,Low
6035-RIIOM,No,0.14188636193093715,0,Low
2929-QNSRW,Yes,0.3130826554955978,0,Low
1262-OPMFY,Yes,0.5409455280621723,1,Medium
9504-DSHWM,No,0.1315753873383889,0,Low
5035-BVCXS,No,0.5129585349803832,1,Medium
6267-DCFFZ,No,0.6136924578245487,1,Medium
3533-UVMOM,No,0.008535530107527618,0,Low
2439-LYPMQ,No,0.6480932700092001,1,Medium
4248-QPAVC,Yes,0.4882088753951993,0,Medium
1899-VXWXM,Yes,0.273579077904885,0,Low
1478-VPOAD,No,0.42641003414684403,0,Medium
9995-HOTOH,No,0.02261750573358537,0,Low
2988-PLAHS,No,0.42731865902969723,0,Medium
1371-OJCEK,No,0.017011163398366363,0,Low
4999-IEZLT,No,0.016908479776512633,0,Low
8883-ANODQ,No,0.042189340865991756,0,Low
4690-LLKUA,Yes,0.39605096127171874,0,Low
2351-RRBUE,No,0.06712989652979363,0,Low
5980-BDHPY,No,0.017028599272817836,0,Low
1498-DQNRX,No,0.061417846377560606,0,Low
9469-WEJBT,No,0.4085438623746574,0,Medium
3331-HQDTW,Yes,0.4390390242753706,0,Medium
9490-DFPMD,Yes,0.5553641480676841,1,Medium
2581-VKIRT,No,0.013302883883445422,0,Low
5442-XSDCW,Yes,0.547962630596945,1,Medium
7426-WEIJX,No,0.22416643005789544,0,Low
2851-MMUTZ,No,0.1388368688697841,0,Low
3049-NDXFL,Yes,0.6613272458071121,1,Medium
8580-AECUZ,Yes,0.7793054291299438,1,High
3307-TLCUD,No,0.23716191184538518,0,Low
6625-FLENO,No,0.004586589513047693,0,Low
2967-MXRAV,No,0.09102216729868681,0,Low
7963-GQRMY,Yes,0.2896415645658304,0,Low
8189-HBVRW,No,0.19378273754997613,0,Low
4163-KIUHY,No,0.11882722766954718,0,Low
1228-FZFRV,Yes,0.23929217668616043,0,Low
3500-NSDOA,No,0.00993844108241872,0,Low
1171-TYKUR,No,0.051838291970418345,0,Low
3761-FLYZI,No,0.36319056282755513,0,Low
2058-DCJBE,Yes,0.6759195395009362,1,Medium
5364-XYIRR,Yes,0.5429404980372841,1,Medium
4829-AUOAX,Yes,0.3800611203381903,0,Low
1219-NNDDO,No,0.6980590584419516,1,Medium
8388-DMKAE,No,0.04296878794353475,0,Low
4403-BWPAY,No,0.10379836656009211,0,Low
9659-QEQSY,No,0.36994337944727956,0,Low
5405-ZMYXQ,No,0.6186601079104516,1,Medium
5047-LHVLY,Yes,0.41321534843389435,0,Medium
1442-OKRJE,No,0.092402233635822,0,Low
4737-AQCPU,No,0.0041530282148577145,0,Low
9158-VCTQB,Yes,0.31412157347272107,0,Low
2808-CHTDM,No,0.024518213443900747,0,Low
6311-UEUME,Yes,0.5493821915407918,1,Medium
0793-TWELN,No,0.6485139822593396,1,Medium
3283-WCWXT,No,0.05188372081726313,0,Low
1060-ENTOF,No,0.08608705411397775,0,Low
0999-QXNSA,No,0.3646809450690305,0,Low
5451-MHQOF,No,0.01580927662142686,0,Low
4836-WNFNO,No,0.0031019761568484303,0,Low
9225-BZLNZ,No,0.032955946218420205,0,Low
0354-VXMJC,No,0.016540798453570756,0,Low
4422-QVIJA,No,0.12702108351630095,0,Low
9365-SRSZE,No,0.5358962784772974,1,Medium
6839-ITVZJ,Yes,0.20963514006761194,0,Low
8332-OSJDW,No,0.07245243984263319,0,Low
4735-BJKOU,No,0.01009065921512745,0,Low
0274-JKUJR,No,0.345364461977244,0,Low
5740-YHGTW,No,0.1327992408120398,0,Low
8917-SZTTJ,No,0.003016426996751689,0,Low
1696-MZVAU,No,0.0835465663699573,0,Low
7359-WWYJV,No,0.03880324354223779,0,Low
0375-HVGXO,Yes,0.6986394835187432,1,Medium
4906-ZHGPK,No,0.06233304731967271,0,Low
8593-WHYHV,Yes,0.7889445326941474,1,High
3795-GWTRD,No,0.005744494358493208,0,Low
1298-PHBTI,No,0.043744888127083326,0,Low
6223-DHJGV,No,0.025348232817267398,0,Low
6961-MJKBO,No,0.006907800685641449,0,Low
6097-EQISJ,Yes,0.15316649283573336,0,Low
4423-YLHDV,Yes,0.5563725856755367,1,Medium
8158-WPEZG,No,0.4149252770726856,0,Medium
0107-YHINA,Yes,0.7932366591217345,1,High
4918-FYJNT,No,0.21888984369541495,0,Low
0727-BNRLG,No,0.05490340200541974,0,Low
4854-CIDCF,No,0.6301014715810316,1,Medium
8640-SDGKB,Yes,0.5041344713139736,1,Medium
3280-MRDOF,No,0.08176948937447427,0,Low
6435-SRWBJ,No,0.6526560907024722,1,Medium
9964-WBQDJ,No,0.004635029834356203,0,Low
6303-KFWSL,No,0.1694505135273216,0,Low
1702-CCFNJ,No,0.056148865865993394,0,Low
8932-CZHRQ,No,0.02226469236895357,0,Low
0386-CWRGM,No,0.006395923656254668,0,Low
5515-RUGKN,No,0.4067476878859531,0,Medium
0404-AHASP,No,0.0021770494754411833,0,Low
7279-NMVJC,No,0.04937952425608545,0,Low
2081-VEYEH,No,0.6530026611072349,1,Medium
6407-UTSLV,No,0.6575964791842086,1,Medium
4116-TZAQJ,Yes,0.43717461968521587,0,Medium
9060-HJJRW,No,0.10284911240623398,0,Low
2587-YNLES,No,0.038432379211234276,0,Low
7398-SKNQZ,No,0.7641802185991248,1,High
5935-FCCNB,No,0.7821175592271181,1,High
1958-RNRKS,No,0.24220109013663033,0,Low
5136-RGMZO,No,0.26438149192214716,0,Low
8345-MVDYC,No,0.02032073541827629,0,Low
8226-BXGES,No,0.05658727823357297,0,Low
3877-JRJIP,Yes,0.6433778528815584,1,Medium
8375-DKEBR,Yes,0.732587695926501,1,High
9705-IOVQQ,No,0.20229954868473415,0,Low
1015-OWJKI,No,0.19543502852237274,0,Low
7511-YMXVQ,Yes,0.6798858488809741,1,Medium
2040-XBAVJ,No,0.030249842148339073,0,Low
7551-JOHTI,Yes,0.19083994101233873,0,Low
8887-IPQNC,No,0.38635785490963603,0,Low
8646-JCOMS,No,0.08081328826497129,0,Low
9804-ICWBG,Yes,0.7063834269006884,1,High
1222-KJNZD,No,0.04061381700903852,0,Low
0106-GHRQR,No,0.36884454737712,0,Low
5318-IXUZF,Yes,0.6123065798075317,1,Medium
3768-VHXQO,No,0.003856300975447776,0,Low
8952-WCVCD,No,0.18412834296585368,0,Low
2418-TPEUN,No,0.005167007154064404,0,Low
3963-RYFNS,No,0.048955742916933935,0,Low
3198-VELRD,Yes,0.6720252867774751,1,Medium
8540-ZQGEA,No,0.004904238646070112,0,Low
1320-REHCS,No,0.4675403866541299,0,Medium
4137-JOPHL,No,0.07091420578029636,0,Low
9436-ZBZCT,Yes,0.6455556466756573,1,Medium
7801-CEDNV,No,0.058070523914454615,0,Low
2057-BOYKM,No,0.028946046489650053,0,Low
3658-QQJYD,No,0.03878640714630008,0,Low
1803-BGNBD,No,0.2881705193518327,0,Low
0134-XWXCE,No,0.06527299338071553,0,Low
6950-TWMYB,No,0.03554931437257831,0,Low
5848-FHRFC,No,0.0025951018358993045,0,Low
2243-FNMMI,No,0.09139673927581936,0,Low
2511-MORQY,No,0.038128673547222366,0,Low
5356-KZCKT,No,0.008525521806393942,0,Low
9470-XCCEM,No,0.402073182231452,0,Medium
6519-CFDBX,No,0.5018500756381439,1,Medium
3902-MIVLE,No,0.01018468294911527,0,Low
0409-WTMPL,No,0.17138283453718,0,Low
8763-KIAFH,No,0.04016724249956238,0,Low
3669-WHAFY,No,0.05269268189726716,0,Low
3055-VTCGS,No,0.027173453287722523,0,Low
3144-KMTWZ,No,0.2276518993292584,0,Low
7279-BUYWN,Yes,0.5136933115974425,1,Medium
7156-MHUGY,Yes,0.7514432242364834,1,High
7198-GLXTC,Yes,0.6699513809974489,1,Medium
2007-QVGAW,No,0.0030354953728120083,0,Low
5207-PLSTK,No,0.30147130142047635,0,Low
2307-FYNNL,No,0.11399469049837152,0,Low
5605-XNWEN,No,0.005423687844063344,0,Low
2155-AMQRX,No,0.18440081272997408,0,Low
6181-AXXYF,No,0.002550748201813391,0,Low
5091-HFAZW,No,0.6047433819654835,1,Medium
0516-VRYBW,Yes,0.038353855947736104,0,Low
2519-LBNQL,No,0.3344263257788164,0,Low
8623-ULFNQ,No,0.35720029716503965,0,Low
8380-PEFPE,Yes,0.6515823308300034,1,Medium
5687-DKDTV,Yes,0.16836873624100934,0,Low
1568-LJSZU,No,0.015528634837724662,0,Low
7530-HDYDS,Yes,0.21535628386613112,0,Low
7789-HKSBS,No,0.30088306946203297,0,Low
7416-CKTEP,No,0.006370158378072032,0,Low
2586-CWXVV,No,0.09726740479854014,0,Low
3096-IZETN,Yes,0.4974033769536556,0,Medium
2348-KCJLT,No,0.04064924109707057,0,Low
8401-EMUWF,No,0.11999988673349007,0,Low
4193-IBKSW,No,0.0025751264320593823,0,Low
5377-NDTOU,No,0.009998915048016586,0,Low
5922-ABDVO,Yes,0.5334878710266925,1,Medium
2474-LCNUE,No,0.3277192861321369,0,Low
0839-QNXME,No,0.01444658128618205,0,Low
3506-OVLKD,No,0.03099675106966632,0,Low
9172-ANCRX,Yes,0.7152164503613635,1,High
6650-VJONK,No,0.42866473733343835,0,Medium
2178-PMGCJ,No,0.457528503493431,0,Medium
7492-TAFJD,No,0.07981062794167257,0,Low
2773-MADBQ,No,0.04126296821754497,0,Low
6016-LVTJQ,No,0.03970676007901226,0,Low
7860-KSUGX,No,0.005877394318969036,0,Low
8966-KZXXA,No,0.012681333701062801,0,Low
6910-HADCM,Yes,0.6034816495080312,1,Medium
4816-LXZYW,Yes,0.5558748558146943,1,Medium
9606-PBKBQ,Yes,0.6369552338809187,1,Medium
5149-QYTTU,No,0.03858706797310624,0,Low
2070-XYMFH,No,0.5572519585336163,1,Medium
2085-BOJKI,No,0.4338818162646835,0,Medium
0817-HSUSE,No,0.5251281958469307,1,Medium
5442-PPTJY,No,0.030472077535712225,0,Low
1927-QEWMY,No,0.002141251620102105,0,Low
1663-MHLHE,No,0.19507223418573857,0,Low
5663-QBGIS,No,0.07585275691651615,0,Low
4450-MDZFX,No,0.14369136131482416,0,Low
6701-DHKWQ,No,0.01198907231792032,0,Low
7554-AKDQF,No,0.3094684756437874,0,Low
3536-IQCTX,Yes,0.547500221191387,1,Medium
4911-BANWH,Yes,0.4432829433480279,0,Medium
8496-EJAUI,Yes,0.42537147315971896,0,Medium
0794-YVSGE,No,0.0017671713201679112,0,Low
5423-BHIXO,No,0.2666228247587853,0,Low
6908-VVYHM,No,0.3325967958797712,0,Low
2959-EEXWB,No,0.15643323905937934,0,Low
1839-UMACK,No,0.03235713248633822,0,Low
3030-YDNRM,No,0.7154227561228039,1,High
7321-KKSDU,No,0.0119921131913453,0,Low
3402-XRIUO,No,0.17986880584296247,0,Low
3132-TVFDZ,Yes,0.2654968026513659,0,Low
8286-AFUYI,No,0.3345995332547941,0,Low
8080-DDEMJ,Yes,0.46353709365661216,0,Medium
8356-WUAOJ,No,0.5194523875311228,1,Medium
6365-MTGZX,Yes,0.5563869085959235,1,Medium
1349-WXNGG,Yes,0.18154603510410433,0,Low
8058-DMYRU,No,0.44269782845685196,0,Medium
9350-ZXYJC,No,0.0859708712079204,0,Low
6990-YNRIO,Yes,0.03955162217787994,0,Low
8958-JPTRR,No,0.017491949309005494,0,Low
6959-GQEGV,No,0.1878530819807297,0,Low
3173-WSSUE,No,0.001786697208662572,0,Low
1265-HVPZB,No,0.022001663375589703,0,Low
4115-UMJFQ,No,0.027634829697589066,0,Low
7369-TRPFD,No,0.049534454934371884,0,Low
1098-KFQEC,No,0.003747603320635577,0,Low
7190-XHTWJ,No,0.02099069851415906,0,Low
0621-TWIEM,Yes,0.4241485684447773,0,Medium
3537-RYBHH,No,0.10027938391025819,0,Low
2485-ITVKB,Yes,0.6924518230324743,1,Medium
3669-OYSJI,Yes,0.3263287431254907,0,Low
1612-EOHDH,Yes,0.42133551718991225,0,Medium
6702-OHFWR,Yes,0.6931686689282599,1,Medium
5296-BFCYD,No,0.00928631208789674,0,Low
4510-PYUSH,Yes,0.0976153334286221,0,Low
9359-JANWS,No,0.005243079645796374,0,Low
7517-SAWMO,Yes,0.46859187642111133,0,Medium
4143-HHPMK,Yes,0.331528787793275,0,Low
3279-DYZQM,No,0.0020208892558977788,0,Low
7054-LGEQW,Yes,0.3456922658573312,0,Low
0523-VNGTF,No,0.16340688059976655,0,Low
9575-IWCAZ,No,0.11588474286537521,0,Low
7105-MXJLL,No,0.13115538523185535,0,Low
7064-FRRSW,No,0.3972945321878204,0,Low
7940-UQQUG,No,0.1025795887489137,0,Low
0923-PNFUB,Yes,0.6192547981212363,1,Medium
3961-SXAXY,No,0.42791094055953555,0,Medium
7010-BRBUU,No,0.002504332021968231,0,Low
3566-HJGPK,No,0.44077265790115006,0,Medium
3062-ICYZQ,No,0.2789633102829304,0,Low
9938-PRCVK,No,0.0073268972634923215,0,Low
0973-KYVNF,No,0.008188298710366517,0,Low
5129-HHMZC,No,0.02562833295471194,0,Low
9637-CDTKZ,No,0.05219415812482108,0,Low
3946-JEWRQ,No,0.31202589236885553,0,Low
7873-CVMAW,No,0.011307748670615384,0,Low
0463-WZZKO,No,0.2198324000842317,0,Low
3494-JCHRQ,Yes,0.7059043223158337,1,High
6474-FVJLC,Yes,0.7917880267448467,1,High
4524-QCSSM,No,0.24237475828808533,0,Low
5832-EXGTT,No,0.1599570392504294,0,Low
8840-DQLGN,Yes,0.32072539502431835,0,Low
2039-JONDJ,No,0.04889027605018614,0,Low
7217-JYHOQ,No,0.10988299647761492,0,Low
6695-FRVEC,No,0.0057678404430696025,0,Low
4547-LYTDD,Yes,0.5739326754680835,1,Medium
9894-QMIMJ,No,0.08002577092553458,0,Low
8069-YQQAJ,No,0.39237604712452107,0,Low
6770-XUAGN,Yes,0.27064739159776136,0,Low
4193-ORFCL,Yes,0.3829386453590291,0,Low
1636-NTNCO,No,0.6245102367441312,1,Medium
3466-WAESX,No,0.31937179860450166,0,Low
9281-PKKZE,No,0.3221879148836897,0,Low
3638-VBZTA,No,0.014713520964229468,0,Low
7459-IMVYU,No,0.0900288682409664,0,Low
7776-QWNFX,Yes,0.18946088678478187,0,Low
6689-TCZHQ,Yes,0.6756340097471458,1,Medium
8563-OYMQY,No,0.49707248039921353,0,Medium
0754-EEBDC,No,0.043205727199334354,0,Low
5777-ZPQNC,No,0.0880687154617255,0,Low
1951-IEYXM,No,0.013167046701400564,0,Low
3318-NMQXL,No,0.7737470829534512,1,High
3143-ILDAL,Yes,0.3096087078340563,0,Low
1022-RKXDR,No,0.03554186153219268,0,Low
2361-FJWNO,No,0.044056124644528134,0,Low
2272-UOINI,No,0.3445584367773095,0,Low
8232-UTFOZ,No,0.0024590176341261222,0,Low
3750-YHRYO,No,0.06879078925074424,0,Low
6637-KYRCV,No,0.5136618945471326,1,Medium
5668-MEISB,No,0.02048174442999544,0,Low
0129-QMPDR,No,0.017524682753221704,0,Low
7188-CBBBA,No,0.1954285995343706,0,Low
5356-CSVSQ,No,0.4375424508424579,0,Medium
3221-CJMSG,No,0.16553330275176864,0,Low
4720-VSTSI,Yes,0.3143802265978811,0,Low
3219-JQRSL,No,0.012933314690940024,0,Low
2801-NISEI,No,0.12275243714962186,0,Low
3946-MHCZW,Yes,0.3415433946871852,0,Low
4623-ZKHLY,No,0.11060016065802156,0,Low
6732-VAILE,No,0.01965063254729531,0,Low
8201-AAXCB,No,0.28794244080940623,0,Low
7696-CFTAT,No,0.00899383583020173,0,Low
1845-CSBRZ,No,0.4770957955953241,0,Medium
2123-VSCOT,No,0.021816118607185738,0,Low
6651-AZVTJ,Yes,0.5043827044608326,1,Medium
4566-GOLUK,Yes,0.34898903725113534,0,Low
2484-DGXPZ,Yes,0.06551412214109936,0,Low
2018-QKYGT,No,0.7065996166044636,1,High
2792-VPPET,No,0.3001603902973063,0,Low
7409-JURKQ,No,0.1943863624413648,0,Low
3247-MHJKM,No,0.19266664544223824,0,Low
1964-SVLEA,No,0.0680786958268371,0,Low
4587-NUKOX,Yes,0.5505806950054343,1,Medium
7297-DVYGA,No,0.015344820763342442,0,Low
2239-CGBUZ,No,0.021601491167497232,0,Low
0854-UYHZD,No,0.02848378568665365,0,Low
7243-LCGGZ,No,0.18753440072772298,0,Low
8267-KFGYD,No,0.21424583125376823,0,Low
4890-VMUAV,No,0.02070986000158119,0,Low
9261-WDCAF,No,0.3907261853628842,0,Low
3764-MNMOI,No,0.007133304666838612,0,Low
7442-YGZFK,No,0.48832910778451766,0,Medium
0420-BWTPW,Yes,0.3566534822614917,0,Low
8229-BUJHX,No,0.0018541319542994801,0,Low
7449-HVPIV,No,0.29338435502748483,0,Low
5504-WSIUR,No,0.06957173615810902,0,Low
8183-ONMXC,Yes,0.6593179953321568,1,Medium
8466-PZBLH,No,0.03641969636404063,0,Low
9614-RMGHA,Yes,0.2506071771852809,0,Low
8735-IJJEG,No,0.22281408608347644,0,Low
0564-MUUQK,No,0.45035902004367895,0,Medium
5054-IEXZT,Yes,0.6157053138305942,1,Medium
5834-ASPWA,Yes,0.7603736631559533,1,High
0701-RFGFI,No,0.39777914345037735,0,Low
0019-EFAEP,No,0.04828606527172112,0,Low
5619-PTMIK,No,0.10492879069184316,0,Low
3737-XBQDD,No,0.4610234149706146,0,Medium
5882-CMAZQ,No,0.33768353326730066,0,Low
5846-QFDFI,No,0.1970165198038041,0,Low
4445-KWOKW,No,0.0532854157582473,0,Low
3511-APPBJ,No,0.2968089934508788,0,Low
7967-HYCDE,No,0.46627799035889655,0,Medium
2430-RRYUW,No,0.017292930087159496,0,Low
3948-XHGNA,Yes,0.16397464262273742,0,Low
3723-BFBGR,No,0.20887858117901378,0,Low
0565-IYCGT,Yes,0.02275242319965248,0,Low
5447-WZAFP,No,0.19898202412010946,0,Low
5110-CHOPY,No,0.03361556201301925,0,Low
5445-UTODQ,Yes,0.7089542501715776,1,High
4425-OWHWB,No,0.06093358628839127,0,Low
7892-QVYKW,No,0.5166676325756071,1,Medium
9675-ICXCT,No,0.015096877763427547,0,Low
1024-VRZHF,Yes,0.6999964119903688,1,Medium
4703-MQYKT,No,0.0245341993168264,0,Low
9497-QCMMS,Yes,0.855392828487984,1,High
5692-ICXLW,No,0.6113148952321368,1,Medium
0602-DDUML,No,0.013574310414935656,0,Low
2208-MPXIO,No,0.008775276345679197,0,Low
1960-UYCNN,No,0.7146486002039174,1,High
0348-SDKOL,Yes,0.3201334264933411,0,Low
3190-FZATL,No,0.09461308381885915,0,Low
7336-RLLRH,No,0.1010947327466006,0,Low
4373-MAVJG,Yes,0.5478197952003704,1,Medium
8901-HJXTF,Yes,0.28323391903759587,0,Low
7710-JSYOA,No,0.043537926153389646,0,Low
5419-KLXBN,Yes,0.3924394703515524,0,Low
3424-NMNBO,Yes,0.2653520824882115,0,Low
9885-MFVSU,No,0.03594243612575225,0,Low
4514-GFCFI,Yes,0.7390998783330915,1,High
0607-MVMGC,No,0.07629745599141118,0,Low
3365-SAIGS,No,0.5978472972098865,1,Medium
9828-AOQLM,Yes,0.46061411760553317,0,Medium
8022-BECSI,No,0.04366363656935062,0,Low
8000-REIQB,Yes,0.7315309666825305,1,High
9993-LHIEB,No,0.0064889778220381415,0,Low
0266-CLZKZ,No,0.06933858005130508,0,Low
7615-ESMYF,Yes,0.6628276283960493,1,Medium
3858-VOBET,Yes,0.6030023768966731,1,Medium
7020-OZKXZ,No,0.4722154689162204,0,Medium
3977-QCRSL,No,0.16304755137310942,0,Low
0017-DINOC,No,0.014767567213692833,0,Low
1447-PJGGA,Yes,0.15571057282435685,0,Low
8565-CLBZW,Yes,0.584914647117289,1,Medium
9139-WQQDY,Yes,0.18265000183145974,0,Low
0224-HJAPT,Yes,0.46842915311125527,0,Medium
8086-OVPWV,Yes,0.7441522218781548,1,High
9430-FRQOC,Yes,0.5156950950497426,1,Medium
7639-OPLNG,No,0.010491699326084382,0,Low
3074-GQWYX,Yes,0.6513609718196,1,Medium
1492-QGCLU,No,0.09748898477273613,0,Low
6845-RGTYS,Yes,0.36285080005020126,0,Low
7328-OWMOM,No,0.020486834785720144,0,Low
4418-LZMSV,No,0.12442763989066018,0,Low
5155-AZQPB,No,0.16769532478246982,0,Low
8861-HGGKB,Yes,0.6638236197799743,1,Medium
1087-GRUYI,No,0.010628637001899087,0,Low
7065-YUNRY,Yes,0.43616525742299284,0,Medium
7694-VLBWQ,Yes,0.19800994528563665,0,Low
2546-KZAAT,No,0.05828635804582332,0,Low
0181-RITDD,No,0.031081208827251412,0,Low
5989-PGKJB,No,0.6002012138303134,1,Medium
4795-KTRTH,Yes,0.7274170509716908,1,High
8272-ONJLV,No,0.4754096939881972,0,Medium
1488-PBLJN,No,0.04437246126416432,0,Low
0308-GIQJT,No,0.10526460107725236,0,Low
3778-FOAQW,No,0.03953934339256034,0,Low
4452-ROHMO,No,0.03187638088850251,0,Low
6481-OGDOO,Yes,0.07035838138507175,0,Low
3090-LETTY,No,0.21998080800004585,0,Low
5349-AZPEW,No,0.38893657743236626,0,Low
3753-TSEMP,Yes,0.6375096277110803,1,Medium
8305-VHZBZ,Yes,0.2570245202988937,0,Low
9720-JJJOR,No,0.03502437428594699,0,Low
8100-HZZLJ,No,0.11345873882326304,0,Low
8775-ERLNB,No,0.725228739733602,1,High
8309-IEYJD,No,0.6646258371235193,1,Medium
9172-JITSM,Yes,0.5823715920200594,1,Medium
6298-QDFNH,Yes,0.5761607823279203,1,Medium
7398-HPYZQ,No,0.012248255728639416,0,Low
3546-GHEAE,No,0.04655106593876494,0,Low
7361-YPXFS,No,0.14080575509244395,0,Low
6557-BZXLQ,No,0.5295304700194925,1,Medium
2550-QHZGP,No,0.08401799116540513,0,Low
7519-JTWQH,No,0.07589555158582538,0,Low
2538-OIMXF,No,0.4286413697105703,0,Medium
8543-MSDMF,No,0.4867702148726279,0,Medium
9961-JBNMK,Yes,0.6088268569478654,1,Medium
1170-SASML,No,0.17087398154711586,0,Low
4872-JCVCA,No,0.007158089015849811,0,Low
5346-BZCHP,No,0.002172777431862907,0,Low
2038-LLMLM,No,0.47634261625571717,0,Medium
6173-ITPWD,Yes,0.30593499215959247,0,Low
9734-UYXQI,Yes,0.5776326113959709,1,Medium
1216-BGTSP,No,0.3206947975966243,0,Low
4138-NAXED,No,0.1963294328318516,0,Low
2189-UXTKY,Yes,0.3391584354995632,0,Low
0744-BIKKF,No,0.011627281390739357,0,Low
7483-IQWIB,No,0.4817907099945961,0,Medium
5248-KWLAR,No,0.014118071436846777,0,Low
4958-GZWIY,Yes,0.3195102322804598,0,Low
7996-MHXLW,No,0.005721314913524859,0,Low
7833-PKIHD,No,0.03826542144971087,0,Low
7061-OVMIM,No,0.022938533797740034,0,Low
5153-RTHKF,No,0.48788221814906724,0,Medium
1852-QSWCD,No,0.005682902853042312,0,Low
4832-VRBMR,No,0.23078592840993523,0,Low
9079-LWTFD,No,0.1715508328879653,0,Low
6356-ELRKD,Yes,0.7034277895881408,1,High
8624-GIOUT,Yes,0.07920495488735313,0,Low
3392-EHMNK,No,0.0316120619975633,0,Low
5986-WWXDV,No,0.015269215177093875,0,Low
3061-BCKYI,No,0.11615897273368708,0,Low
6179-GJPSO,Yes,0.2501986980365559,0,Low
7901-TBKJX,No,0.5395567865631711,1,Medium
7228-PAQPD,No,0.1138526293743545,0,Low
3177-LASXD,Yes,0.6134219609151904,1,Medium
7746-QYVCO,No,0.09002520150260196,0,Low
5804-HYIEZ,No,0.26579278158179104,0,Low
9919-FZDED,No,0.025320744578133162,0,Low
5934-TSSAU,No,0.3644395667325152,0,Low
3486-KHMLI,No,0.09269287853707092,0,Low
4897-QSUYC,Yes,0.25288520334342995,0,Low
1084-UQCHV,Yes,0.4750460180083359,0,Medium
8290-YWKHZ,Yes,0.7016850446445674,1,High
2955-BJZHG,Yes,0.5001784972863783,1,Medium
3806-DXQOM,Yes,0.47586577737258395,0,Medium
6784-XYJAE,No,0.10726017134012318,0,Low
3933-DQPWX,No,0.015597017678630948,0,Low
6661-EIPZC,No,0.07987295966723872,0,Low
8957-THMOA,No,0.004553097941311272,0,Low
2251-PYLPB,No,0.008059406804485856,0,Low
5555-RNPGT,No,0.13190858688527418,0,Low
1057-FOGLZ,No,0.09736934591780792,0,Low
9300-RENDD,Yes,0.7503890320608012,1,High
0761-AETCS,Yes,0.24359650433950106,0,Low
8087-LGYHQ,No,0.7412459674352592,1,High
4137-BTIKL,No,0.5583179442232971,1,Medium
2190-BCXEC,No,0.28993541853393306,0,Low
6227-FBDXH,No,0.14670739021265738,0,Low
2153-MREFK,Yes,0.24456952310426947,0,Low
2911-WDXMV,No,0.4779225517864795,0,Medium
7206-PQBBZ,No,0.6702085644931776,1,Medium
3106-ULWFW,Yes,0.6756612787062362,1,Medium
0925-VYDLG,Yes,0.6682840295508181,1,Medium
4547-FZJWE,No,0.021247514609984502,0,Low
7422-WNBTY,No,0.5680257944343075,1,Medium
0842-IWYCP,No,0.07577853843395489,0,Low
3521-HTQTV,No,0.017569474268360155,0,Low
3744-ZBHON,No,0.22474642807036405,0,Low
3373-DIUUN,No,0.013435358854019792,0,Low
8383-SGHJU,No,0.06283013040392166,0,Low
7607-QKKTJ,No,0.19857896418583254,0,Low
7707-PYBBH,No,0.06746008675562129,0,Low
8984-HPEMB,No,0.07872975503640438,0,Low
4349-GFQHK,Yes,0.49029313477244585,0,Medium
4139-DETXS,No,0.007961730381740284,0,Low
9779-DPNEJ,No,0.5483237592808374,1,Medium
9805-FILKB,No,0.015858778366180402,0,Low
5793-YOLJN,No,0.004180486365584777,0,Low
0673-IGUQO,No,0.19206878918241538,0,Low
4123-FCVCB,No,0.2735797424550882,0,Low
8819-IMISP,No,0.4980299665525193,0,Medium
7802-EFKNY,Yes,0.6156742189049711,1,Medium
8311-UEUAB,No,0.033789140691300464,0,Low
5858-EAFCZ,No,0.3560892638605141,0,Low
8035-BUYVG,Yes,0.0903069133316747,0,Low
1163-ONYEY,No,0.11662331639765848,0,Low
9787-XVQIU,Yes,0.7607941020352242,1,High
8945-MUQUF,Yes,0.2048946645825595,0,Low
5656-MJEFC,No,0.019798253612837213,0,Low
6082-OQFBA,No,0.03427818808106623,0,Low
8051-HJRLT,Yes,0.7297132929973377,1,High
8974-OVACP,No,0.18929971885630786,0,Low
4010-YLMVT,No,0.28369599878179486,0,Low
1379-FRVEB,No,0.6376025337560766,1,Medium
8612-GXIDD,No,0.05323252901754856,0,Low
6288-CHQJB,No,0.009251189146101024,0,Low
8160-HOWOX,No,0.5641276674656094,1,Medium
3023-GFLBR,Yes,0.33995688400475416,0,Low
6648-INWPS,No,0.11745246853237623,0,Low
4223-BKEOR,No,0.07551605539992157,0,Low
4079-VTGLK,No,0.14800404524057362,0,Low
1763-WQFUK,No,0.33374560816748977,0,Low
1391-UBDAR,No,0.5393611371269033,1,Medium
8894-JVDCV,No,0.11628794446989159,0,Low
2023-VQFDL,No,0.13061726999595538,0,Low
1345-GKDZZ,No,0.13271166111289212,0,Low
2014-MKGMH,No,0.40100125328136915,0,Medium
5628-FCGYG,No,0.6811613925217943,1,Medium
2560-WBWXF,No,0.005305108475356452,0,Low
0248-IPDFW,No,0.5842079078073837,1,Medium
7978-DKUQH,No,0.5034109979977277,1,Medium
4335-UPJSI,No,0.01694519286766376,0,Low
0524-IAVZO,Yes,0.6199835237754892,1,Medium
2737-YNGYW,Yes,0.6612879210000975,1,Medium
1784-EZDKJ,No,0.2703073350500786,0,Low
9297-FVVDH,No,0.03437881372541975,0,Low
8007-YYPWD,No,0.03904568663490531,0,Low
7101-HRBLJ,No,0.00953764659337753,0,Low
5159-YFPKQ,Yes,0.6831617109316723,1,Medium
6635-CPNUN,No,0.40135490236622207,0,Medium
4021-RQSNY,Yes,0.7310254570999327,1,High
5453-YBTWV,No,0.021707898045948013,0,Low
5039-LZRQT,No,0.06328854970445434,0,Low
2931-VUVJN,No,0.10947233163942606,0,Low
9061-TIHDA,Yes,0.8058714137983868,1,High
8699-ASUFO,Yes,0.6964721804388477,1,Medium
6418-PIQSP,No,0.013125994479199205,0,Low
8220-OCUFY,No,0.09796510045483953,0,Low
3995-WFCSM,No,0.45339717694379505,0,Medium
1895-QTKDO,No,0.32898817542733555,0,Low
2038-OEQZH,No,0.6382032629971528,1,Medium
1178-PZGAB,No,0.04389601437219823,0,Low
7927-AUXBZ,Yes,0.3589746256162182,0,Low
2626-VEEWG,No,0.0031610723741712266,0,Low
2878-RMWXY,No,0.058667140955010036,0,Low
1657-DYMBM,No,0.005297667916521987,0,Low
7311-MQJCH,No,0.11828835241653157,0,Low
7375-WMVMT,No,0.04242802962015798,0,Low
1136-XGEQU,No,0.0658604772429949,0,Low
2530-FMFXO,No,0.14355915674297148,0,Low
6844-DZKRF,No,0.3208076822482713,0,Low
4695-WJZUE,Yes,0.8114707687656335,1,High
7619-ODSGN,Yes,0.18102770807679427,0,Low
5970-GHJAW,No,0.005700783574671576,0,Low
8879-XUAHX,No,0.08642217360232055,0,Low
3689-MOZGR,No,0.2689010601856455,0,Low
4195-PNGZS,No,0.002977514635847399,0,Low
5003-XZWWO,No,0.01672572376381532,0,Low
3988-RQIXO,Yes,0.806486110922716,1,High
7622-FWGEW,No,0.02285033260749789,0,Low
6922-NCEDI,No,0.010894150501796724,0,Low
2514-GINMM,Yes,0.7516841805067573,1,High
9891-NQDBD,No,0.04451561537904996,0,Low
6131-IUNXN,No,0.0764299887262176,0,Low
8548-AWOFC,No,0.07837223666458157,0,Low
9798-DRYDS,No,0.13170315331479696,0,Low
8532-UEFWH,No,0.006836027809297488,0,Low
6296-DDOOR,No,0.16594772203483754,0,Low
7951-VRDVK,No,0.04384822061306652,0,Low
5931-FLJJF,Yes,0.6275224543300192,1,Medium
4815-YOSUK,No,0.054986820274290055,0,Low
2659-VXMWZ,Yes,0.16613645118636725,0,Low
0380-NEAVX,No,0.4094918117174058,0,Medium
3207-OYBWH,Yes,0.33680616071900776,0,Low
4285-GYRQC,Yes,0.7000408083588737,1,High
7216-EWTRS,Yes,0.8455568109778178,1,High
4365-MSDYN,No,0.193225163215712,0,Low
7036-TYDEC,No,0.0842732635611256,0,Low
5802-ADBRC,No,0.23780436878340297,0,Low
8076-FEZKJ,No,0.07451284105991199,0,Low
5197-YPYBZ,No,0.035272013690237136,0,Low
8337-MSSXB,Yes,0.6155720302072883,1,Medium
4312-GVYNH,No,0.011605926086771695,0,Low
8495-LJDFO,No,0.2539915325559183,0,Low
0839-JTCUD,No,0.010931147104580718,0,Low
5494-WOZRZ,No,0.010770331017286012,0,Low
1302-UHBDD,No,0.6201044208930128,1,Medium
2234-EOFPT,No,0.011640231107799753,0,Low
8619-IJNDK,No,0.0029939873930706546,0,Low
8378-LKJAF,No,0.48306190102324986,0,Medium
8182-BJDSI,Yes,0.5974883141058639,1,Medium
2528-HFYZX,Yes,0.574419244816846,1,Medium
1153-GNOLC,No,0.20982242907850376,0,Low
3298-QEICA,No,0.0344597063675774,0,Low
0788-DXBFY,No,0.013594041752139683,0,Low
3597-YASZG,No,0.08738069670124074,0,Low
3496-LFSZU,No,0.6028981754466165,1,Medium
5242-UOWHD,No,0.006719980034704228,0,Low
2482-CZGBB,Yes,0.6392283717270761,1,Medium
6479-SZPLM,No,0.009291017648859949,0,Low
8097-VBQTZ,No,0.05717702525396466,0,Low
4500-HKANN,No,0.03920958167944711,0,Low
9917-KWRBE,No,0.06007238196998889,0,Low
3420-ZDBMA,No,0.6361616055515928,1,Medium
2212-LYASK,No,0.15136438718862885,0,Low
1393-IMKZG,No,0.7133803340761873,1,High
8069-RHUXK,No,0.004978337615528977,0,Low
3398-GCPMU,No,0.015165008329524717,0,Low
2908-WGAXL,No,0.007403635294352962,0,Low
3378-AJRAO,No,0.024471509098376486,0,Low
1013-QCWAM,No,0.4430604893116281,0,Medium
0866-QLSIR,Yes,0.05545847528319037,0,Low
6050-FFXES,No,0.06178255500590401,0,Low
7181-BQYBV,Yes,0.7215879017755638,1,High
0362-RAOQO,No,0.009213007270993487,0,Low
9554-DFKIC,No,0.14614108733728706,0,Low
5527-ACHSO,No,0.29012244764543965,0,Low
0829-DDVLK,No,0.052464331972936526,0,Low
1399-UBQIU,No,0.5328036414503905,1,Medium
1813-JLKWR,No,0.004872998676215912,0,Low
0336-PIKEI,No,0.00657030892950119,0,Low
7322-OCWHC,No,0.03058600763383835,0,Low
9537-VHDTA,No,0.2152765566448471,0,Low
4957-TIALW,No,0.04057912633522602,0,Low
2054-PJOCK,No,0.04660277313261399,0,Low
9150-HEPMB,No,0.02106364438427799,0,Low
9030-QGZNL,No,0.04246348890360917,0,Low
6204-IEUXJ,Yes,0.3966324197275004,0,Low
3126-WQMGH,No,0.12498247071959664,0,Low
4529-CKBCL,Yes,0.7385589089597135,1,High
2506-CLAKW,Yes,0.3908424085321353,0,Low
7176-WRTNX,No,0.05273825796014294,0,Low
1583-IHQZE,Yes,0.5973918009986463,1,Medium
5732-IKGQH,No,0.1448932401937479,0,Low
9239-GZHZE,No,0.05185608464921917,0,Low
7205-BAIAD,No,0.013492485517289031,0,Low
0151-ONTOV,Yes,0.5399706671715835,1,Medium
4140-MUHUG,Yes,0.7472470999784997,1,High
0093-EXYQL,No,0.5647654691990164,1,Medium
8064-RAVOH,No,0.45375720471552794,0,Medium
0219-QAERP,No,0.02804439475801273,0,Low
0320-JDNQG,Yes,0.42853955478454914,0,Medium
7180-PISOG,Yes,0.7243129442611874,1,High
9168-INPSZ,No,0.4499074126792652,0,Medium
3571-RFHAR,Yes,0.3407395361398933,0,Low
0015-UOCOJ,No,0.3933908613179473,0,Low
5334-AFQJB,No,0.005129338507061861,0,Low
2754-SDJRD,No,0.6837582274074191,1,Medium
9578-VRMNM,Yes,0.39317054313514554,0,Low
1587-FKLZB,Yes,0.34036245939252496,0,Low
6140-QNRQQ,Yes,0.6327573731468543,1,Medium
8963-JLGJT,No,0.19997892599798806,0,Low
4307-KTUMW,Yes,0.2826431525010746,0,Low
1465-LNTLJ,No,0.35705701701326303,0,Low
5440-FLBQG,Yes,0.09061062862212652,0,Low
2135-DQWAQ,No,0.6137223725243665,1,Medium
4056-QHXHZ,No,0.034627572648838485,0,Low
7470-MCQTK,Yes,0.5490731712862911,1,Medium
7488-MXJIV,Yes,0.7780137415205668,1,High
7401-JIXNM,No,0.015606770177343481,0,Low
9339-FIIJL,No,0.016670063092873905,0,Low
2027-FECZV,Yes,0.7442592915381199,1,High
2672-DZUOY,Yes,0.6531439753922639,1,Medium
4706-DGAHW,No,0.4631543474211081,0,Medium
3870-MQAMG,Yes,0.1949307855164933,0,Low
6670-MFRPK,No,0.045358044905883854,0,Low
6177-PEVRA,No,0.011359228693518297,0,Low
4800-CZMPC,Yes,0.17462184969561068,0,Low
4813-HQMGZ,No,0.6895614210745584,1,Medium
7579-KKLOE,No,0.01572581128685836,0,Low
7377-DMMRI,Yes,0.41228793225445115,0,Medium
8402-EIVQS,No,0.09892648446865483,0,Low
4947-DSMXK,No,0.49034886744342504,0,Medium
7245-NIIWQ,No,0.6865690645301495,1,Medium
0002-ORFBO,No,0.14640608714176528,0,Low
3324-OIRTO,No,0.07560767982409426,0,Low
5414-OFQCB,No,0.08260892627369798,0,Low
4967-WPNCF,No,0.014334251001709231,0,Low
8552-OBVRU,No,0.30063143854739294,0,Low
8499-BRXTD,No,0.05237457788180867,0,Low
9154-QDGTH,No,0.22408267745909122,0,Low
8197-BFWVU,No,0.013467117557055064,0,Low
2577-GVSIL,No,0.12440412536254629,0,Low
9367-OIUXP,No,0.17063117535565725,0,Low
6770-UAYGJ,No,0.007603323381640634,0,Low
6463-HHXJR,No,0.028049574349887526,0,Low
7928-VJYAB,No,0.6088548827123937,1,Medium
1187-WILMM,No,0.017400641599603757,0,Low
9776-OJUZI,No,0.2793261097951939,0,Low
1306-RPWXZ,No,0.0048263832748267205,0,Low
8949-JTMAY,Yes,0.5929270025508291,1,Medium
2774-LVQUS,Yes,0.6175984532637273,1,Medium
3097-PYWXL,No,0.24723117925501878,0,Low
2266-SJNAT,No,0.09158694911542342,0,Low
0869-PAPRP,No,0.4906381331691909,0,Medium
4238-JSSWH,No,0.49104545545270883,0,Medium
2972-YDYUW,No,0.13491786415058157,0,Low
1104-FEJAM,No,0.24429791371818135,0,Low
2809-ILCYT,No,0.07257205569496178,0,Low
5499-ECUTN,No,0.04989247944336719,0,Low
4981-FLTMF,No,0.026217078700437137,0,Low
9121-PHQSR,No,0.6628873651829286,1,Medium
3113-IWHLC,No,0.29658160878328504,0,Low
3211-ILJTT,Yes,0.48899006148421714,0,Medium
4612-THJBS,Yes,0.24804116963210796,0,Low
4277-BWBML,No,0.001745249066341818,0,Low
4094-NSEDU,Yes,0.7608925574367065,1,High
0234-TEVTT,No,0.03889041211669647,0,Low
4304-TSPVK,No,0.04198393569907816,0,Low
1552-AAGRX,No,0.31943718405917476,0,Low
2637-FKFSY,No,0.4182368534828196,0,Medium
9796-MVYXX,No,0.06941131786451257,0,Low
7874-ECPQJ,No,0.1794891463915434,0,Low
0020-INWCK,No,0.05607600955632396,0,Low
7089-RKVSZ,No,0.08784461459941131,0,Low
2683-JXWQQ,No,0.03402789485135319,0,Low
9548-ZMVTX,No,0.020860325544973222,0,Low
8739-XNIKG,No,0.7777614412212451,1,High
9755-JHNMN,No,0.00833095670206259,0,Low
3981-QSVQI,No,0.18980118138217866,0,Low
2789-HQBOU,No,0.7371300792035511,1,High
9424-CMPOG,No,0.03490079921946487,0,Low
5067-WJEUN,No,0.007284730775856986,0,Low
3450-WXOAT,No,0.10292941123117251,0,Low
9251-WNSOD,No,0.02558591360012664,0,Low
6974-DAFLI,No,0.013442480188693326,0,Low
2616-UUTFK,No,0.18744787799535798,0,Low
7064-JHXCE,No,0.002772397227065844,0,Low
5103-MHMHY,Yes,0.29671848120274485,0,Low
7989-AWGEH,No,0.1429876242819948,0,Low
4373-VVHQL,No,0.5206653677255713,1,Medium
4559-UWIHT,No,0.6443519549054708,1,Medium
7268-IGMFD,No,0.47302354177674205,0,Medium
1846-XWOQN,Yes,0.7309259359625849,1,High
0235-KGSLC,Yes,0.6486755980377087,1,Medium
6650-BWFRT,No,0.05377452776604584,0,Low
9570-KYEUA,No,0.0360753598943836,0,Low
6993-YGFJV,No,0.05972472293222317,0,Low
2712-SYWAY,No,0.3780070129488043,0,Low
0730-BGQGF,No,0.00930409163840876,0,Low
5498-IBWPI,No,0.014971904432108737,0,Low
9101-NTIXF,No,0.18782557190628985,0,Low
0013-SMEOE,No,0.04616562905821597,0,Low
9314-QDMDW,No,0.2821981599213347,0,Low
9308-ANMVE,No,0.07607444929927536,0,Low
2884-GBPFB,Yes,0.4203348133775041,0,Medium
3757-NJYBX,Yes,0.49755833243206765,0,Medium
3413-DHLPB,No,0.23747688000315662,0,Low
7649-PHJVR,No,0.07109215912989615,0,Low
6114-TCFID,No,0.046838787507370805,0,Low
3787-TRIAL,No,0.38260268357178867,0,Low
2573-GYRUU,No,0.41856237249058814,0,Medium
5156-UMKOW,No,0.36604543477945095,0,Low
1247-QBVSH,No,0.06562160541548265,0,Low
6734-GMPVK,No,0.7137553238151957,1,High
9822-OAOVB,No,0.5674639381679242,1,Medium
6161-ERDGD,No,0.0311391210711746,0,Low
1226-JZNKR,No,0.08667944505758449,0,Low
7318-EIVKO,No,0.5816604790127682,1,Medium
3771-PZOBW,No,0.5841215952787415,1,Medium
5136-KCKGI,Yes,0.2852086776592447,0,Low
8231-BSWXX,No,0.08273979161248946,0,Low
6486-LHTMA,No,0.47401003697019967,0,Medium
4083-BFNYK,No,0.16475265577696063,0,Low
3722-WPXTK,Yes,0.7937132918065367,1,High
7389-KBFIT,No,0.4698130638903923,0,Medium
7176-WIONM,No,0.5564863661307387,1,Medium
5141-ZUVBH,No,0.2798796468329387,0,Low
1089-HDMKP,No,0.2841345344749163,0,Low
7623-HKYRK,No,0.13199578184965916,0,Low
0310-SUCIN,No,0.022840007818125636,0,Low
5197-PYEPU,No,0.14905365127096756,0,Low
2929-ERCFZ,Yes,0.7041569634668957,1,High
7548-SEPYI,Yes,0.7305721848488383,1,High
8835-VSDSE,Yes,0.6963328564910782,1,Medium
6619-RPLQZ,No,0.006465399842209678,0,Low
3275-RHRNE,No,0.13991589987898131,0,Low
3503-TYDAY,No,0.31682667491232436,0,Low
6901-GOGZG,No,0.03041164191564359,0,Low
1623-NLDOT,Yes,0.0464448568276398,0,Low
7021-XSNYE,No,0.07297789467704592,0,Low
9621-OUPYD,No,0.05048668711407194,0,Low
9898-KZQDZ,Yes,0.48774920342946665,0,Medium
8982-NHAVY,No,0.4389615893739236,0,Medium
4307-KWMXE,No,0.3376715750333572,0,Low
0141-YEAYS,No,0.46809835065114413,0,Medium
2450-ZKEED,No,0.10385871243839867,0,Low
3694-DELSO,No,0.34077540285228025,0,Low
3893-JRNFS,No,0.08750946893031261,0,Low
9603-OAIHC,No,0.7356394058365521,1,High
1133-KXCGE,No,0.05132415415167035,0,Low
5236-PERKL,Yes,0.09918662024010412,0,Low
0142-GVYSN,No,0.12848026038596605,0,Low
1049-FYSYG,No,0.336158154003322,0,Low
7854-FOKSF,Yes,0.6159040352870829,1,Medium
2519-FAKOD,Yes,0.48231256794345995,0,Medium
8406-LNMHF,No,0.07501399140091426,0,Low
1821-BUCWY,No,0.041345359712668145,0,Low
8263-JQAIK,Yes,0.6076588036023262,1,Medium
0023-UYUPN,No,0.027148002773435296,0,Low
8314-DPQHL,No,0.15754503482262985,0,Low
1465-WCZVT,No,0.14897561994667702,0,Low
9481-SFCQY,No,0.29239538558724126,0,Low
6360-SVNWV,No,0.2932367493460359,0,Low
0567-GGCAC,No,0.23178474650755526,0,Low
7089-IVVAZ,Yes,0.5596280085271838,1,Medium
8884-MRNSU,No,0.04161065663286252,0,Low
2171-UDMFD,No,0.058060821590118744,0,Low
9050-IKDZA,No,0.6201339666470264,1,Medium
2205-YMZZJ,Yes,0.7919680080484373,1,High
9802-CAQUT,No,0.039353985309464955,0,Low
1254-IZEYF,Yes,0.6770456514470599,1,Medium
0187-WZNAB,No,0.20842125500759529,0,Low
9492-TOKRI,Yes,0.5593845773511302,1,Medium
1475-VWVDO,No,0.6516166613486148,1,Medium
9221-OTIVJ,Yes,0.7657216588852811,1,High
1357-MVDOZ,No,0.3346915501987909,0,Low
7602-MVRMB,No,0.04888251520074554,0,Low
3325-FUYCG,Yes,0.2655728064398511,0,Low
5908-QMGOE,Yes,0.6078996492997252,1,Medium
1197-BVMVG,No,0.7673136596276968,1,High
5406-KGRMX,No,0.004715679650050699,0,Low
8481-YYXWG,Yes,0.6031433853757168,1,Medium
5968-HYJRZ,No,0.00859460051182204,0,Low
5198-EFNBM,No,0.21057997120349733,0,Low
7516-GMHUV,No,0.14606789425796982,0,Low
7140-ADSMJ,No,0.18323023546763195,0,Low
2230-XTUWL,No,0.0056568202309728345,0,Low
7706-YLMQA,No,0.004414216268798629,0,Low
2585-KTFRE,No,0.21576337641543503,0,Low
7994-UYIVZ,No,0.6871590999615959,1,Medium
2609-IAICY,Yes,0.751382736687731,1,High
1740-CSDJP,Yes,0.6152948937847803,1,Medium
7717-BICXI,No,0.003337264298650627,0,Low
6559-RAKOZ,No,0.27636581089336226,0,Low
2636-OHFMN,Yes,0.6968648899976619,1,Medium
4716-MRVEN,No,0.03133646971871017,0,Low
2143-LJULT,No,0.005611222094820823,0,Low
1323-OOEPC,Yes,0.3905266754410256,0,Low
3200-MNQTF,No,0.006308716055752939,0,Low
6164-HXUGH,No,0.13181269016433908,0,Low
5630-IXDXV,No,0.5236806524940842,1,Medium
0320-DWVTU,No,0.03341815391274307,0,Low
9135-MGVPY,No,0.014302248831132298,0,Low
1212-GLHMD,No,0.5700266644745895,1,Medium
7878-JGDKK,No,0.33044365114756585,0,Low
1088-AUUZZ,No,0.014990993936875781,0,Low
0397-GZBBC,Yes,0.4295625133684855,0,Medium
6614-YWYSC,No,0.006108485432879044,0,Low
9588-OZDMQ,No,0.5093036173177387,1,Medium
7641-EUYET,Yes,0.3554004979709351,0,Low
6476-EPYZR,No,0.10463376109104425,0,Low
9921-ZVRHG,Yes,0.6584319462143231,1,Medium
1174-FGIFN,No,0.3253290283494337,0,Low
6620-HVDUJ,No,0.07495738222529881,0,Low
4701-MLJPN,Yes,0.18434221901570397,0,Low
1032-MAELW,No,0.028633148422676065,0,Low
7641-TQFHN,No,0.11205573071468819,0,Low
1552-TKMXS,No,0.031262096055977844,0,Low
9206-GVPEQ,Yes,0.4622501650170696,0,Medium
8622-ZLFKO,No,0.7386233330196169,1,High
1596-BBVTG,Yes,0.3160794677850555,0,Low
6188-UXBBR,No,0.027749632092591056,0,Low
2333-KWEWW,No,0.025503475904298776,0,Low
5702-SKUOB,No,0.17360283161483456,0,Low
1134-YWTYF,No,0.19044797480621087,0,Low
6061-GWWAV,No,0.034802620565239854,0,Low
0679-TDGAK,No,0.041764796770043015,0,Low
6585-WCEWR,No,0.0025623744254033064,0,Low
9067-YGSCA,No,0.006259852464536053,0,Low
9067-SQTNS,No,0.012305579246471186,0,Low
8433-WXGNA,Yes,0.6020786158045225,1,Medium
1776-SPBWV,No,0.027231992314780556,0,Low
8735-SDUFN,No,0.0036845163815483668,0,Low
9668-PUGNU,No,0.0072918216442213035,0,Low
9405-GPBBG,No,0.08598420395147076,0,Low
1926-QUZNN,No,0.004600461541185407,0,Low
3707-GNWHM,Yes,0.7036581342664605,1,High
7016-NVRIC,No,0.18545214657999595,0,Low
5829-NVSQN,No,0.08770939956989551,0,Low
9565-AXSMR,No,0.004939909014077886,0,Low
8922-LIEGH,Yes,0.6454129888580483,1,Medium
8869-LIHMK,No,0.06331001437197127,0,Low
8245-UMPYT,Yes,0.7838756676959796,1,High
5186-SAMNZ,Yes,0.6565661521364905,1,Medium
0447-RXSGD,No,0.601716727956425,1,Medium
4927-WWOOZ,No,0.7875459066646939,1,High
5788-YPOEG,No,0.02256346370145675,0,Low
5373-SFODM,Yes,0.5133345062451917,1,Medium
0661-KBKPA,No,0.07272227823093362,0,Low
9081-WWXKP,No,0.0052877570366963635,0,Low
0784-ZQJZX,No,0.0017393694526627276,0,Low
3133-PZNSR,No,0.028395066794704157,0,Low
5766-ZJYBB,Yes,0.1945893024738543,0,Low
8931-GJJIQ,Yes,0.7586792018505035,1,High
4277-PVRAN,Yes,0.6161361331330377,1,Medium
0022-TCJCI,Yes,0.04439555147876691,0,Low
0722-SVSFK,No,0.6710020642773298,1,Medium
3612-YVGSJ,No,0.004585310668256344,0,Low
9825-YCXWZ,No,0.23259014912331097,0,Low
5397-NSKQG,No,0.013486588297848563,0,Low
8565-HBFNN,No,0.0722268272655934,0,Low
2000-DHJUY,No,0.020791953662967867,0,Low
0203-HHYIJ,Yes,0.04818857317421307,0,Low
8670-ERCJH,No,0.03793665866251695,0,Low
7758-UJWYS,No,0.08026406538921428,0,Low
2050-ONYDQ,No,0.0033299129897322666,0,Low
7055-JCGNI,No,0.053425204101145186,0,Low
0739-UUAJR,No,0.01705075549360447,0,Low
4826-DXMUP,No,0.09306662416940352,0,Low
0952-KMEEH,Yes,0.5445290542109894,1,Medium
7285-KLOTR,No,0.25418955886170014,0,Low
0654-PQKDW,No,0.018145346691257547,0,Low
7175-NTIXE,No,0.1805771854134414,0,Low
7963-SHNDT,No,0.010928448668636116,0,Low
9796-BPKIW,No,0.5909305416573492,1,Medium
0188-GWFLE,No,0.1856941733993013,0,Low
8129-GMVGI,No,0.003923698118438581,0,Low
2882-DDZPG,No,0.11594434569564888,0,Low
3547-LQRIK,No,0.026253289094142384,0,Low
9137-NOQKA,No,0.2673949588927741,0,Low
5843-TTHGI,No,0.2757285948515986,0,Low
1849-RJYIG,No,0.40014966974823024,0,Medium
8868-GAGIO,No,0.27027940264648603,0,Low
4061-UKJWL,No,0.3345934407630344,0,Low
5380-XPJNZ,No,0.02039376760727586,0,Low
8263-QMNTJ,No,0.08090609207628698,0,Low
8178-EYZUO,Yes,0.36450821216319507,0,Low
3230-JCNZS,No,0.04017220045085968,0,Low
0277-ORXQS,No,0.0157510574914867,0,Low
5130-IEKQT,Yes,0.5518192706400299,1,Medium
3230-WYKIR,Yes,0.21506157723973715,0,Low
7996-BPXHY,No,0.05015778564109134,0,Low
3227-WLKLI,No,0.01155777186974515,0,Low
0407-BDJKB,Yes,0.37095299994253467,0,Low
2266-FUBDZ,No,0.026531556649970124,0,Low
8237-ULIXL,No,0.0031253871724247857,0,Low
9600-UDOPK,Yes,0.5962370185267322,1,Medium
8216-AZUUZ,No,0.14493404901651086,0,Low
9153-BTBVV,No,0.003289552108607667,0,Low
4074-SJFFA,Yes,0.49346660010310617,0,Medium
3269-ATYWD,Yes,0.5665928046539375,1,Medium
5186-PEIZU,No,0.04271867137486355,0,Low
1074-AMIOH,No,0.2247585233448054,0,Low
4910-GMJOT,Yes,0.8307518257895184,1,High
0354-WYROK,Yes,0.4907748676402195,0,Medium
4361-FEBGN,No,0.006462233249969341,0,Low
7748-UMTRK,No,0.5735863327855211,1,Medium
0380-ZCSBI,No,0.12430105146363926,0,Low
7145-FEJWU,No,0.700059836922145,1,High
6463-MVYRY,No,0.011634626868900108,0,Low
3969-JQABI,No,0.05931865234739016,0,Low
9624-EGDEQ,No,0.011822116964710165,0,Low
1051-EQPZR,No,0.024997217923671596,0,Low
5849-ASHZJ,No,0.02536562763752476,0,Low
5780-INQIK,No,0.27803157402337975,0,Low
7576-OYWBN,Yes,0.7733441914869076,1,High
4526-ZJJTM,No,0.3916068559811682,0,Low
8384-FZBJK,No,0.4042023207756647,0,Medium
3750-RNQKR,No,0.1243732401420335,0,Low
0962-CQPWQ,No,0.002803018988334297,0,Low
3096-YXENJ,No,0.08986274653605905,0,Low
1265-BCFEO,No,0.026429596265526684,0,Low
5837-LXSDN,No,0.12635614416498492,0,Low
5945-AZYHT,No,0.18543244156629013,0,Low
8325-QRPZR,No,0.6473916939890526,1,Medium
6384-VMJHP,No,0.0076084566359823054,0,Low
2262-SLNVK,No,0.6179745410902188,1,Medium
7730-CLDSV,No,0.042177575558870126,0,Low
1135-HIORI,No,0.18500308451909606,0,Low
0164-APGRB,No,0.07960932481772857,0,Low
6481-ESCNL,No,0.49797840009401084,0,Medium
1790-NESIO,No,0.04884424419326232,0,Low
1550-EENBN,No,0.45191944369159487,0,Medium
5539-TMZLF,Yes,0.7365364649715809,1,High
4323-SADQS,Yes,0.35185981331652294,0,Low
4446-BZKHU,Yes,0.44214815698323884,0,Medium
5202-IVJNU,Yes,0.1069478286049371,0,Low
5976-JCJRH,Yes,0.6430132161154851,1,Medium
8198-RKSZG,No,0.23565910974106094,0,Low
0137-OCGAB,Yes,0.6576729749559113,1,Medium
3351-NQLDI,Yes,0.06541041611443763,0,Low
9297-EONCV,No,0.016973628808519214,0,Low
7593-JNWRU,Yes,0.33023467793358724,0,Low
4588-YBNIB,Yes,0.2544880484735803,0,Low
1069-QJOEE,No,0.04229302728804282,0,Low
3336-JORSO,Yes,0.5792374082645663,1,Medium
7799-DSEWS,No,0.2501705248958895,0,Low
8766-PAFNE,No,0.016704427484705,0,Low
5315-CKEQK,No,0.1881243989320386,0,Low
3130-ICDUP,No,0.4176704379434875,0,Medium
0820-FNRNX,No,0.20631824978413732,0,Low
0880-FVFWF,No,0.2403612209248714,0,Low
4611-ANLQC,No,0.039479515682611745,0,Low
4213-HKBJO,No,0.01704405637059042,0,Low
2792-LSHWX,No,0.39991867001635806,0,Low
5028-GZLDO,Yes,0.5113752236409863,1,Medium
0014-BMAQU,No,0.03578377110143897,0,Low
6861-XWTWQ,Yes,0.8279461795799299,1,High
9018-PCIOK,No,0.029249544422415556,0,Low
4837-QUSFT,No,0.08165047033307524,0,Low
6877-TJMBR,Yes,0.6791771181652092,1,Medium
9953-ZMKSM,No,0.005074660593832236,0,Low
0907-HQNTS,No,0.06430939519633812,0,Low
7665-NKLAV,No,0.018146532437329155,0,Low
6769-DCQLI,Yes,0.1526745661248345,0,Low
2433-KMEAS,Yes,0.29387924411649796,0,Low
4391-LNRXK,No,0.38356878448880016,0,Low
8250-ZNGGW,No,0.1536033248899877,0,Low
2195-ZRVAX,Yes,0.4058097208980793,0,Medium
3550-SAHFP,Yes,0.5918613985679896,1,Medium
2011-TRQYE,Yes,0.33018799992580233,0,Low
8562-GHPPI,No,0.1744083730964383,0,Low
5893-PYOLZ,No,0.02628931756862525,0,Low
4986-MXSFP,No,0.24470060078656022,0,Low
6131-FOYAS,No,0.20400135964107996,0,Low
3027-YNWZU,No,0.004381015746773823,0,Low
5609-IMCGG,No,0.458560865042519,0,Medium
4873-ILOLJ,Yes,0.6545284444667576,1,Medium
4727-MCYZG,No,0.4043983890788812,0,Medium
9481-WHGWY,No,0.00738505468192267,0,Low
2725-KXXWT,Yes,0.7911816450094997,1,High
9565-DJPIB,Yes,0.5498787351753316,1,Medium
4328-VUFWD,No,0.07017375612477982,0,Low
3301-LSLWQ,No,0.29291158810252055,0,Low
7473-ZBDSN,No,0.027359623105597683,0,Low
3166-PNEOF,No,0.0166999415256075,0,Low
5639-NTUPK,No,0.18425518583438286,0,Low
8780-YRMTT,No,0.009314392252912303,0,Low
8348-HFYIV,Yes,0.7328754315557188,1,High
5140-FOMCQ,No,0.1685150046454968,0,Low
6242-SGYTS,No,0.089761918969859,0,Low
8166-ORCHU,No,0.210623189768483,0,Low
8414-OOEEL,No,0.01539631125961914,0,Low
8454-AATJP,No,0.03710170194712875,0,Low
6849-WLEYG,Yes,0.1610017782521035,0,Low
4659-NZRUF,Yes,0.5573238912522358,1,Medium
4531-AUZNK,No,0.11320266933478124,0,Low
4191-XOVOM,No,0.27718496115119373,0,Low
2150-OEGBV,No,0.0325401988952609,0,Low
8429-XIBUM,Yes,0.5537402803060738,1,Medium
1855-CFULU,No,0.19131431229711288,0,Low
4878-BUNFV,No,0.007601918166606523,0,Low
1872-EBWSC,No,0.031296286000691995,0,Low
2608-BHKFN,Yes,0.582136283176946,1,Medium
7026-YMSBE,No,0.030802335810572817,0,Low
7341-LXCAF,Yes,0.7479926046220737,1,High
6997-UVGOX,No,0.006803690152008549,0,Low
9674-EHPPG,No,0.015056483293851331,0,Low
9462-MJUAW,Yes,0.3920884615744389,0,Low
8128-YVJRG,Yes,0.5559104499132568,1,Medium
5440-VHLUL,No,0.14118426995560826,0,Low
5781-BKHOP,No,0.03543452969537816,0,Low
4283-FUTGF,Yes,0.6622524122692426,1,Medium
5213-TWWJU,No,0.3782657942064791,0,Low
1569-TTNYJ,Yes,0.711093590829174,1,High
8628-MFKAX,No,0.05888235222812558,0,Low
2397-BRLOM,Yes,0.5945119438050557,1,Medium
7629-WIXZF,No,0.25824462596063374,0,Low
5445-GLVOT,No,0.23027077597744838,0,Low
3976-HXHCE,No,0.002205801329836667,0,Low
2466-NEJOJ,No,0.1135396128290786,0,Low
0254-KCJGT,No,0.041212632321647395,0,Low
5472-CVMDX,No,0.006596592615996815,0,Low
6461-SZMCV,No,0.012359873397633682,0,Low
8150-QUDFX,No,0.18679038998059133,0,Low
9508-ILZDG,No,0.4927336338014965,0,Medium
2346-DJQTB,No,0.21496205418792572,0,Low
1697-LYYYX,No,0.005325729608948202,0,Low
1942-OQFRW,No,0.4311819082242573,0,Medium
4749-VFKVB,Yes,0.5079118850617211,1,Medium
9640-ZSLDC,No,0.03383735138196992,0,Low
4231-LZUYM,No,0.0031916917955700204,0,Low
7598-UAASY,Yes,0.6058115350215659,1,Medium
7938-OUHIO,Yes,0.7044818231473008,1,High
8510-AWCXC,Yes,0.7231328671214782,1,High
6128-AQBMT,No,0.3799292849148252,0,Low
3594-BDSOA,No,0.035791842552562986,0,Low
0431-APWVY,Yes,0.31553297341045566,0,Low
5133-VRSAB,No,0.3155160264845056,0,Low
5996-DAOQL,No,0.25629035503838016,0,Low
6838-YAUVY,No,0.08916318804368671,0,Low
0484-JPBRU,No,0.0650378153035307,0,Low
7883-ROJOC,No,0.20847772443213758,0,Low
0244-LGNFY,No,0.009511044131116229,0,Low
7274-CGTOD,No,0.01008463592661876,0,Low
4295-YURET,No,0.0191368661894821,0,Low
3426-NIYYL,Yes,0.35899741569507665,0,Low
8225-BTJAU,Yes,0.7238659694622899,1,High
4635-EJYPD,No,0.012313191527995405,0,Low
1866-ZSLJM,No,0.07775939583357085,0,Low
4636-TVXVG,No,0.005387765775081569,0,Low
4236-UJPWO,No,0.5506192706550601,1,Medium
9392-XBGTD,No,0.014995738165564633,0,Low
3387-VATUS,Yes,0.751506918674319,1,High
6402-SSEJG,No,0.17642110058347765,0,Low
1143-NMNQJ,Yes,0.7889921234529367,1,High
1169-SAOCL,No,0.21095111247659296,0,Low
1110-KYLGQ,No,0.19140063350613498,0,Low
9929-PLVPA,No,0.1273519665994721,0,Low
3518-PZXZQ,No,0.4970960506739306,0,Medium
2371-JUNGC,No,0.1301687851877815,0,Low
7693-QPEFS,No,0.3150802063301624,0,Low
0924-BJCRC,No,0.3067670383038188,0,Low
5074-FBGHB,No,0.17458905163785157,0,Low
2351-BKRZW,No,0.025027059907148312,0,Low
4455-BFSPD,No,0.13709413216900687,0,Low
0415-MOSGF,Yes,0.35110847919275207,0,Low
1724-BQUHA,Yes,0.7962636581467004,1,High
3948-KXDUF,No,0.006566639435639223,0,Low
2323-ARSVR,No,0.061743821066211506,0,Low
0815-MFZGM,No,0.12124019913159204,0,Low
4826-XTSOH,Yes,0.8232420764646594,1,High
5480-XTFFL,No,0.012503605538500228,0,Low
8295-FHIVV,No,0.210763400022526,0,Low
2495-INZWQ,Yes,0.7241045094381974,1,High
9086-YJYXS,No,0.12172148991021395,0,Low
1179-INLAT,No,0.1386059694996632,0,Low
7909-FIOIY,No,0.32761192970024605,0,Low
4139-SUGLD,Yes,0.08177305894775132,0,Low
6857-VWJDT,Yes,0.7099410486289225,1,High
6351-SCJKT,No,0.2699587766382474,0,Low
5468-BPMMO,No,0.0394199040608398,0,Low
5624-BQSSA,Yes,0.18741716427257765,0,Low
0197-PNKNK,No,0.042936913440401,0,Low
2439-QKJUL,No,0.16567471914499252,0,Low
1194-SPVSP,No,0.18246268439935043,0,Low
9534-NSXEM,No,0.04737473984662505,0,Low
2408-WITXK,Yes,0.6449384003984507,1,Medium
8929-KSWIH,No,0.13794339387103216,0,Low
2250-IVBWA,No,0.08608443012302365,0,Low
1810-MVMAI,No,0.09764794879977357,0,Low
9506-UXUSK,No,0.6132469478633419,1,Medium
1229-RCALF,No,0.16337972852442204,0,Low
3572-UOLYZ,No,0.2168251554972882,0,Low
1429-UYJSV,No,0.06668312779839537,0,Low
5577-OTWWW,Yes,0.10222266845101484,0,Low
6100-QQHEB,Yes,0.7218752441917246,1,High
6366-XIVKZ,No,0.24767585710052878,0,Low
3470-OBUET,No,0.006900372155461434,0,Low
2770-NSVDG,No,0.31823175275745863,0,Low
9375-MHRRS,No,0.23577597149815976,0,Low
2634-HCZGT,Yes,0.05343913779944608,0,Low
7503-QQRVF,Yes,0.48944971021213385,0,Medium
4860-YZGZM,No,0.17632806521954691,0,Low
6599-GZWCM,No,0.3281268135652889,0,Low
2691-NZETQ,Yes,0.7553149653924474,1,High
4404-HIBDJ,Yes,0.0519530711700578,0,Low
5533-NHFRF,No,0.5524621348864488,1,Medium
7037-MTYVW,No,0.04314972583541585,0,Low
4760-THGOT,No,0.39620376023213894,0,Low
7295-JOMMD,Yes,0.5546301729520502,1,Medium
4016-BJKTZ,No,0.2160686873062508,0,Low
6584-VQMYT,No,0.04275245610648212,0,Low
9838-BFCQT,No,0.0027699863913160532,0,Low
2790-XUYMV,No,0.048758971475794555,0,Low
0581-MDMPW,No,0.5517571994261264,1,Medium
5013-SBUIH,Yes,0.12377526268237782,0,Low
1023-BQXZE,No,0.02873279093071471,0,Low
9163-GHAYE,No,0.26373359071326735,0,Low
3904-UKFRE,No,0.6546624547679966,1,Medium
5353-WILCI,No,0.12237835079951749,0,Low
0709-TVGUR,Yes,0.7335138045184592,1,High
0058-EVZWM,No,0.2584464533348788,0,Low
6023-YEBUP,Yes,0.8178398428772145,1,High
7209-JCUDS,Yes,0.7393744255575116,1,High
7009-PCARS,No,0.007203014662907589,0,Low
0519-DRGTI,No,0.07369608935751974,0,Low
1017-FBQMM,No,0.13294581740959008,0,Low
3001-CBHLQ,Yes,0.6293184287877058,1,Medium
1985-MBRYP,No,0.011647688869309034,0,Low
6158-DWPZT,Yes,0.24522255997206024,0,Low
9372-TXXPS,No,0.005516198331215646,0,Low
3259-QMXUN,No,0.049572783181889866,0,Low
1015-JPFYW,No,0.06841734170895013,0,Low
6645-MXQJT,No,0.5640333318375514,1,Medium
4360-QRAVE,No,0.20277336222587655,0,Low
8433-WPJTV,No,0.15858148329288999,0,Low
5804-JMYIO,No,0.008637108954126733,0,Low
3763-GCZHZ,Yes,0.20697351174785047,0,Low
6484-LATFU,No,0.004072311006351941,0,Low
7599-NTMDP,No,0.007922317328467023,0,Low
0772-GYEQQ,Yes,0.5838702296999286,1,Medium
0536-ACXIP,No,0.10706653795616586,0,Low
0936-NQLJU,No,0.008902687663905824,0,Low
4831-EOBFE,Yes,0.283601732808494,0,Low
1575-KRZZE,No,0.26230329069084374,0,Low
3251-YMVWZ,No,0.014127816070087043,0,Low
4102-OQUPX,Yes,0.7925380420992187,1,High
9170-GYZJC,Yes,0.06112372820198432,0,Low
4884-LEVMQ,No,0.014726892135496498,0,Low
8857-CUPFQ,No,0.0036870670751505534,0,Low
7610-TVOPG,No,0.24652527814542383,0,Low
3638-DIMPH,No,0.19055595972394,0,Low
1845-ZLLIG,No,0.3997460894623063,0,Low
8559-WNQZS,No,0.059356246613355174,0,Low
3999-QGRJH,Yes,0.6868077250441541,1,Medium
1699-UOTXU,No,0.011368058523833987,0,Low
2454-RPBRZ,Yes,0.7168499933216665,1,High
0635-WKOLD,No,0.05985866125871264,0,Low
5993-JSUWV,No,0.008879238030950245,0,Low
4518-FZBSX,No,0.014501040233636428,0,Low
5387-ASZNZ,No,0.019184505602322748,0,Low
6988-CJEYV,No,0.43657849268089666,0,Medium
2002-MZHWP,Yes,0.1884743232714892,0,Low
3097-FQTVJ,No,0.0096289005304054,0,Low
5465-BUBFA,No,0.007319178336199221,0,Low
7299-GNVPL,No,0.15570848552735625,0,Low
9743-DQKQW,No,0.5431736772566692,1,Medium
1215-VFYVK,No,0.3147043340618638,0,Low
9371-BITHB,No,0.004798906715676719,0,Low
2265-CYWIV,Yes,0.7752175527077622,1,High
9093-FPDLG,No,0.5488869704378315,1,Medium
0541-FITGH,No,0.37582180433583207,0,Low
6985-HAYWX,No,0.3574541952938521,0,Low
7508-KBIMB,No,0.07159265553261197,0,Low
6838-HVLXG,No,0.12294545525658532,0,Low
2277-DJJDL,No,0.44349199328657,0,Medium
1897-OKVMW,No,0.018525080482577016,0,Low
5485-ITNPC,No,0.014209797447649603,0,Low
0233-FTHAV,No,0.1314238875050354,0,Low
4644-PIZRT,No,0.15257272671245012,0,Low
8922-NPKBJ,No,0.007830960990698002,0,Low
2740-TVLFN,No,0.5894913928363202,1,Medium
7771-CFQRQ,No,0.014729261682063425,0,Low
9512-PHSMG,No,0.18653130049189878,0,Low
6963-EZQEE,No,0.021016105151546654,0,Low
2452-KDRRH,No,0.36946096168555165,0,Low
2004-OCQXK,Yes,0.73998803813119,1,High
5027-QPKTE,Yes,0.6659921473004667,1,Medium
4146-SVFUD,No,0.3555600362080286,0,Low
1564-HJUVY,No,0.32589466616724844,0,Low
3617-XLSGQ,No,0.04567078367726503,0,Low
7517-LDMPS,No,0.6368237663259722,1,Medium
7244-KXYZN,No,0.0353764283072911,0,Low
5226-NOZFC,No,0.5285166490415873,1,Medium
2672-HUYVI,Yes,0.7524370070736828,1,High
1400-WIVLL,No,0.11553335448397989,0,Low
7508-MYBOG,Yes,0.7294756581600991,1,High
8148-NLEGT,No,0.01454031480788457,0,Low
0148-DCDOS,Yes,0.6287665306794197,1,Medium
8347-GDTMP,No,0.0030666650091747205,0,Low
9992-RRAMN,Yes,0.6781786451786349,1,Medium
6746-WAUWT,No,0.06428696842092038,0,Low
0310-MVLET,Yes,0.3828413560364021,0,Low
0428-IKYCP,No,0.5002440362063161,1,Medium
4550-VBOFE,Yes,0.42217153295955284,0,Medium
2187-PKZAY,No,0.5930565974900394,1,Medium
4003-OCTMP,No,0.09317108159842315,0,Low
6652-YFFJO,No,0.5359397209208466,1,Medium
7225-IILWY,No,0.003285300754271379,0,Low
5248-RPYWW,No,0.01644174241046399,0,Low
7923-IYJWY,No,0.06874017196916235,0,Low
3170-GWYKC,No,0.1791368901501996,0,Low
5696-QURRL,Yes,0.4426705875467201,0,Medium
7409-KIUTL,Yes,0.6816352894076518,1,Medium
9830-ECLEN,No,0.026686160350152806,0,Low
1732-VHUBQ,Yes,0.17315073558979155,0,Low
0495-RVCBF,Yes,0.7465960975647578,1,High
2668-TZSPS,No,0.19206878918241538,0,Low
7854-EDSSA,Yes,0.19981663406803055,0,Low
8869-TORSS,Yes,0.025733157607468082,0,Low
7446-SFAOA,No,0.02955554708245894,0,Low
9522-ZSINC,No,0.11994369388457235,0,Low
8234-GSZYK,No,0.011456453136729671,0,Low
6505-OZNPG,No,0.1469974314013597,0,Low
6164-HAQTX,No,0.007340046992239468,0,Low
0679-IDSTG,Yes,0.6920634349572803,1,Medium
7765-LWVVH,No,0.055461794547670695,0,Low
1658-TJVOA,No,0.6036941199740073,1,Medium
0953-LGOVU,No,0.21863164174083152,0,Low
2115-BFTIW,Yes,0.34293472015250975,0,Low
4692-NNQRU,No,0.2274483613122973,0,Low
7742-MYPGI,No,0.2671642312966331,0,Low
0611-DFXKO,Yes,0.617953980232351,1,Medium
7780-OTDSO,Yes,0.6733750977085469,1,Medium
9619-GSATL,No,0.04119871209936558,0,Low
5622-UEJFI,No,0.01878749592943863,0,Low
9747-DDZOS,Yes,0.5199891325364018,1,Medium
0674-DGMAQ,No,0.6088286659387051,1,Medium
6203-HBZPA,No,0.020303334298786627,0,Low
0484-FFVBJ,No,0.1577807051679034,0,Low
0301-FIDRB,No,0.012035322894018258,0,Low
4139-JPIAM,No,0.0828810665845248,0,Low
2181-TIDSV,No,0.003083138058051559,0,Low
2761-XECQW,No,0.5612706213583802,1,Medium
1936-CZAKF,No,0.04394228189433752,0,Low
9453-PATOS,No,0.008816579054889764,0,Low
0564-JJHGS,Yes,0.7958970876067404,1,High
3348-CFRNX,Yes,0.4572892318290694,0,Medium
4402-FTBXC,No,0.1554884405786808,0,Low
1428-GTBJJ,Yes,0.5918930921671856,1,Medium
2931-XIQBR,No,0.11221024093539514,0,Low
0106-UGRDO,No,0.0860666362387932,0,Low
5542-TBBWB,No,0.7063834269006884,1,High
1930-QPBVZ,No,0.016924073168899465,0,Low
2606-PKWJB,No,0.027355652481168016,0,Low
5322-ZSMZY,No,0.017204417867121416,0,Low
8059-UDZFY,No,0.5110973163495565,1,Medium
7740-BTPUX,No,0.1785302494994708,0,Low
5220-AGAAX,No,0.004510435350776952,0,Low
0208-BPQEJ,No,0.09614943735101522,0,Low
9435-JMLSX,No,0.0122039481100315,0,Low
3352-ALMCK,No,0.5132403494479149,1,Medium
5312-IRCFR,No,0.17259062971046046,0,Low
5294-IMHHT,No,0.10529999644628453,0,Low
8802-UNOJF,Yes,0.4502949619994917,0,Medium
6313-GIDIT,Yes,0.2722329087848986,0,Low
6176-YJWAS,No,0.0498075596112445,0,Low
5310-NOOVA,No,0.010625163198937079,0,Low
4526-EXKKN,No,0.02062142231445165,0,Low
5311-IHLEI,No,0.27927072597224284,0,Low
3987-KQDDU,No,0.44930493460706716,0,Medium
3404-JNXAX,No,0.25558375427584434,0,Low
5131-PONJI,No,0.2364374173502556,0,Low
2845-AFFTX,Yes,0.6585416821560827,1,Medium
3489-VSFRD,No,0.018874732997772047,0,Low
3345-JHUEO,No,0.28953840426499017,0,Low
5815-HGGHV,No,0.10434491808856439,0,Low
5260-UMPWX,No,0.07192077066674318,0,Low
2249-YPRNG,Yes,0.5721760036113853,1,Medium
7410-YTJIK,Yes,0.559734044723475,1,Medium
4626-GYCZP,Yes,0.8090749440099719,1,High
5649-RXQTV,No,0.42792780041411627,0,Medium
2674-MIAHT,No,0.635220773695508,1,Medium
2576-HXMPA,No,0.17496316198973505,0,Low
7587-AOVVU,No,0.2927342958492767,0,Low
5590-BYNII,Yes,0.6360015153549098,1,Medium
6898-MDLZW,No,0.2345317568212135,0,Low
3237-AJGEH,Yes,0.40703665339611045,0,Medium
4707-YNOQA,No,0.03642033872510509,0,Low
9357-UJRUN,No,0.12437995005165553,0,Low
1591-NFNLQ,Yes,0.221839180455011,0,Low
8648-PFRMP,No,0.660935634737044,1,Medium
7663-CUXZB,No,0.07314154463313911,0,Low
0258-NOKBL,No,0.6091470555001974,1,Medium
1163-VIPRI,No,0.060260598068799166,0,Low
2815-CPTUL,Yes,0.6383885531889656,1,Medium
9348-ROUAI,No,0.01298830715044717,0,Low
9443-JUBUO,No,0.011149710451295057,0,Low
0596-BQCEQ,Yes,0.3082429416071911,0,Low
1481-ZUWZA,Yes,0.39907877593915697,0,Low
3043-TYBNO,No,0.3028434058527465,0,Low
4830-FAXFM,No,0.12890607978923949,0,Low
5906-BFOZT,No,0.259087488536445,0,Low
2960-NKRSO,No,0.392690451277895,0,Low
8996-ZROXE,No,0.04657338001454866,0,Low
5598-IKHQQ,No,0.0030267658224941048,0,Low
0397-ZXWQF,No,0.002800963407471501,0,Low
5266-PFRQK,No,0.011869813312859972,0,Low
4674-HGNUA,No,0.009730440107887515,0,Low
6765-MBQNU,No,0.04885151295248027,0,Low
9786-IJYDL,No,0.1303301315597508,0,Low
1303-SRDOK,No,0.0493668197442523,0,Low
3769-MHZNV,No,0.01139435801008856,0,Low
6295-OSINB,No,0.10289669880869459,0,Low
3308-MHOOC,No,0.21907865341492694,0,Low
2309-OSFEU,Yes,0.5420141300516527,1,Medium
2207-QPJED,No,0.34978305141844296,0,Low
4177-JPDFU,No,0.2602847674673919,0,Low
2239-CFOUJ,No,0.08900492796660067,0,Low
8046-DNVTL,No,0.00982155110533424,0,Low
2209-XADXF,No,0.4634753402713926,0,Medium
6620-JDYNW,No,0.2576582659259295,0,Low
1891-FZYSA,Yes,0.33377677433163616,0,Low
4770-UEZOX,No,0.661663493617487,1,Medium
1038-RQOST,No,0.07812916050329331,0,Low
7613-LLQFO,Yes,0.7422308924247423,1,High
4568-TTZRT,No,0.1411197304861757,0,Low
9513-DXHDA,No,0.09650444040025888,0,Low
2640-PMGFL,Yes,0.43258102462474224,0,Medium
3801-HMYNL,Yes,0.6111244540044982,1,Medium
0516-QREYC,No,0.11841081776378518,0,Low
9685-WKZGT,Yes,0.7046043026228764,1,High
6022-UGGSO,Yes,0.44122886841806336,0,Medium
8084-OIVBS,No,0.06889339890195922,0,Low
8896-BQTTI,No,0.3158085990282527,0,Low
3865-QBWSJ,No,0.30295519333360854,0,Low
3352-RICWQ,No,0.03417182638731518,0,Low
2160-GPFXD,No,0.011435529613233365,0,Low
2065-MMKGR,No,0.21539630635392726,0,Low
5857-TYBCJ,No,0.5605354679375577,1,Medium
1498-NHTLT,No,0.021216971504529142,0,Low
4484-CGXFK,Yes,0.5509096764083213,1,Medium
1402-PTHGN,No,0.05892066987512179,0,Low
4176-RELJR,No,0.004445362404344371,0,Low
6214-EDAKZ,Yes,0.13300331625204515,0,Low
5199-FPUSP,No,0.03808629184805566,0,Low
6377-KSLXC,No,0.16623604522965799,0,Low
1796-JANOW,No,0.18269226625923501,0,Low
0238-WHBIQ,No,0.0090352438493015,0,Low
8735-NBLWT,No,0.11604403067571997,0,Low
6651-RLGGM,No,0.0034289527093007495,0,Low
6127-ISGTU,Yes,0.7146994964973037,1,High
1614-JBEBI,No,0.19446901889042398,0,Low
8740-XLHDR,Yes,0.3042641976286719,0,Low
1208-DNHLN,Yes,0.14180803478436077,0,Low
1761-AEZZR,Yes,0.7515404975983274,1,High
3923-CSIHK,Yes,0.3289892571742016,0,Low
5696-EXCYS,No,0.026927288769731873,0,Low
5795-KTGUD,No,0.07862295589941538,0,Low
7120-RFMVS,Yes,0.7352924901937359,1,High
7924-GJZFI,No,0.5529455887850856,1,Medium
4702-HDRKD,No,0.025258036627946307,0,Low
8512-WIWYV,No,0.025396184865762804,0,Low
5897-ZYEKH,No,0.2151541208533332,0,Low
5456-ITGIC,No,0.0169133561836963,0,Low
7317-GGVPB,Yes,0.07561224907567031,0,Low
1406-PUQVY,No,0.42087114233753614,0,Medium
1322-AGOQM,Yes,0.09279513407249268,0,Low
3677-IYRBF,Yes,0.6621247281033655,1,Medium
5692-FPTAH,Yes,0.4357867526661293,0,Medium
9114-AAFQH,No,0.09028864306412167,0,Low
8715-KKTFG,No,0.19218977017614292,0,Low
1550-LOAHA,Yes,0.3051379781635274,0,Low
1728-BQDMA,No,0.4137121069102318,0,Medium
0268-QKIWO,Yes,0.22568874189441643,0,Low
0876-WDUUZ,Yes,0.5388758035705772,1,Medium
5117-ZSMHQ,No,0.009551403234998453,0,Low
5151-HQRDG,No,0.15071208228490487,0,Low
0960-HUWBM,No,0.07926232761532709,0,Low
6465-GSRCL,No,0.11862598000025804,0,Low
0617-FHSGK,Yes,0.18727092612446627,0,Low
0263-FJTQO,No,0.02033489178851654,0,Low
7319-ZNRTR,No,0.04161144194923275,0,Low
2858-MOFSQ,Yes,0.17577760871379783,0,Low
7503-EPSZW,No,0.00567908253344907,0,Low
7089-XXAYG,No,0.22437576247248714,0,Low
8118-LSUEL,Yes,0.7197213883188919,1,High
8070-AAWZP,No,0.21954084938843627,0,Low
1666-JXLKU,No,0.6368082365385761,1,Medium
7855-DIWPO,No,0.5457495345965596,1,Medium
5133-POWUA,No,0.4398243382681677,0,Medium
5652-MSDEY,No,0.6276253673564706,1,Medium
7005-CCBKV,Yes,0.6871621943097055,1,Medium
1810-BOHSY,No,0.14704814905807106,0,Low
1784-BXEFA,No,0.18104705733728038,0,Low
7351-MHQVU,No,0.2429695822661359,0,Low
9224-VTYID,No,0.0315362596597935,0,Low
9500-IWPXQ,No,0.0355583876918971,0,Low
5762-TJXGK,No,0.03963332414594599,0,Low
4504-YOULA,No,0.10694692453073139,0,Low
5569-IDSEY,No,0.17639541856422045,0,Low
4250-FDVOU,Yes,0.24720538053512608,0,Low
7284-ZZLOH,No,0.015094916758429546,0,Low
5277-ZLOOR,Yes,0.8137468140532508,1,High
2141-RRYGO,Yes,0.46400719110510763,0,Medium
1777-JYQPJ,No,0.4796643812692649,0,Medium
6376-GAHQE,Yes,0.6592224695092704,1,Medium
3401-URHDA,No,0.022588266158737935,0,Low
1599-EAHXY,No,0.008271233637759046,0,Low
8631-XVRZL,No,0.10701666595069052,0,Low
5052-PNLOS,Yes,0.7211054490319561,1,High
3853-LYGAM,No,0.528394541535699,1,Medium
6979-ZNSFF,Yes,0.755792627844183,1,High
5751-USDBL,No,0.018533475365154074,0,Low
5680-LQOGP,No,0.012744429835235865,0,Low
2386-LAHRK,Yes,0.504275471654066,1,Medium
8189-DUKMV,No,0.08788722006830535,0,Low
6032-IGALN,Yes,0.5750962555123654,1,Medium
9931-DCEZH,No,0.05597129749913307,0,Low
1898-JSNDC,No,0.08234623115761183,0,Low
0315-LVCRK,No,0.5900250502995341,1,Medium
3911-RSNHI,No,0.020618098651836548,0,Low
2410-CIYFZ,No,0.15361360795994905,0,Low
4248-HCETZ,Yes,0.39526895235795106,0,Low
5505-OVWQW,No,0.05319936007970672,0,Low
7271-AJDTL,No,0.3007856679950006,0,Low
1867-TJHTS,No,0.1752417357994937,0,Low
0516-WJVXC,Yes,0.22285520497773276,0,Low
9174-FKWZE,Yes,0.3506380945776396,0,Low
6860-YRJZP,No,0.7418577956036359,1,High
4429-WYGFR,No,0.11531350933375412,0,Low
2817-LVCPP,No,0.005832068470015845,0,Low
5038-ETMLM,No,0.05403799126304659,0,Low
5056-FIMPT,No,0.10535808548692777,0,Low
4521-WFJAI,No,0.009343906119370955,0,Low
6569-KTMDU,No,0.19179251999430505,0,Low
8809-RIHDD,Yes,0.11308189623098923,0,Low
8809-XKHMD,No,0.03751052425915554,0,Low
0396-YCHWO,No,0.6494795376954149,1,Medium
0867-LDTTC,No,0.3143432841127682,0,Low
4822-NGOCH,Yes,0.6327334354158795,1,Medium
9391-DXGGG,No,0.14873356098932214,0,Low
9844-FELAJ,No,0.17697725129216502,0,Low
2122-SZZZD,No,0.014548759584144694,0,Low
5307-DZCVC,Yes,0.5272670267531242,1,Medium
3148-AOIQT,No,0.005077359174766575,0,Low
8679-JOEVF,Yes,0.2992195094663661,0,Low
8395-ETZKQ,No,0.004584336815314026,0,Low
6692-YQHXC,No,0.49007453593222156,0,Medium
3889-VWBID,No,0.007513195027263572,0,Low
5222-JCXZT,No,0.17461588662026836,0,Low
9754-CLVZW,No,0.08469259146360207,0,Low
1432-FPAXX,Yes,0.30853775075816536,0,Low
2739-CCZMB,No,0.12500933263177966,0,Low
7080-TNUWP,No,0.13027926758111266,0,Low
0496-AHOOK,No,0.07711742783815874,0,Low
8336-TAVKX,No,0.009287097447529017,0,Low
2468-SJFLM,No,0.5508593874800871,1,Medium
3181-VTHOE,No,0.0296493852126661,0,Low
7168-HDQHG,No,0.03411165908828448,0,Low
4803-AXVYP,Yes,0.5783385788616912,1,Medium
3884-HCSWG,Yes,0.571014097847693,1,Medium
4567-AKPIA,No,0.21335247142794556,0,Low
5077-DXTCG,Yes,0.5129174725375678,1,Medium
1142-WACZW,Yes,0.36991170858054556,0,Low
7901-HXJVA,No,0.5045651433539372,1,Medium
5649-ANRML,Yes,0.5519524310472385,1,Medium
4892-VLANZ,Yes,0.19362616055926316,0,Low
5924-IFQTT,No,0.35737616689095375,0,Low
7968-QUXNS,No,0.16149996632832123,0,Low
2919-HBCJO,Yes,0.5439221238516196,1,Medium
4236-XPXAV,Yes,0.5329362285524437,1,Medium
8903-WMRNW,No,0.5254077395356521,1,Medium
2452-SNHFZ,No,0.1289772537530161,0,Low
3629-WEAAM,No,0.2574963841203852,0,Low
6029-CSMJE,No,0.40071079490324524,0,Medium
7993-NQLJE,No,0.2889635235690704,0,Low
9909-DFRJA,No,0.17124146593321618,0,Low
9099-FTUHS,No,0.21541261777327259,0,Low
0581-BXBUB,No,0.5972119004816452,1,Medium
4962-CHQPW,No,0.025433578704313415,0,Low
9467-ROOLM,No,0.07190652682717218,0,Low
3030-YZADT,Yes,0.28522751526657847,0,Low
7410-KTVFV,Yes,0.2853855542736975,0,Low
5150-ITWWB,No,0.8469686604154049,1,High
2253-KPMNB,No,0.004216535455853657,0,Low
1345-ZUKID,No,0.06309738429205783,0,Low
6429-SHBCB,No,0.38325097389849655,0,Low
9281-OFDMF,No,0.45098498811735355,0,Medium
2603-HVKCG,No,0.5634997329136847,1,Medium
1834-WULEG,No,0.03235842195671773,0,Low
9097-ZUBYC,No,0.17781223045598443,0,Low
5148-ORICT,No,0.011276136161463118,0,Low
4893-GYUJU,No,0.017652210740661322,0,Low
4578-PHJYZ,No,0.04872620276460409,0,Low
7272-QDCKA,No,0.3992724239211375,0,Low
8908-SLFCJ,No,0.03080230760084457,0,Low
8393-DLHGA,Yes,0.5565136850358503,1,Medium
9766-HGEDE,No,0.054387289415168565,0,Low
6968-MHOMU,No,0.09174518360557338,0,Low
7395-IGJOS,Yes,0.49040397325357993,0,Medium
5044-XDPYX,No,0.008694550640219437,0,Low
1814-WFGVS,No,0.006744054151127755,0,Low
2834-SPCJV,Yes,0.2176054332096582,0,Low
3721-WKIIL,No,0.02658813582874663,0,Low
6734-CKRSM,No,0.17594675028319348,0,Low
1265-ZFOSD,No,0.015748208973600134,0,Low
6568-POCUI,No,0.11158005670073741,0,Low
7890-VYYWG,Yes,0.6476599299576882,1,Medium
5197-LQXXH,No,0.023534558241766857,0,Low
9907-SWKKF,Yes,0.5199923855333648,1,Medium
3457-PQBYH,No,0.0032307565598928023,0,Low
7682-AZNDK,No,0.4235383902495492,0,Medium
0587-DMGBH,Yes,0.34257808357038316,0,Low
5384-ZTTWP,No,0.09053728327546633,0,Low
3745-HRPHI,No,0.016264118931518887,0,Low
7636-OWBPG,No,0.4317535590168001,0,Medium
1231-YNDEK,No,0.0059685361318376476,0,Low
1407-DIGZV,No,0.044683635920739775,0,Low
6397-JNZZG,Yes,0.19855823761611927,0,Low
0570-BFQHT,No,0.4955110426728527,0,Medium
4393-OBCRR,No,0.09684242195737981,0,Low
3523-QRQLL,Yes,0.15712192868663913,0,Low
8564-LDKFL,No,0.3265859811925161,0,Low
3696-DFHHB,No,0.0037787640557220108,0,Low
0895-DQHEW,Yes,0.4782885072631436,0,Medium
4717-GHADL,No,0.04837007920011051,0,Low
5501-TVMGM,No,0.5737459802706623,1,Medium
5879-HMFFH,No,0.012156671734124824,0,Low
6772-WFQRD,No,0.02093501056978612,0,Low
3810-DVDQQ,No,0.042281217492847585,0,Low
6972-SNKKW,No,0.15626406922975072,0,Low
3694-GLTJM,No,0.20292749260431542,0,Low
8550-XSXUQ,No,0.08778564664737948,0,Low
8149-RSOUN,Yes,0.8323688176181768,1,High
9055-MOJJJ,No,0.012231367856181358,0,Low
4359-INNWN,No,0.04803417348361395,0,Low
0585-EGDDA,No,0.35556207450683136,0,Low
4032-RMHCI,No,0.03707426827965107,0,Low
0549-CYCQN,No,0.17072803844869525,0,Low
3481-JHUZH,No,0.43526131449777206,0,Medium
7250-EQKIY,Yes,0.2941208178708249,0,Low
3594-IVHJZ,No,0.24346916884383532,0,Low
6869-FGJJC,No,0.04830093940391099,0,Low
3896-ZVNET,No,0.02326465030788934,0,Low
8205-VSLRB,No,0.009471465603390388,0,Low
5960-MVTUK,No,0.5444049704179587,1,Medium
6817-WTYHE,No,0.32949611183575817,0,Low
3082-VQXNH,No,0.40443238882832266,0,Medium
4013-UBXWQ,Yes,0.553598966758299,1,Medium
4931-TRZWN,No,0.4085725111117019,0,Medium
0750-EKNGL,No,0.15199651715460583,0,Low
7669-LCRSD,No,0.3412031907564319,0,Low
3567-PQTSO,No,0.290296219684248,0,Low
5519-NPHVG,Yes,0.778284441156054,1,High
8043-PNYSD,No,0.002938138610531289,0,Low
9938-EKRGF,No,0.16477108240622407,0,Low
2703-AMTUL,No,0.031675488462253015,0,Low
0928-JMXNP,No,0.6529394685649769,1,Medium
8173-RXAYP,No,0.017144154278854004,0,Low
4825-XJGDM,No,0.013362090881835056,0,Low
5402-HTOTQ,No,0.3182818348986171,0,Low
6734-JDTTV,No,0.0034606202206270095,0,Low
7850-THJMU,No,0.01412437605826349,0,Low
3890-RTCMS,No,0.2337730458421015,0,Low
8849-GYOKR,Yes,0.1347197376739818,0,Low
3148-BLQJT,Yes,0.19290618433638507,0,Low
3717-FDJFU,No,0.040244102508685285,0,Low
3665-JATSN,No,0.4756133186420963,0,Medium
7966-YOTQW,No,0.30813254757880476,0,Low
0461-CVKMU,Yes,0.26967771901596016,0,Low
8806-EAGWC,Yes,0.38757645377353006,0,Low
8853-TZDGH,No,0.07300387009713623,0,Low
7779-LGOVN,Yes,0.7766802486331289,1,High
4324-BZCKL,No,0.26411555054125985,0,Low
6924-TDGMT,No,0.09946274366979288,0,Low
9710-ZUSHQ,Yes,0.44888386214930776,0,Medium
1536-YHDOE,No,0.09581030156207694,0,Low
8123-QBNAZ,No,0.3886787100395159,0,Low
3629-ZNKXA,No,0.6878906746141964,1,Medium
4827-LTQRJ,No,0.09663681087518577,0,Low
7711-YIJWC,No,0.017955279754835022,0,Low
5482-VXSXJ,No,0.5674697414599112,1,Medium
7365-BVCJH,No,0.6557546856490517,1,Medium
9620-ENEJV,No,0.47227716290321536,0,Medium
4183-WCSEP,Yes,0.34635209382693544,0,Low
2378-YIZKA,No,0.0099322788973608,0,Low
5498-TXHLF,Yes,0.4366920555870834,0,Medium
0689-DSXGL,No,0.09061955084300384,0,Low
6818-DJXAA,No,0.5402939748375468,1,Medium
9722-UJOJR,Yes,0.4190197207250721,0,Medium
0464-WJTKO,No,0.0017570857391272648,0,Low
8902-ZEOVF,No,0.011565138084483296,0,Low
6778-EICRF,No,0.12420481639651289,0,Low
2662-NNTDK,No,0.007928305245346365,0,Low
4132-KALRO,No,0.6909440957084753,1,Medium
3902-FOIGH,Yes,0.7820842372578409,1,High
6772-KSATR,Yes,0.670158547409179,1,Medium
7112-OPOTK,Yes,0.351108524165263,0,Low
2874-YXVVA,No,0.4594528163877711,0,Medium
1245-HARPS,No,0.03348696684909169,0,Low
4210-QFJMF,Yes,0.7292760236317738,1,High
4323-ELYYB,No,0.052903290759182715,0,Low
4293-ETKAP,No,0.022356023893305682,0,Low
6064-PUPMC,No,0.03777424239369935,0,Low
6504-VBLFL,No,0.013701298422129101,0,Low
6322-PJJDJ,No,0.1761389606563421,0,Low
0330-BGYZE,No,0.1674134366506602,0,Low
1085-LDWAM,No,0.005395782850360619,0,Low
7586-ZATGZ,No,0.5387788093441851,1,Medium
7197-VOJMM,No,0.009154157363485892,0,Low
3318-OSATS,Yes,0.6885052004063682,1,Medium
5828-AVIPD,Yes,0.45494774083206396,0,Medium
1843-TLSGD,No,0.027971106154264295,0,Low
9626-VFRGG,No,0.35036805445498015,0,Low
7075-BNDVQ,No,0.33962596400458284,0,Low
9143-CANJF,No,0.09954624940631944,0,Low
7284-BUYEC,No,0.5726039697355912,1,Medium
2041-JIJCI,No,0.5673818382195394,1,Medium
1086-LXKFY,Yes,0.588028167454843,1,Medium
4900-MSOMT,No,0.00629825516279773,0,Low
2229-VWQJH,No,0.2162631321417472,0,Low
9194-GFVOI,No,0.03161113104225876,0,Low
1336-EZFZY,No,0.16921305397140313,0,Low
4282-MSACW,No,0.10551985110913957,0,Low
1403-LKLIK,No,0.02095363907567096,0,Low
2636-ALXXZ,Yes,0.732587695926501,1,High
7774-OJSXI,Yes,0.4703622648473107,0,Medium
7786-WBJYI,Yes,0.535039023466564,1,Medium
0136-IFMYD,No,0.13307856471938417,0,Low
5144-TVGLP,No,0.579607421640024,1,Medium
9643-AVVWI,No,0.509099245011349,1,Medium
0253-ZTEOB,No,0.039930892604580624,0,Low
2706-QZIHY,No,0.04293305704296637,0,Low
6061-PQHMK,No,0.03396178805467658,0,Low
9885-CSMWE,Yes,0.7063627147928414,1,High
6137-MFAJN,No,0.15689037197767775,0,Low
9122-UMROB,No,0.1924273330758575,0,Low
4232-JGKIY,No,0.24806459758832808,0,Low
2402-TAIRZ,No,0.17092354178858996,0,Low
9659-ZTWSM,No,0.17387344583539088,0,Low
9139-TWBAS,No,0.0993809573905622,0,Low
6685-GBWJZ,No,0.013560343620395597,0,Low
5016-ETTFF,Yes,0.3811107403055313,0,Low
3866-MDTUB,Yes,0.5076142057340409,1,Medium
2195-VVRJF,No,0.2683324917234072,0,Low
3913-RDSJZ,No,0.004970356459239556,0,Low
8058-JMEQO,Yes,0.7800525910692703,1,High
4203-QGNZA,No,0.050346656352933346,0,Low
5043-TRZWM,No,0.6064245122199388,1,Medium
0697-ZMSWS,Yes,0.7823159637313523,1,High
7657-DYEPJ,Yes,0.07111186784765476,0,Low
9494-BDNNC,No,0.14628268815114978,0,Low
1640-PLFMP,No,0.700553457121898,1,High
5366-OBVMR,No,0.21788572624595834,0,Low
8276-MQBYC,Yes,0.5762980874995386,1,Medium
7644-OMVMY,No,0.0516212251426253,0,Low
7593-XFKDI,Yes,0.3495870368801435,0,Low
4573-JKNAE,No,0.027596225864771503,0,Low
0337-CNPZE,Yes,0.5763663465936594,1,Medium
9817-APLHW,No,0.20931780282893267,0,Low
8380-MQINP,No,0.004101349677286663,0,Low
0840-DFEZH,No,0.7192224460160794,1,High
1513-XNPPH,Yes,0.5841728886209661,1,Medium
8690-ZVLCL,No,0.010658707561003032,0,Low
6015-VVHHE,Yes,0.7319904989246268,1,High
1125-SNVCK,No,0.08113612671518748,0,Low
0384-LPITE,No,0.07667844553607309,0,Low
4616-EWBNJ,No,0.05161999842298994,0,Low
6347-DCUIK,Yes,0.6404962400087487,1,Medium
1335-HQMKX,No,0.23204373256268856,0,Low
2545-EBUPK,No,0.8170098364419862,1,High
6923-AQONU,No,0.01809683076503621,0,Low
2172-EJXVF,No,0.2601762866491084,0,Low
0897-FEGMU,Yes,0.7829733273713197,1,High
7663-RGWBC,Yes,0.4460910469462915,0,Medium
1120-BMWUB,Yes,0.20280899810403352,0,Low
9124-LHCJQ,Yes,0.73998402365217,1,High
4536-PLEQY,No,0.5450561358862023,1,Medium
7029-IJEJK,No,0.027699692687826398,0,Low
8871-JLMHM,No,0.028454819045478044,0,Low
2235-ZGKPT,Yes,0.3398495108742637,0,Low
3891-PUQOD,Yes,0.4140610810506012,0,Medium
5447-VYTKW,No,0.0848357002500045,0,Low
3623-FQBOX,No,0.12082088605500609,0,Low
0689-NKYLF,Yes,0.6680603554747884,1,Medium
8659-HDIYE,No,0.05922102343293753,0,Low
3658-KIBGF,Yes,0.367396735888087,0,Low
3474-BAFSJ,No,0.0364639201876711,0,Low
5519-YLDGW,Yes,0.6526052207467228,1,Medium
3865-ZFZIB,No,0.026877325080167127,0,Low
1855-AGAWH,No,0.4402760821299106,0,Medium
7109-CQYUZ,No,0.03294285555522858,0,Low
1370-GGAWX,No,0.30386572423044056,0,Low
4680-KUTAJ,No,0.4170669808480206,0,Medium
5307-UVGNB,No,0.07865427102884527,0,Low
4946-EDSEW,Yes,0.14869467071816897,0,Low
2883-ILGWO,No,0.3332704312772731,0,Low
2516-VQRRV,Yes,0.7190463509441092,1,High
7580-UGXNC,Yes,0.2471148742106424,0,Low
3642-BYHDO,No,0.0018243134141248134,0,Low
9629-NHXFW,No,0.21837970735553489,0,Low
2696-RZVZW,No,0.003692620199546036,0,Low
5766-FTRTS,No,0.00885725111465047,0,Low
0396-HUJBP,No,0.18442904846218044,0,Low
5178-LMXOP,Yes,0.8551070041781572,1,High
8879-ZKJOF,No,0.06290399112284227,0,Low
6285-FTQBF,No,0.002524113076783949,0,Low
8185-UPYBR,Yes,0.7318848801907624,1,High
4585-HETAI,Yes,0.6301758516401323,1,Medium
7526-BEZQB,Yes,0.7812165046896956,1,High
1474-JUWSM,No,0.052993293911926975,0,Low
3530-CRZSB,No,0.14974160853374666,0,Low
8498-XXGWA,No,0.04194887653170326,0,Low
9617-INGJY,No,0.6361487425497776,1,Medium
0621-TSSMU,No,0.008619739951676234,0,Low
7234-KMNRQ,No,0.17443566459227988,0,Low
7636-PEPNS,No,0.029715953876324988,0,Low
4683-WYDOU,No,0.11099387256679737,0,Low
9052-DHNKM,No,0.09600999172678008,0,Low
6794-HKIAJ,No,0.10999687979059392,0,Low
5578-NKCXI,No,0.07258858223473982,0,Low
1642-HMARX,No,0.02880519502759109,0,Low
3096-WPXBT,No,0.09177334574624257,0,Low
8434-PNQZX,No,0.06439903485724882,0,Low
5950-AAAGJ,No,0.5272679699540518,1,Medium
4299-OPXEJ,No,0.006483866764715969,0,Low
4951-UKAAQ,Yes,0.7523435858045174,1,High
9618-LFJRU,No,0.15406235821697564,0,Low
6693-DJWTY,No,0.028428557949105274,0,Low
0744-GKNGE,No,0.09271252216857431,0,Low
6447-EGDIV,No,0.028511835450036643,0,Low
1167-OYZJF,No,0.0045486199832615645,0,Low
2108-YKQTY,Yes,0.2603848260581458,0,Low
4806-DXQCE,No,0.08814945916228464,0,Low
4918-QLLIW,Yes,0.3707709549182158,0,Low
7056-IMHCC,Yes,0.5439785678005348,1,Medium
4854-SSLTN,No,0.0417533523456928,0,Low
5294-DMSFH,No,0.46814385442523143,0,Medium
4837-PZTIC,No,0.014975826438338636,0,Low
1625-JAIIY,Yes,0.16507822220512497,0,Low
0603-OLQDC,No,0.30644620716632537,0,Low
3272-VUHPV,No,0.1482318141161505,0,Low
4176-FXYBO,No,0.33251522151357665,0,Low
1063-DHQJF,No,0.035044523654441655,0,Low
8663-UPDGF,No,0.21626885461231285,0,Low
6719-FGEDO,No,0.026505589663821622,0,Low
1837-YQUCE,No,0.017504042489939874,0,Low
2947-DOMLJ,Yes,0.2206966892793488,0,Low
4112-LUEIZ,Yes,0.7406224178643029,1,High
0369-ZGOVK,No,0.20432860537712236,0,Low
4510-HIMLV,Yes,0.7067025764490179,1,High
9919-KNPOO,No,0.7358805042817785,1,High
8749-JMNKX,Yes,0.31969298891949177,0,Low
7872-BAAZR,No,0.007916990988942378,0,Low
9391-LMANN,No,0.08669271158669349,0,Low
2430-USGXP,Yes,0.7162827691151884,1,High
8174-TBVCF,No,0.018298869303234017,0,Low
1698-XFZCI,No,0.21936073940894493,0,Low
1877-HKBQX,No,0.10779788144583252,0,Low
4450-DLLMH,No,0.601407389554503,1,Medium
0428-AXXLJ,No,0.0511559956569834,0,Low
2746-DIJLO,No,0.07871282940101727,0,Low
5955-ERIHD,Yes,0.7565603034243,1,High
0917-EZOLA,Yes,0.11819944826772513,0,Low
3508-VLHCZ,No,0.01294250304089982,0,Low
4086-ATNFV,No,0.04642472300547765,0,Low
0468-YRPXN,No,0.42719753931766125,0,Medium
5996-NRVXR,No,0.13204325755642365,0,Low
3739-YBWAB,No,0.06474179958285324,0,Low
7047-FWEYA,No,0.2972151485609691,0,Low
2000-MPKCA,No,0.2345728101544247,0,Low
9762-YAQAA,No,0.15165821216733727,0,Low
5949-EBSQK,Yes,0.23172158949115967,0,Low
5473-KHBPS,No,0.1618975178375718,0,Low
0100-DUVFC,No,0.2725454057488203,0,Low
5397-TUPSH,No,0.09382857077495928,0,Low
8950-MTZNV,No,0.4430503762711081,0,Medium
0326-VDYXE,No,0.26547524057943567,0,Low
6773-LQTVT,No,0.23580125846702982,0,Low
7274-RTAPZ,Yes,0.7881135491631185,1,High
0436-TWFFZ,No,0.02271679553852255,0,Low
8566-YPRGL,No,0.254780192671698,0,Low
0311-UNPFF,Yes,0.5407146635069741,1,Medium
6609-MXJHJ,No,0.025890092844415454,0,Low
2669-OIDSD,No,0.306672276814161,0,Low
8400-WZICQ,No,0.04019386431839225,0,Low
3834-XUIFC,Yes,0.7079884002885523,1,High
9576-SYUHJ,No,0.46528519125784246,0,Medium
0410-IPFTY,No,0.40713249977164845,0,Medium
2831-EBWRN,No,0.48690693790930184,0,Medium
9430-NKQLY,No,0.003616318595653177,0,Low
8414-MYSHR,Yes,0.790344985132587,1,High
0247-SLUJI,No,0.16403953334304403,0,Low
9402-ORRAH,No,0.7334210081634486,1,High
6483-OATDN,No,0.22120039326778398,0,Low
1293-HHSHJ,No,0.02363276895618743,0,Low
4840-ORQXB,No,0.4172668780328058,0,Medium
7599-FKVXZ,Yes,0.4342722221861516,0,Medium
3982-DQLUS,No,0.18567373982871851,0,Low
8610-ZIKJJ,No,0.08354657959640649,0,Low
3756-VNWDH,No,0.2503527809969333,0,Low
7801-KICAO,No,0.6407739125560931,1,Medium
7673-LPRNY,No,0.25729215379129544,0,Low
8229-TNIQA,Yes,0.40742119846993013,0,Medium
6060-QBMGV,No,0.002410726008677531,0,Low
7339-POGZN,No,0.461192305514195,0,Medium
2828-SLQPF,No,0.2625376428784198,0,Low
4465-VDKIQ,No,0.4325736839681099,0,Medium
2921-XWDJH,No,0.41640612757400997,0,Medium
6221-AVQYL,Yes,0.6763428902835948,1,Medium
2558-BUOZZ,No,0.12166248143628242,0,Low
9257-AZMTZ,No,0.004442833716923708,0,Low
0003-MKNFE,No,0.4041222203700957,0,Medium
0975-UYDTX,No,0.11173508687535134,0,Low
7743-EXURX,Yes,0.38812884776432527,0,Low
4682-BLBUC,No,0.08112649910779905,0,Low
0975-VOOVL,No,0.42182021730944974,0,Medium
5968-VXZLG,No,0.40828669652251964,0,Medium
5569-KGJHX,Yes,0.6263142747172785,1,Medium
4988-IQIGL,Yes,0.7865275381591789,1,High
5201-FRKKS,No,0.25252297450405387,0,Low
9799-CAYJJ,No,0.7315405463363531,1,High
7730-IUTDZ,Yes,0.2740310834494955,0,Low
0426-TIRNE,Yes,0.18753440072772298,0,Low
5443-SCMKX,No,0.24145124117741515,0,Low
8295-KMENE,No,0.0167796218352498,0,Low
6738-ISCBM,No,0.15451033144044635,0,Low
9821-BESNZ,No,0.20186344942868625,0,Low
3678-MNGZX,No,0.0021655473580601417,0,Low
1335-NTIUC,No,0.5662811979681824,1,Medium
2916-BQZLN,No,0.5351138346206246,1,Medium
4558-CGYCZ,No,0.1729139679580777,0,Low
2368-GAKKQ,No,0.0552969478561095,0,Low
8710-YGLWG,No,0.4432402956317602,0,Medium
3199-XGZCY,No,0.7097220100355841,1,High
3785-KTYSH,No,0.007973907915960605,0,Low
6814-ZPWFQ,No,0.017635925104044187,0,Low
4063-EIKNQ,No,0.10196161699859839,0,Low
6993-YCOBK,No,0.09185516162870686,0,Low
5206-HPJKM,No,0.17411126026426327,0,Low
7587-RZNME,Yes,0.5054166428749606,1,Medium
0748-RDGGM,Yes,0.07279227548130182,0,Low
8393-JMVMB,No,0.19446871131623011,0,Low
5019-GQVCR,No,0.5535025033063142,1,Medium
6036-TTFYU,No,0.1071298731198769,0,Low
2550-AEVRU,No,0.018995868742862562,0,Low
0969-RGKCU,No,0.016242742372500597,0,Low
0378-CJKPV,No,0.03593568285134125,0,Low
4706-AXVKM,Yes,0.6852256755221949,1,Medium
5889-JTMUL,Yes,0.4802712616516785,0,Medium
9026-RNUJS,Yes,0.4128024587875255,0,Medium
3746-EUBYR,Yes,0.6911496653441829,1,Medium
2332-EFBJY,Yes,0.14890050004011357,0,Low
2880-FPNAE,No,0.7272189156818597,1,High
1703-MGIAB,No,0.3273786363205403,0,Low
4311-QTTAI,No,0.05047421872580399,0,Low
9474-PHLYD,Yes,0.43138608820317037,0,Medium
4318-RAJVY,No,0.10141063305484112,0,Low
2165-VOEGB,Yes,0.10133347312765528,0,Low
3612-YUNGG,No,0.06916934977281744,0,Low
2254-DLXRI,No,0.6613023924226372,1,Medium
5062-CJJKH,No,0.06854420594552334,0,Low
9028-LIHRP,No,0.015260771099185133,0,Low
2219-MVUSO,Yes,0.3780301655354661,0,Low
1053-MXTTK,No,0.029991718139611333,0,Low
1530-ZTDOZ,No,0.09019269184630803,0,Low
1301-LOPVR,No,0.07366397876301595,0,Low
0853-TWRVK,No,0.026571444750419317,0,Low
8914-RBTSB,Yes,0.4955213707255312,0,Medium
6212-ATMLK,No,0.5358191233660371,1,Medium
8200-LGKSR,No,0.02068469521066059,0,Low
1568-BEKZM,No,0.014346930025605008,0,Low
0670-ANMUU,No,0.04831911547899534,0,Low
6897-RWMUB,No,0.00659706983917804,0,Low
0963-ZBDRN,Yes,0.5149199500210297,1,Medium
7594-RQHXR,Yes,0.7020615770691583,1,High
6999-CHVCF,No,0.05761824435150508,0,Low
6134-KWTBV,No,0.004948026500034199,0,Low
1077-HUUJM,No,0.5985547071579622,1,Medium
6331-EWIEB,Yes,0.6884341217682484,1,Medium
0895-LNKRC,No,0.07282089368625373,0,Low
2045-BMBTJ,No,0.2646240245200182,0,Low
8417-GSODA,No,0.30987554354926833,0,Low
5171-EPLKN,No,0.016635948926568573,0,Low
4452-QIIEB,No,0.30248393048672095,0,Low
5998-VVEJY,Yes,0.49195973517741304,0,Medium
1624-NALOJ,Yes,0.7775103460444415,1,High
6741-EGCBI,No,0.44579755804381893,0,Medium
7820-ZYGNY,No,0.10821312748191736,0,Low
4317-VTEOA,Yes,0.47319139997640935,0,Medium
9677-AVKED,No,0.08675376021167404,0,Low
1670-SVOWZ,Yes,0.3798516177081543,0,Low
2227-JRSJX,No,0.44714268711325406,0,Medium
9847-HNVGP,No,0.05400105093922058,0,Low
6696-YDAYZ,No,0.024874762194580628,0,Low
8980-WQFWL,No,0.2574244481368726,0,Low
1730-ZMAME,No,0.5614323345253532,1,Medium
6506-EYCNH,No,0.068695792029415,0,Low
4634-JLRJT,No,0.25230400904694594,0,Low
9501-UKKNL,No,0.16881559718152211,0,Low
2560-QTSBS,No,0.006815395621625689,0,Low
7541-YLXCL,Yes,0.07780959404295719,0,Low
4795-WRNVT,No,0.082478012983489,0,Low
6080-TCMYC,No,0.41337131420586215,0,Medium
0260-ZDLGK,Yes,0.33409151107455204,0,Low
7860-UXCRM,No,0.00592618181239761,0,Low
6357-JJPQT,No,0.7315915224010067,1,High
2292-XQWSV,No,0.07437620380969966,0,Low
9552-TGUZV,No,0.485108310757312,0,Medium
5913-INRQV,No,0.13207745784712657,0,Low
8722-NGNBH,Yes,0.259441484136697,0,Low
6210-KBBPI,Yes,0.7223369697590224,1,High
9643-YBLUR,No,0.4302582735374686,0,Medium
8734-FNWVH,No,0.18401885781104804,0,Low
9447-YPTBX,No,0.01627970269623701,0,Low
0133-BMFZO,Yes,0.45753862326159,0,Medium
6128-CZOMY,Yes,0.5115714310088274,1,Medium
9540-JYROE,Yes,0.579454587520614,1,Medium
9026-LHEVG,No,0.48580885598930507,0,Medium
2260-USTRB,Yes,0.6397530138212466,1,Medium
3656-TKRVZ,Yes,0.26929535112848896,0,Low
7011-CVEUC,No,0.45945412376556105,0,Medium
6185-TASNN,No,0.4589471020442045,0,Medium
7925-PNRGI,No,0.057271357593578744,0,Low
8623-TMRBY,Yes,0.3294430267311005,0,Low
1552-CZCLL,No,0.013858541250032367,0,Low
3038-PQIUY,No,0.11686181075288068,0,Low
1501-SGHBW,Yes,0.34146738518556313,0,Low
9313-CDOGY,No,0.04557578056674929,0,Low
8148-BPLZQ,No,0.20007205407126488,0,Low
2623-DRYAM,No,0.2569600566794347,0,Low
9987-LUTYD,No,0.07133170715481531,0,Low
3208-YPIOE,Yes,0.3840578702155169,0,Low
4488-KQFDT,No,0.2878866175702586,0,Low
2612-RANWT,Yes,0.698728444141031,1,Medium
5693-PIPCS,No,0.11381862175746266,0,Low
0491-KAPQG,No,0.6235139397788932,1,Medium
1925-LFCZZ,No,0.11767226836999847,0,Low
8039-EQPIM,No,0.012492496264900491,0,Low
6900-PXRMS,Yes,0.5690306974991934,1,Medium
8707-RMEZH,No,0.05327310794155171,0,Low
3346-BRMIS,Yes,0.6273997144417798,1,Medium
3209-ZPKFI,No,0.10480468350502554,0,Low
6479-VDGRK,No,0.006484788745278856,0,Low
9373-WSLOY,No,0.30976605430040544,0,Low
2933-FILNV,Yes,0.5154804753391939,1,Medium
3569-JFODW,No,0.009305909338231328,0,Low
9819-FBNSV,No,0.3473647744311828,0,Low
9544-PYPSJ,No,0.25218747769762284,0,Low
1591-XWLGB,No,0.00221272015611284,0,Low
0396-UKGAI,No,0.1276904071611213,0,Low
3243-ZHOHY,No,0.05517146580850283,0,Low
5186-EJEGL,No,0.24705528021971435,0,Low
7527-QNRUS,No,0.04605877034724364,0,Low
9986-BONCE,Yes,0.15706749246930315,0,Low
2722-JMONI,Yes,0.45166162052764214,0,Medium
2203-GHNWN,No,0.5173842456950506,1,Medium
3878-AVSOQ,No,0.727582907335019,1,High
3258-SYSWS,No,0.04051903212214555,0,Low
5296-PSYVW,No,0.004613034684342382,0,Low
6319-QSUSR,No,0.09604002094641083,0,Low
4083-EUGRJ,Yes,0.14131205296714494,0,Low
7579-OOPEC,Yes,0.31594250046315003,0,Low
0512-FLFDW,No,0.2615051546736851,0,Low
1771-OADNZ,Yes,0.623826172719622,1,Medium
0487-CRLZF,No,0.03834187873216094,0,Low
2107-FBPTK,No,0.6784131057115942,1,Medium
9451-WLYRI,No,0.009640214311522188,0,Low
8219-VYBVI,No,0.012066464731189327,0,Low
1991-VOPLL,No,0.14027165247327772,0,Low
9738-QLWTP,No,0.1369231741585624,0,Low
1016-DJTSV,No,0.687399902794715,1,Medium
9419-IPPBE,No,0.2510391896693585,0,Low
0174-QRVVY,No,0.00265159933208034,0,Low
5699-BNCAS,No,0.006002869145313839,0,Low
2900-PHPLN,No,0.003999139517412961,0,Low
0612-RTZZA,Yes,0.595164029533888,1,Medium
8106-GWQOK,No,0.04846188304534435,0,Low
8751-EDEKA,No,0.3232218244398932,0,Low
6878-GGDWG,No,0.0505866994475107,0,Low
4039-PIMHX,No,0.021173559059641193,0,Low
8450-LUGUK,No,0.017512027622668392,0,Low
3604-WLABM,No,0.25798473747265493,0,Low
0795-GMVQO,No,0.10101181565529169,0,Low
2259-OUUSZ,No,0.24129404769926555,0,Low
1142-IHLOO,No,0.15810119369548853,0,Low
6410-LEFEN,Yes,0.3454090489915177,0,Low
4633-MKHYU,No,0.683349794521637,1,Medium
6257-RJOHI,No,0.3242387323264835,0,Low
1545-JFUML,No,0.07395127856370123,0,Low
3194-ORPIK,Yes,0.31343412393150777,0,Low
7826-VVKWT,No,0.3054714087410773,0,Low
1353-GHZOS,No,0.12604342401615912,0,Low
2587-EKXTS,No,0.46384909257457546,0,Medium
5442-BXVND,No,0.05334290501654014,0,Low
8816-VXNZD,Yes,0.7572305086448389,1,High
9378-FXTIZ,Yes,0.10386500155585758,0,Low
1723-HKXJQ,Yes,0.5686528094856855,1,Medium
7825-GKXMW,Yes,0.418898075961498,0,Medium
9753-OYLBX,No,0.1884743232714892,0,Low
2364-UFROM,No,0.059503900460881706,0,Low
6656-JWRQX,No,0.38933947366505833,0,Low
6473-ULUHT,No,0.23127702492626007,0,Low
1240-KNSEZ,Yes,0.25731857126210606,0,Low
0836-SEYLU,Yes,0.37168786338406246,0,Low
4433-JCGCG,Yes,0.6177770647019939,1,Medium
3716-BDVDB,Yes,0.7089309284278897,1,High
7688-AWMDX,No,0.004139761266007291,0,Low
2842-BCQGE,No,0.33465792374608716,0,Low
7244-QWYHG,No,0.04811376208089109,0,Low
5899-MQZZL,Yes,0.606361999507226,1,Medium
6849-OYAMU,Yes,0.20133637485683287,0,Low
5312-UXESG,No,0.4195443638905796,0,Medium
9488-HGMJH,Yes,0.7278878904823594,1,High
6038-GCYEC,Yes,0.38760782931844057,0,Low
2150-WLKUW,No,0.08258422147943376,0,Low
7159-FVYPK,No,0.4282233465551525,0,Medium
7032-LMBHI,No,0.06874386131936142,0,Low
1150-WFARN,Yes,0.05095948211437107,0,Low
6088-BXMRG,No,0.5824861137152003,1,Medium
3144-AUDBS,Yes,0.3805406895660251,0,Low
4821-SJHJV,No,0.36241541641412245,0,Low
7346-MEDWM,No,0.2919838903354051,0,Low
1137-DGOWI,No,0.061566780391004945,0,Low
5616-PRTNT,Yes,0.13571724658153259,0,Low
3812-LRZIR,No,0.028338597709216855,0,Low
4818-QIUFN,Yes,0.5590338066753374,1,Medium
9483-GCPWE,No,0.06233110192665676,0,Low
4227-OJHAL,No,0.02677840588381917,0,Low
9220-CXRSC,No,0.004774783208612239,0,Low
4993-JCRGJ,No,0.42056411940891464,0,Medium
9537-JALFH,No,0.0020500169218960885,0,Low
6698-OXETB,No,0.038316243494801484,0,Low
2103-ZRXFN,No,0.41895191914745367,0,Medium
3724-BSCVH,No,0.06100891708202852,0,Low
4877-TSOFF,No,0.029749787428680795,0,Low
9209-NWPGU,No,0.04189966125589736,0,Low
6961-VCPMC,Yes,0.4452731674790328,0,Medium
7306-YDSOI,No,0.00659550520814139,0,Low
5288-AHOUP,No,0.7197146619209023,1,High
6688-UZPWD,Yes,0.7560946998140795,1,High
0655-YDGFJ,No,0.1377030972217884,0,Low
8468-EHYJA,No,0.3949745951023494,0,Low
6823-SIDFQ,No,0.0307485201925001,0,Low
1097-FSPVW,No,0.0614399440242198,0,Low
2839-RFSQE,Yes,0.18108380974084998,0,Low
8328-SKJNO,No,0.050738540821115806,0,Low
7010-ZMVBF,No,0.07939033373832698,0,Low
5201-CBWYG,No,0.0075502998575521525,0,Low
0968-GSIKN,Yes,0.6301936027956313,1,Medium
1965-DDBWU,Yes,0.5395319775503774,1,Medium
9057-SIHCH,Yes,0.8180519222633202,1,High
6352-GIGGQ,No,0.036105246148947744,0,Low
3635-QQRQD,No,0.004845360014459997,0,Low
6771-XWBDM,Yes,0.37014436135724754,0,Low
2897-DOVND,No,0.6997611393406576,1,Medium
3082-YVEKW,No,0.049354105828180665,0,Low
0191-EQUUH,No,0.028426191740253477,0,Low
7134-HBPBS,No,0.083654516055021,0,Low
3489-HHPFY,No,0.7956648571853291,1,High
2926-JEJJC,No,0.10204670342641477,0,Low
8601-QACRS,Yes,0.46657607426837755,0,Medium
4950-BDEUX,No,0.33823925824639955,0,Low
5789-LDFXO,No,0.07197386279904885,0,Low
0508-OOLTO,No,0.6430901338996795,1,Medium
2984-TBYKU,No,0.031095637937382105,0,Low
9822-WMWVG,No,0.3196249677295507,0,Low
2391-SOORI,Yes,0.25969307263832503,0,Low
9040-KZVWO,No,0.17159019118678157,0,Low
2645-QTLMB,Yes,0.7281908837770755,1,High
4806-HIPDW,Yes,0.7091985476867122,1,High
1548-ARAGG,No,0.30771020212662764,0,Low
6339-RZCBJ,No,0.023989888579129023,0,Low
4424-TKOPW,Yes,0.8514019710101642,1,High
4415-WNGVR,No,0.23019902408519524,0,Low
2522-AHJXR,No,0.2480623124658451,0,Low
0412-UCCNP,No,0.01612082741852182,0,Low
1816-FLZDK,No,0.3998767510000677,0,Low
7096-UCLNH,No,0.1930260387431444,0,Low
8443-ZRDBZ,Yes,0.7404926887641078,1,High
9136-ALYBR,Yes,0.5830340978015145,1,Medium
4615-PIVVU,No,0.02318866673835174,0,Low
8885-QSQBX,No,0.2462883166262993,0,Low
7479-NITWS,Yes,0.6810668166491755,1,Medium
8617-ENBDS,No,0.5931239210221474,1,Medium
9385-NXKDA,No,0.02161437844110689,0,Low
0430-IHCDJ,No,0.4570242453441426,0,Medium
2959-MJHIC,Yes,0.7340934569137292,1,High
6674-KVJHG,No,0.11849792581304669,0,Low
1814-DKOLC,No,0.2054796117488645,0,Low
4201-JMNGR,Yes,0.4313180205462071,0,Medium
9351-HXDMR,No,0.06203311825873846,0,Low
3537-HPKQT,No,0.23494921956431766,0,Low
2129-ALKBS,No,0.07922192605351086,0,Low
5821-MMEIL,No,0.004364005020498422,0,Low
5960-WPXQM,Yes,0.7529748210868886,1,High
0684-AOSIH,Yes,0.714434725654726,1,High
8260-NGFNY,Yes,0.4824701555619224,0,Medium
1309-XGFSN,No,0.1370669881504074,0,Low
1866-RZZQS,Yes,0.6549117392475757,1,Medium
6968-URWQU,No,0.0916402383644297,0,Low
4742-TXUEX,No,0.005550984153955451,0,Low
9631-XEYKE,No,0.38248829873326706,0,Low
8631-NBHFZ,Yes,0.008737365243380955,0,Low
1335-MXCSE,No,0.012993332895343943,0,Low
8873-TMKGR,No,0.0319678350115459,0,Low
8800-JOOCF,No,0.688902270057441,1,Medium
1469-LBJQJ,No,0.4125063882272019,0,Medium
4958-XCBDQ,Yes,0.6771123361848447,1,Medium
8337-UPOAQ,Yes,0.7765518564665886,1,High
0064-YIJGF,No,0.41697422401176715,0,Medium
2386-OWURY,No,0.33903752348596594,0,Low
1725-IQNIY,Yes,0.04427389069151888,0,Low
0310-VQXAM,No,0.14208040032635935,0,Low
6598-RFFVI,Yes,0.09450096317174304,0,Low
3453-RTHJQ,No,0.672535548903607,1,Medium
6712-OAWRH,Yes,0.662496136405078,1,Medium
6278-FEPBZ,No,0.13880626140594507,0,Low
4280-DLSHD,No,0.3346821275652526,0,Low
1508-DFXCU,No,0.6700298509141671,1,Medium
8614-VGMMV,Yes,0.44708630122203535,0,Medium
7868-BGSZA,No,0.15966354110503958,0,Low
2800-QQUSO,No,0.5218652056534598,1,Medium
2930-UOTMB,Yes,0.08513029793040822,0,Low
7973-DZRKH,No,0.025283273514228558,0,Low
5914-DVBWJ,Yes,0.5477324988574241,1,Medium
7698-YFGEZ,No,0.19314594979591526,0,Low
2533-QVMSK,Yes,0.09652232764357975,0,Low
9773-PEQBZ,No,0.5804400581305081,1,Medium
8644-XLFBW,Yes,0.7308221633167216,1,High
0650-BWOZN,No,0.5693326836620736,1,Medium
8625-AZYZY,Yes,0.6914157199789238,1,Medium
7785-RDVIG,No,0.1494964291876436,0,Low
9602-WCXPI,No,0.011031433519560067,0,Low
2903-YYTBW,No,0.38015473682855927,0,Low
3620-MWJNE,No,0.2562413441739519,0,Low
8573-JGCZW,No,0.07220444309916008,0,Low
6837-HAEVO,No,0.12464906109925632,0,Low
6701-YVNQG,No,0.01639373916685202,0,Low
9306-CPCBC,Yes,0.7465060343849096,1,High
4304-XUMGI,No,0.03050737774095766,0,Low
9504-YAZWB,No,0.005522572746678288,0,Low
8819-ZBYNA,No,0.07210554875378779,0,Low
6174-NRBTZ,No,0.05576728796799592,0,Low
9481-IEBZY,No,0.19593253994366225,0,Low
1833-VGRUM,Yes,0.7857104278485229,1,High
6137-NICCO,No,0.6205941439195112,1,Medium
9065-ZCPQX,No,0.008303266385312001,0,Low
6402-EJMWF,No,0.46936486429182306,0,Medium
3620-EHIMZ,No,0.004793680479430878,0,Low
3213-VVOLG,No,0.06695278668962687,0,Low
6870-ECSHE,No,0.10034567504084001,0,Low
8747-UDCOI,No,0.0030739660668633478,0,Low
8374-XGEJJ,Yes,0.606579723180112,1,Medium
2656-TABEH,Yes,0.7976922601884767,1,High
6946-LMSQS,Yes,0.42858018817356286,0,Medium
4626-OZDTJ,No,0.07753093520040849,0,Low
9169-BSVIN,No,0.4084493669802861,0,Medium
2325-ZUSFD,Yes,0.04037551296308164,0,Low
8194-PEEBY,No,0.03249727218447053,0,Low
6872-HXFNF,No,0.021301757181521868,0,Low
3932-CMDTD,Yes,0.48422911217224307,0,Medium
7714-YXSMB,No,0.6112784477652115,1,Medium
8387-UGUSU,No,0.09043027252875703,0,Low
1080-BWSYE,No,0.005324920924879178,0,Low
4039-HEUNW,Yes,0.6549757729565275,1,Medium
1194-HVAIF,No,0.5102786836083536,1,Medium
0812-WUPTB,Yes,0.5873343625022561,1,Medium
3594-UVONA,Yes,0.09910426024052535,0,Low
0004-TLHLJ,Yes,0.6783822025419082,1,Medium
1767-TGTKO,No,0.3950206730213102,0,Low
8439-LTUGF,No,0.17064608873923098,0,Low
8805-JNRAZ,No,0.30488613791768,0,Low
5089-IFSDP,Yes,0.09495994170381511,0,Low
6418-HNFED,No,0.021661664744459467,0,Low
0206-OYVOC,No,0.009050511665360509,0,Low
7291-CDTMJ,No,0.24444407999291512,0,Low
7128-GGCNO,No,0.2458135674916579,0,Low
0237-YFUTL,No,0.2637734177800137,0,Low
7691-KGKGP,No,0.0420838551186935,0,Low
6710-HSJRD,No,0.38500840922019114,0,Low
3675-EQOZA,No,0.15420196765182206,0,Low
0840-DCNZE,No,0.04720774030032695,0,Low
1732-FEKLD,No,0.18781900499353407,0,Low
9862-KJTYK,No,0.3097712960165733,0,Low
0479-HMSWA,No,0.1789929993081284,0,Low
5854-KSRBJ,No,0.0030506971994194053,0,Low
0365-BZUWY,No,0.7334599938347776,1,High
4817-VYYWS,Yes,0.644009950984621,1,Medium
5701-SVCWR,No,0.20157196632227367,0,Low
3129-AAQOU,No,0.028845337882475428,0,Low
4922-CVPDX,No,0.09431552831506254,0,Low
1396-QWFBJ,Yes,0.3614317971453622,0,Low
1357-BIJKI,No,0.3527684696718028,0,Low
1099-BTKWT,No,0.06698373944676174,0,Low
5299-SJCZT,Yes,0.7505018672204823,1,High
2018-PZKMU,No,0.5188048396395394,1,Medium
7340-KEFQE,No,0.009902431238654487,0,Low
4570-QHXHL,No,0.43816957337826606,0,Medium
2403-BCASL,Yes,0.3150595958435591,0,Low
7392-YYPYJ,No,0.7079018346297472,1,High
2898-LSJGD,Yes,0.25353007371889447,0,Low
2223-GDSHL,No,0.04630249802455929,0,Low
7359-PTSXY,Yes,0.42458785214435146,0,Medium
9470-RTWDV,No,0.14750108598023645,0,Low
2176-OSJUV,No,0.00561119735992116,0,Low
9348-YVOMK,No,0.38827995516478614,0,Low
8104-OSKWT,No,0.5907727465691018,1,Medium
4521-YEEHE,No,0.6242653900629902,1,Medium
4090-KPJIP,No,0.7445227853091051,1,High
3786-WOVKF,No,0.13915959853274554,0,Low
4503-BDXBD,Yes,0.4980353060911683,0,Medium
6086-ESGRL,Yes,0.5716011249207074,1,Medium
2592-HODOV,No,0.05915080648039057,0,Low
3886-CERTZ,Yes,0.19197167377443727,0,Low
7995-ZHHNZ,No,0.04387249586363501,0,Low
3824-RHKVR,No,0.0916219933515234,0,Low
5816-SCGFC,No,0.3728838563441905,0,Low
5989-AXPUC,No,0.04409505380392366,0,Low
4979-HPRFL,No,0.005379336274748222,0,Low
8590-OHDIW,No,0.016908421967331055,0,Low
8015-IHCGW,No,0.06435277653586811,0,Low
2332-TODQS,No,0.01647876369189899,0,Low
9278-VZKCD,No,0.450281218534533,0,Medium
8008-OTEZX,No,0.019659516224233262,0,Low
2773-OVBPK,No,0.08783188313459357,0,Low
5999-LCXAO,No,0.379395076219917,0,Low
5206-XZZQI,No,0.1600478460623086,0,Low
4803-LBYPN,No,0.039773175899054755,0,Low
5759-RCVCB,Yes,0.49075846414208185,0,Medium
6372-RFVNS,Yes,0.6783270981237284,1,Medium
2139-FQHLM,No,0.3667915627936901,0,Low
8261-GWDBQ,No,0.08092638676304002,0,Low
1093-YSWCA,No,0.03499394342753137,0,Low
8938-UMKPI,Yes,0.539422545487005,1,Medium
0991-BRRFB,Yes,0.200103788990268,0,Low
3882-IYOIJ,No,0.03805504352337626,0,Low
8749-TZYEC,No,0.003200756888768941,0,Low
1755-FZQEC,No,0.020392344947883386,0,Low
3115-JPJDD,No,0.06793843694899467,0,Low
5600-KTXFM,No,0.4900228651900735,0,Medium
3871-IKPYH,Yes,0.6607784793198737,1,Medium
6319-IEJWJ,Yes,0.6307711695698677,1,Medium
9025-AOMKI,Yes,0.7446739025754968,1,High
6339-TBELP,No,0.03981941384660153,0,Low
7964-YESJC,No,0.14093677980872907,0,Low
6173-GOLSU,No,0.3503081753577886,0,Low
5275-SQEIZ,Yes,0.6850284620978467,1,Medium
7716-YTYHG,Yes,0.21789524172775035,0,Low
9938-ZREHM,No,0.06905145770599348,0,Low
7950-XWOVN,No,0.33509852752840347,0,Low
4390-KYULV,Yes,0.2234574702459501,0,Low
4647-MUZON,No,0.5900213097242619,1,Medium
9702-AIUJO,No,0.039759775500407005,0,Low
8849-PRIQJ,No,0.13563097758074893,0,Low
8851-RAGOV,No,0.1398514824433422,0,Low
1304-NECVQ,Yes,0.774331762309529,1,High
5396-IZEPB,No,0.1300112669160497,0,Low
1729-VLAZJ,No,0.0885745180410063,0,Low
8285-ABVLB,No,0.0023008356570317482,0,Low
0701-TJSEF,No,0.23339443488021713,0,Low
5712-VBOXD,No,0.20908936641525766,0,Low
6629-LADHQ,No,0.24993342976028746,0,Low
8945-GRKHX,Yes,0.6225706201697909,1,Medium
1559-DTODC,No,0.3622811418940632,0,Low
4797-MIWUM,No,0.16644196652115767,0,Low
6959-UWKHF,Yes,0.5277676119236739,1,Medium
8720-RQSBJ,No,0.46775003973478274,0,Medium
4537-CIBHB,No,0.061896307830322975,0,Low
3815-SLMEF,Yes,0.28204406547679534,0,Low
5154-VEKBL,Yes,0.3234720284067198,0,Low
4324-AHJKS,No,0.20472566378648158,0,Low
4355-CVPVS,No,0.11832542110711677,0,Low
4495-LHSSK,No,0.1569473734341621,0,Low
5655-JSMZM,Yes,0.5876807983767528,1,Medium
5915-ANOEI,No,0.009370273459479335,0,Low
9861-PDSZP,No,0.07153294870967124,0,Low
4505-EXZHB,Yes,0.6048978166866746,1,Medium
7225-CBZPL,No,0.786277307868515,1,High
6704-UTUKK,No,0.48966489165133,0,Medium
4587-VVTOX,Yes,0.7741376679172871,1,High
2019-HDCZY,No,0.13185776811477032,0,Low
4652-NNHNY,Yes,0.5820841661072442,1,Medium
8788-DOXSU,No,0.04919197755891723,0,Low
7404-JLKQG,No,0.45676347312411336,0,Medium
7421-ZLUPA,No,0.457644707011736,0,Medium
8972-HJWNV,Yes,0.795957610651087,1,High
3274-NSDWE,No,0.002568109676839832,0,Low
2632-IVXVF,No,0.0351630063487012,0,Low
3692-JHONH,No,0.37709858934209145,0,Low
8915-NNTRC,No,0.043205550390114714,0,Low
5914-GXMDA,No,0.027847892221526428,0,Low
7463-IFMQU,No,0.0021823832804304783,0,Low
2920-RNCEZ,No,0.5645812713938937,1,Medium
2541-YGPKE,No,0.02601664995103864,0,Low
8515-OCTJS,Yes,0.025002346928363645,0,Low
5382-TEMLV,No,0.07804537086870536,0,Low
3441-CGZJH,No,0.06659255653644501,0,Low
9592-ERDKV,No,0.10211618449380189,0,Low
2860-RANUS,Yes,0.6207003757842471,1,Medium
5261-QSHQM,Yes,0.6183761857603407,1,Medium
4778-IZARL,No,0.0448832918436417,0,Low
0432-CAJZV,No,0.6372629920135117,1,Medium
7008-LZVOZ,No,0.0047560133402214586,0,Low
8868-WOZGU,Yes,0.6604958083716237,1,Medium
1200-TUZHR,No,0.7147471715645013,1,High
9365-CSLBQ,No,0.002801954499104305,0,Low
1334-FJSVR,Yes,0.6562757070352665,1,Medium
5884-FBCTL,No,0.002555239574738415,0,Low
7130-CTCUS,No,0.2113890683370219,0,Low
6242-FEGFD,No,0.02363218213086384,0,Low
7625-XCQRH,Yes,0.6860608923367634,1,Medium
6194-HBGQN,No,0.040518949779219736,0,Low
7634-WSWDB,No,0.4792901248550081,0,Medium
6986-IXNDM,No,0.7112296596499487,1,High
1731-TVIUK,Yes,0.6778886498940001,1,Medium
2987-BJXIK,No,0.01774719334064971,0,Low
9769-TSBZE,No,0.006848939747881551,0,Low
0406-BPDVR,Yes,0.2627254312651808,0,Low
0618-XWMSS,Yes,0.2545964542029902,0,Low
1395-WSWXR,No,0.021220613513787477,0,Low
6023-GSSXW,No,0.015300036747718368,0,Low
6752-APNJL,No,0.04884287698481116,0,Low
5276-KQWHG,Yes,0.7253451216870248,1,High
0420-HLGXF,No,0.6601630171854009,1,Medium
7446-KQISO,No,0.11574487429438504,0,Low
9823-EALYC,No,0.009244558810467015,0,Low
0582-AVCLN,No,0.010979032136802378,0,Low
5803-NQJZO,No,0.007884551382808507,0,Low
2565-JSLRY,Yes,0.3189767066088389,0,Low
2607-DHDAK,No,0.002511168704296642,0,Low
1073-XXCZD,No,0.0069733514120693535,0,Low
0743-HRVFF,No,0.103568257799827,0,Low
4006-HKYHO,No,0.014972491048734415,0,Low
3727-JEZTU,No,0.18870986826125716,0,Low
8143-ETQTI,No,0.02593036194281127,0,Low
6689-KXGBO,Yes,0.3779863992326214,0,Low
9667-TKTVZ,No,0.4090559629557508,0,Medium
3657-COGMW,No,0.2795354791419008,0,Low
8570-KLJYJ,No,0.057202857989494066,0,Low
7754-IXRMC,No,0.3477842116849276,0,Low
9473-CBZOP,No,0.07686341326456961,0,Low
2969-WGHQO,No,0.13850605393776702,0,Low
6615-NGGZJ,Yes,0.7435238678771364,1,High
4334-HOWRP,No,0.016427518554886052,0,Low
4255-DDUOU,Yes,0.21550339718885408,0,Low
5863-OOKCL,No,0.1347567986334088,0,Low
1686-STUHN,No,0.016543306335225858,0,Low
1329-VHWNP,No,0.3987104607785255,0,Low
2984-MIIZL,Yes,0.5885190330468117,1,Medium
0266-GMEAO,No,0.04174074139359344,0,Low
5590-YRFJT,Yes,0.4453998191556105,0,Medium
5574-NXZIU,No,0.03364814910533092,0,Low
0019-GFNTW,No,0.008928931285859148,0,Low
4256-ZWTZI,No,0.26571045851995484,0,Low
8309-PPCED,No,0.07523902476455342,0,Low
4098-NAUKP,No,0.22615622831708418,0,Low
5196-WPYOW,No,0.007218049694035859,0,Low
4608-LCIMN,No,0.2393726500790429,0,Low
1485-YDHMM,No,0.21755170587916242,0,Low
4054-CUMIA,No,0.11245222689780887,0,Low
0603-TPMIB,No,0.004919202803271117,0,Low
2525-GVKQU,No,0.003892018220482512,0,Low
8161-QYMTT,No,0.8107952015410065,1,High
9581-GVBXT,No,0.019734092558572013,0,Low
5862-BRIXZ,No,0.04212261867547118,0,Low
5404-GGUKR,No,0.43247517711939143,0,Medium
3308-JSGML,No,0.03017628319976961,0,Low
2126-GSEGL,No,0.02502270946430973,0,Low
3677-TNKIO,Yes,0.489057393399571,0,Medium
0440-QEXBZ,No,0.15730633413213965,0,Low
2434-EEVDB,No,0.06408258484109985,0,Low
6762-QVYJO,No,0.01673537093081439,0,Low
6199-IWKGC,No,0.2881286362286386,0,Low
2675-DHUTR,No,0.5054545231347575,1,Medium
8152-VETUR,No,0.08843984393581555,0,Low
9667-EQRXU,Yes,0.4308335897379089,0,Medium
7446-YPODE,No,0.22813223609460462,0,Low
9522-BNTHX,No,0.421469885457934,0,Medium
4676-WLUHT,No,0.018090964936438986,0,Low
3329-WDIOK,Yes,0.6892681685504047,1,Medium
7980-MHFLQ,No,0.002764368395036373,0,Low
2873-ZLIWT,Yes,0.3263475422638419,0,Low
3415-TAILE,Yes,0.394841391449952,0,Low
0757-WCUUZ,No,0.024726327928754586,0,Low
1629-DQQVB,No,0.16282725227406872,0,Low
1915-IOFGU,Yes,0.6165199253626952,1,Medium
3045-XETSH,Yes,0.7080900270979595,1,High
0374-AACSZ,No,0.3221563625402271,0,Low
7239-HZZCX,Yes,0.19374635491094744,0,Low
4872-VXRIL,No,0.025338648113184606,0,Low
9140-CZQZZ,No,0.013139026175776359,0,Low
3423-HHXAO,No,0.07129033634685107,0,Low
9938-TKDGL,No,0.051923422134866656,0,Low
0531-ZZJWQ,No,0.38011398719289824,0,Low
6537-QLGEX,No,0.45180088715284616,0,Medium
2688-BHGOG,No,0.7296248198760457,1,High
7683-CBDKJ,Yes,0.2747488643950454,0,Low
0946-CLJTI,Yes,0.5412045677802588,1,Medium
3160-TYXLT,No,0.09790647357373915,0,Low
1325-USMEC,No,0.0517826443133817,0,Low
0916-QOFDP,No,0.7580944610657143,1,High
0628-CNQRM,Yes,0.07545101276653213,0,Low
5606-AMZBO,No,0.5120392021985479,1,Medium
6199-IPCAO,No,0.018236370199306812,0,Low
7665-TOALD,Yes,0.7026481046412189,1,High
0112-QWPNC,Yes,0.06977241704677029,0,Low
0324-BRPCJ,Yes,0.42941252223547755,0,Medium
2777-PHDEI,Yes,0.6761400738637481,1,Medium
5640-CAXOA,No,0.13486045476250422,0,Low
2235-EZAIK,No,0.007229274230561704,0,Low
3847-BAERP,No,0.182269622664466,0,Low
1196-AMORA,Yes,0.6477070793803249,1,Medium
4282-YMKNA,Yes,0.7069797205203372,1,High
1453-RZFON,No,0.21867621105383842,0,Low
8263-OKETD,No,0.25905733636281625,0,Low
0670-KDOMA,No,0.2525944955297985,0,Low
2476-YGEFM,No,0.4441199759564045,0,Medium
8687-BAFGU,No,0.5364102090068374,1,Medium
0641-EVBOJ,No,0.4157846105936194,0,Medium
0829-XXPLX,No,0.4197639940557427,0,Medium
9974-JFBHQ,No,0.15895581380948565,0,Low
5356-RHIPP,Yes,0.2570245202988937,0,Low
6624-JDRDS,No,0.3132773213111685,0,Low
0608-JDVEC,No,0.009110304317116373,0,Low
9780-FKVVF,No,0.33466346821263565,0,Low
1919-RTPQD,No,0.3249604118702942,0,Low
5214-NLTIT,No,0.05985275637043545,0,Low
3345-PBBFH,No,0.32551193560224695,0,Low
5055-BRMNE,No,0.03446997373877848,0,Low
9189-JWSHV,Yes,0.7510075199112839,1,High
2190-PHBHR,No,0.0475502254793328,0,Low
2650-GYRYL,No,0.029003026618205238,0,Low
0746-JTRFU,Yes,0.6435279779932742,1,Medium
5208-FVQKB,No,0.00615074500941294,0,Low
7184-LRUUR,No,0.10573478068488865,0,Low
6627-CFOSN,No,0.20727599634089125,0,Low
3982-JGSFD,No,0.02981631934712746,0,Low
1574-DYCWE,No,0.004992565887871454,0,Low
7247-XOZPB,No,0.03158499586085199,0,Low
2466-FCCPT,No,0.03578018406545942,0,Low
6211-WWLTF,No,0.04938584685803518,0,Low
4826-TZEVA,No,0.19415295679257927,0,Low
6016-NXBNJ,No,0.034873277787111225,0,Low
9138-EFSMO,No,0.20518000788683308,0,Low
0576-WNXXC,Yes,0.6362560786134304,1,Medium
4632-XJMEX,No,0.010835919663302147,0,Low
8910-LEDAG,No,0.2885658414401289,0,Low
3452-GWUIN,No,0.7722379390484484,1,High
2716-GFZOR,No,0.17970373341743312,0,Low
3724-UCSHY,No,0.13505879330811874,0,Low
8626-XHBIE,No,0.008164700973098791,0,Low
4628-CTTLA,Yes,0.1570987204132847,0,Low
3192-LNKRK,No,0.38458863071166116,0,Low
4439-YRNVD,No,0.33011017961936145,0,Low
2876-VBBBL,Yes,0.2525944955297985,0,Low
6834-NXDCA,Yes,0.5205644772406508,1,Medium
2208-UGTGR,No,0.3874123834704743,0,Low
3005-TYFRD,No,0.3839815550371667,0,Low
8670-MEFCP,No,0.03747862874407957,0,Low
3079-BCHLN,No,0.013409983058528254,0,Low
7777-UNYHB,No,0.12981235200771252,0,Low
5597-GLBUC,Yes,0.7366646890066554,1,High
7278-CKDNC,No,0.6028397267932921,1,Medium
2748-MYRVK,Yes,0.14182248301969858,0,Low
8450-UYIBU,No,0.3855937462753717,0,Low
2969-VAPYH,No,0.007508985462822468,0,Low
4822-YCXMX,Yes,0.6490370971916559,1,Medium
7181-OQCUT,No,0.4859038562030431,0,Medium
8474-UMLNT,No,0.1356738490650727,0,Low
9821-POOTN,Yes,0.5058831263385719,1,Medium
3836-FZSDJ,No,0.004041934614952632,0,Low
9142-XMYJH,No,0.05523305730345885,0,Low
6559-ILWKJ,Yes,0.02854163735584574,0,Low
0187-QSXOE,No,0.7891790318767188,1,High
7733-UDMTP,No,0.23810264323760838,0,Low
2649-HWLYB,No,0.011229411083552318,0,Low
5214-CHIWJ,No,0.03514714913391998,0,Low
4229-CZMLL,Yes,0.7309267456920684,1,High
6904-JLBGY,No,0.059194501898881355,0,Low
2465-BLLEU,No,0.2583494796240761,0,Low
1685-VAYJF,No,0.24677149865462433,0,Low
8874-EJNSR,No,0.012242491293539152,0,Low
6917-YACBP,No,0.2566707860508669,0,Low
5049-MUBWG,No,0.07109188662658873,0,Low
4223-WOZCM,No,0.3701127052234741,0,Low
0769-MURVM,No,0.007893627916059532,0,Low
9253-VIFJQ,No,0.01721628414628921,0,Low
7030-FZTFM,No,0.041752106545718,0,Low
9741-YLNTD,No,0.6229606297391564,1,Medium
5917-RYRMG,No,0.028790779456052847,0,Low
5120-ZBLAI,No,0.0905275881624932,0,Low
1194-BHJYC,No,0.026357291896015878,0,Low
3663-MITLP,Yes,0.6598219117099837,1,Medium
0906-QVPMS,No,0.03930115204810692,0,Low
9025-ZRPVR,Yes,0.19604281750556282,0,Low
1905-OEILC,No,0.19083994101233873,0,Low
7858-GTZSP,No,0.7315459160542853,1,High
3285-UCQVC,Yes,0.10516021014762919,0,Low
6248-BSHKG,No,0.006041034039485584,0,Low
4685-TFLLS,No,0.039796866236801606,0,Low
3470-BTGQO,No,0.16270950936649833,0,Low
1209-VFFOC,No,0.01059217833784779,0,Low
8224-DWCKX,No,0.630661102141763,1,Medium
5482-PLVPE,Yes,0.5871809057335944,1,Medium
4553-DVPZG,No,0.4577494304911361,0,Medium
4902-OHLSK,Yes,0.5539910166486558,1,Medium
6917-IAYHD,No,0.3106438959646566,0,Low
0495-ZBNGW,Yes,0.6822234740733923,1,Medium
8620-RJPZN,No,0.23964780511132477,0,Low
7572-KPVKK,No,0.1232769095866381,0,Low
2642-MAWLJ,No,0.009168766092018296,0,Low
2357-COQEK,Yes,0.6474828132101716,1,Medium
7103-ZGVNT,No,0.011860850348022582,0,Low
3737-GCSPV,Yes,0.47503793825310536,0,Medium
2027-WKXMW,No,0.3614878564002873,0,Low
7137-NAXML,No,0.03822066547458047,0,Low
2428-ZMCTB,No,0.12496629710956024,0,Low
2961-VNFKL,No,0.004604428310870714,0,Low
1768-HNVGJ,No,0.16204011911701235,0,Low
6963-KQYQB,No,0.003034189459236869,0,Low
5934-RMPOV,No,0.6150888689088994,1,Medium
1207-BLKSA,No,0.006827805005483931,0,Low
4088-YLDSU,Yes,0.2859275156568674,0,Low
8316-BBQAY,No,0.013832539834903323,0,Low
1166-PQLGG,No,0.0017732771563793196,0,Low
3146-JTQHR,No,0.07023024229445986,0,Low
4291-YZODP,No,0.06584351324927709,0,Low
4395-PZMSN,No,0.7178327382848665,1,High
6427-FEFIG,No,0.06069065993749662,0,Low
0017-IUDMW,No,0.04294845632834932,0,Low
8706-HRADD,No,0.2641851481278147,0,Low
9955-QOPOY,No,0.04318965116954256,0,Low
4385-ZKVNW,No,0.06462563581230725,0,Low
5446-DKWYW,No,0.08465519584073246,0,Low
2034-CGRHZ,Yes,0.6306861955425966,1,Medium
5797-APWZC,Yes,0.7148336379319664,1,High
3683-QKIUE,Yes,0.28608323761418725,0,Low
4228-ZGYUW,Yes,0.7538938667644802,1,High
9031-ZVQPT,No,0.10911021242629956,0,Low
2990-IAJSV,No,0.011743466261751856,0,Low
8107-KNCIM,No,0.7074757576714944,1,High
9027-YFHQJ,No,0.24501737079020883,0,Low
5176-LDKUH,No,0.12733414336307444,0,Low
4644-OBGFZ,No,0.007926542680383,0,Low
7926-IJOOU,No,0.17880817262746002,0,Low
6480-YAGIY,No,0.09016712678375016,0,Low
4029-HPFVY,No,0.6215081948748605,1,Medium
7602-DBTOU,No,0.0024889038843933764,0,Low
5345-BMKWB,No,0.1497442073086987,0,Low
3519-ZKXGG,Yes,0.74786266664598,1,High
5457-COLHT,No,0.007007276778504551,0,Low
6416-TVAIH,Yes,0.6673087797974055,1,Medium
5451-YHYPW,No,0.06193971334251349,0,Low
5108-ADXWO,Yes,0.532128802980749,1,Medium
7998-WNZEM,No,0.008216439661049034,0,Low
3066-RRJIO,Yes,0.6332375225159578,1,Medium
4664-NJCMS,No,0.04665104437823872,0,Low
0307-BCOPK,No,0.05640423845983614,0,Low
7629-WFGLW,No,0.08766336745208031,0,Low
2542-HYGIQ,No,0.17407616629972983,0,Low
6715-OFDBP,Yes,0.5846527362824976,1,Medium
5016-LIPDW,No,0.007233802209262487,0,Low
6481-LXPWL,No,0.037061734816793736,0,Low
1567-DSCIC,Yes,0.7278881972936986,1,High
2150-UWTFY,Yes,0.09586558624883017,0,Low
6124-ACRHJ,No,0.19024641738632753,0,Low
9362-MWODR,No,0.07034206753330835,0,Low
9975-GPKZU,No,0.0057108261682564864,0,Low
9625-RZFUK,No,0.002951645514548499,0,Low
5153-LXKDT,No,0.0919448913236772,0,Low
5161-UBZXI,No,0.03115456439947997,0,Low
1020-JPQOW,No,0.1890825761888124,0,Low
7919-ZODZZ,No,0.18664705973684423,0,Low
0565-JUPYD,No,0.05932904160836757,0,Low
6867-ACCZI,No,0.05275283661655625,0,Low
5939-XAIXZ,No,0.3279964262562074,0,Low
9054-FOWNV,No,0.6231051999015232,1,Medium
2683-BPJSO,Yes,0.42851402301568053,0,Medium
2157-MXBJS,Yes,0.35184959516669917,0,Low
8207-VVMYB,No,0.005226073517581131,0,Low
9732-EQMWY,No,0.361220748710547,0,Low
9360-AHGNL,Yes,0.24396584301371763,0,Low
1087-UDSIH,Yes,0.23732436596856593,0,Low
5269-NRGDP,No,0.07450878959703063,0,Low
6195-MELTI,No,0.026506582226390872,0,Low
5485-WUYWF,Yes,0.3017111958229262,0,Low
2121-JAFOM,No,0.05252468681610059,0,Low
8818-DOPVL,No,0.5809353729556879,1,Medium
2632-UCGVD,Yes,0.3171856825311174,0,Low
5445-PZWGX,Yes,0.09026570974758126,0,Low
1227-UDMZR,No,0.01715920544261452,0,Low
5198-HQAEN,No,0.20435457954349776,0,Low
9170-CCKOU,Yes,0.3209478834352659,0,Low
2167-FQSTQ,No,0.025343570062849662,0,Low
2819-GWENI,No,0.026727046759500852,0,Low
1043-YCUTE,Yes,0.009134611760053157,0,Low
3814-MLAXC,Yes,0.3451022356129569,0,Low
3572-UUHRS,No,0.014500544208056094,0,Low
2692-PFYTJ,No,0.3084859680243279,0,Low
1226-UDFZR,Yes,0.3877980266668574,0,Low
5955-EPOAZ,No,0.20919563549007458,0,Low
6821-JPCDC,No,0.2944254931851775,0,Low
8815-LMFLX,No,0.10339616795506032,0,Low
9135-HSWOC,No,0.0037662229477669184,0,Low
8582-KRHPJ,No,0.08567998587859037,0,Low
5811-IWXYM,No,0.1789113001046297,0,Low
7044-YAACC,No,0.7187355679998629,1,High
8189-XRIKE,No,0.5319042436433759,1,Medium
1506-YJTYT,No,0.01524385350497792,0,Low
4123-DVHPH,No,0.6824979755380494,1,Medium
6425-YQLLO,Yes,0.1810714532393489,0,Low
5442-UTCVD,Yes,0.65779423122825,1,Medium
2228-BZDEE,No,0.005299567344370838,0,Low
7734-DBOAI,Yes,0.4713907620458833,0,Medium
2789-CZANW,No,0.03534771296830446,0,Low
2091-RFFBA,Yes,0.5667922435533058,1,Medium
2114-MGINA,Yes,0.6389906574841457,1,Medium
7596-LDUXP,No,0.3085694338454831,0,Low
3740-RLMVT,No,0.014194901047514537,0,Low
4489-SNOJF,Yes,0.12263589555367008,0,Low
2192-OZITF,No,0.02218405252140933,0,Low
5651-CPDND,No,0.2744904977854706,0,Low
2186-QZEYA,No,0.17983720504848924,0,Low
1131-ALZWV,No,0.04925247230679501,0,Low
7729-XBTWX,No,0.0037252777718155394,0,Low
9134-WYRVP,No,0.09118932934587114,0,Low
3284-SVCRO,No,0.011343666949887336,0,Low
9732-OUYRN,No,0.011610052952982335,0,Low
0559-CKHUS,No,0.024391013707733777,0,Low
2931-SVLTV,No,0.27449636723379417,0,Low
6899-PPEEA,Yes,0.6628407016896048,1,Medium
7504-UWHNB,No,0.417803287256684,0,Medium
2582-FFFZR,No,0.5431909731473968,1,Medium
8908-NMQTX,No,0.014244973308460435,0,Low
2187-LZGPL,Yes,0.4993366946685835,0,Medium
1431-AIDJQ,No,0.03035737126745793,0,Low
6288-LBEAR,No,0.32771129235833485,0,Low
4597-NUCQV,Yes,0.7165566264960351,1,High
9019-QVLZD,Yes,0.6710637795338663,1,Medium
8413-YNHNV,No,0.013998419283120232,0,Low
5808-TOTXO,No,0.09976410355541959,0,Low
4369-NYSCF,No,0.05020430932043306,0,Low
6333-YDVLT,No,0.1212729905579733,0,Low
5324-KTGCG,No,0.006601146003073717,0,Low
5599-HVLTW,No,0.603165996982345,1,Medium
7394-LWLYN,No,0.692724322491492,1,Medium
3707-LRWZD,Yes,0.34540376185579813,0,Low
6873-UDNLD,No,0.12454250151151657,0,Low
2700-LUEVA,No,0.17555437125188814,0,Low
1455-ESIQH,Yes,0.7918166836831703,1,High
0958-YHXGP,No,0.5840917440157608,1,Medium
1101-SSWAG,No,0.446482905373142,0,Medium
2979-SXESE,Yes,0.4654863876864038,0,Medium
4013-TLDHQ,Yes,0.5237156693436665,1,Medium
5743-KHMNA,No,0.0033749841409817403,0,Low
4194-FJARJ,No,0.008972883386800851,0,Low
5325-UWTWJ,No,0.2515515365718785,0,Low
3969-GYXEL,No,0.4256357494602938,0,Medium
9208-OLGAQ,No,0.6523434069976564,1,Medium
3244-CQPHU,No,0.05646138697627513,0,Low
2674-MLXMN,No,0.30132101333652994,0,Low
9708-HPXWZ,No,0.40956204720849176,0,Medium
6992-TKNYO,No,0.07233775519084097,0,Low
4468-YDOVK,No,0.2602810032534017,0,Low
3754-DXMRT,Yes,0.5498404951029007,1,Medium
5792-JALQC,No,0.01878938371155413,0,Low
7130-VTEWQ,Yes,0.7390154174888792,1,High
2200-DSAAL,No,0.04875759849223486,0,Low
4302-ZYFEL,No,0.005451660694462995,0,Low
9351-LZYGF,No,0.07417804393733658,0,Low
4366-CTOUZ,No,0.09549783445314838,0,Low
6121-VZNQB,Yes,0.25595097475960205,0,Low
7903-CMPEY,Yes,0.7109192840569067,1,High
1518-OMDIK,No,0.1665927248783273,0,Low
6671-NGWON,No,0.1501839553749267,0,Low
0595-ITUDF,No,0.17190986665903116,0,Low
6996-KNSML,Yes,0.6928752988296726,1,Medium
1955-IBMMB,No,0.005785598331652636,0,Low
0096-BXERS,No,0.4483409392581017,0,Medium
3806-YAZOV,No,0.17842546794723932,0,Low
7998-ZLXWN,No,0.10114699107215212,0,Low
6253-WRFHY,No,0.31305587917693983,0,Low
9133-AYJZG,No,0.5962766908634595,1,Medium
2675-OTVVJ,No,0.4655785122964574,0,Medium
8680-CGLTP,No,0.06826271848551803,0,Low
8430-TWCBX,No,0.011603859945571126,0,Low
5018-GWURO,No,0.33120015677326564,0,Low
6741-QRLUP,No,0.014393955239281933,0,Low
4737-HOBAX,No,0.023843459374908033,0,Low
0537-QYZZN,No,0.47980706883229446,0,Medium
3340-QBBFM,No,0.049147191507205236,0,Low
1704-NRWYE,Yes,0.7228980824950414,1,High
2592-SEIFQ,Yes,0.5437984693158653,1,Medium
8200-KLNYW,No,0.0876698877210399,0,Low
3372-CDXFJ,No,0.06662675800414929,0,Low
4781-ZXYGU,No,0.207582676912967,0,Low
7632-YUTXB,No,0.03077235092613004,0,Low
2718-YSKCS,No,0.002713956346294885,0,Low
9896-UYMIE,No,0.10814117629288823,0,Low
0853-NWIFK,No,0.22680587434204036,0,Low
8212-CRQXP,No,0.4973385578942652,0,Medium
6980-CDGFC,No,0.007434480896448451,0,Low
7691-XVTZH,No,0.08115625962940325,0,Low
2520-SGTTA,No,0.05041550997860192,0,Low
7481-ATQQS,Yes,0.40437692843670925,0,Medium
2277-VWCNI,No,0.4271190109219376,0,Medium
1088-CNNKB,No,0.019862621531147238,0,Low
8642-GVWRF,Yes,0.4693141043119909,0,Medium
1930-BZLHI,No,0.06439970280084883,0,Low
3400-ESFUW,Yes,0.0054493387472044925,0,Low
5868-YTYKS,No,0.21632612966750617,0,Low
3525-DVKFN,No,0.029139098098816013,0,Low
1482-OXZSY,No,0.4913853564572072,0,Medium
0377-JBKKT,No,0.1027061928482511,0,Low
5778-BVOFB,No,0.3164674988563599,0,Low
3373-YZZYM,No,0.16509766011648572,0,Low
2057-ZBLPD,Yes,0.6763315921158886,1,Medium
0228-MAUWC,No,0.2528178249156484,0,Low
5502-RLUYV,Yes,0.3555659394582336,0,Low
0023-HGHWL,Yes,0.6860052212746123,1,Medium
7663-YJHSN,No,0.0380266460497602,0,Low
4915-BFSXL,No,0.010028789707244717,0,Low
3086-RUCRN,No,0.13830964606677362,0,Low
5215-LNLDJ,No,0.5341941246960511,1,Medium
7576-JMYWV,No,0.34882410188639235,0,Low
9039-RBEEE,Yes,0.11623418538802273,0,Low
0257-KXZGU,No,0.11985689151376364,0,Low
1307-ATKGB,No,0.5497751102744597,1,Medium
8417-FMLZI,Yes,0.5410919377244502,1,Medium
3714-XPXBW,No,0.11747045306856109,0,Low
1850-AKQEP,No,0.12131945763079928,0,Low
2824-DXNKN,No,0.01317845480218725,0,Low
5227-JSCFE,No,0.00576968141150938,0,Low
0848-ZGQIJ,No,0.578848914856561,1,Medium
3621-CHYVB,No,0.06964465576437448,0,Low
8042-RNLKO,No,0.007862226087652243,0,Low
1792-UXAFY,Yes,0.6296259470120753,1,Medium
5372-FBKBN,No,0.06864134514303011,0,Low
0420-TXVSG,No,0.013101951826522214,0,Low
6217-TOWGS,No,0.42948237319197224,0,Medium
0515-YPMCW,Yes,0.5832310674828661,1,Medium
0378-XSZPU,Yes,0.016044384280198196,0,Low
1045-LTCYT,No,0.10847604670567605,0,Low
1544-JJMYL,No,0.052191575210637095,0,Low
4636-JGAAI,No,0.391073265514312,0,Low
6874-SGLHU,No,0.3189147608480712,0,Low
5951-AOFIH,No,0.1857090006787364,0,Low
4729-XKASR,Yes,0.5107025038973441,1,Medium
3059-NGMXB,No,0.20644462536826794,0,Low
8652-YHIYU,No,0.2602163931742729,0,Low
5278-PNYOX,No,0.07069962751183766,0,Low
5449-FIBXJ,Yes,0.5410622929675641,1,Medium
3486-HOOGQ,No,0.007069503285323368,0,Low
5061-PBXFW,No,0.0446325922254993,0,Low
8630-FJLIB,No,0.5636333472631192,1,Medium
3891-NLXJB,No,0.029130947341437077,0,Low
4749-OJKQU,No,0.7366093963750584,1,High
0577-WHMEV,No,0.4174773791010949,0,Medium
5453-AXEPF,No,0.5227223921858472,1,Medium
3639-XJHKQ,No,0.18952525622300098,0,Low
3716-LRGXK,No,0.10193923172336433,0,Low
2263-SFSQZ,No,0.010227688247780031,0,Low
9950-MTGYX,No,0.018608804485663197,0,Low
3397-AVTKU,No,0.05915023729569781,0,Low
4825-FUREZ,No,0.012998965246140934,0,Low
9837-BMCLM,Yes,0.7424505102602571,1,High
2672-OJQZP,No,0.349882047446754,0,Low
0137-UDEUO,Yes,0.17629176417427014,0,Low
3134-DSHVC,No,0.042607838847481073,0,Low
6161-UUUTA,Yes,0.7665713907113444,1,High
7821-DPRQE,No,0.25612454060247497,0,Low
6543-XRMYR,Yes,0.6780223353023366,1,Medium
2001-EWBQU,No,0.13033159165563163,0,Low
4925-LMHOK,Yes,0.2520309124494969,0,Low
1608-GMEWB,No,0.5227747437595968,1,Medium
6695-AMZUF,No,0.008209875088787663,0,Low
1455-UGQVH,Yes,0.7970174320532802,1,High
8410-BGQXN,No,0.1741953560174463,0,Low
8280-MQRQN,Yes,0.42536807231741025,0,Medium
1619-YWUBB,No,0.00521640208672447,0,Low
7611-YKYTC,No,0.2255415732971837,0,Low
2037-SGXHH,Yes,0.4744361851690254,0,Medium
3178-FESZO,Yes,0.7295545609299432,1,High
0365-GXEZS,No,0.39936454729718823,0,Low
0082-OQIQY,No,0.527841404689875,1,Medium
6087-MVHJH,Yes,0.7080554813013822,1,High
4603-JANFB,Yes,0.706543027041085,1,High
3018-TFTSU,Yes,0.31975980950377175,0,Low
3606-SBKRY,No,0.3021563811898527,0,Low
4806-KEXQR,Yes,0.7317295668808719,1,High
0667-NSRGI,No,0.080259267510214,0,Low
7083-YNSKY,Yes,0.17739844245205819,0,Low
6893-ODYYE,No,0.06216015804258427,0,Low
8242-JSVBO,No,0.3678969769217896,0,Low
2479-BRAMR,Yes,0.3087909113691729,0,Low
9541-ZPSEA,No,0.016183648787887965,0,Low
2665-NPTGL,No,0.6545494225280124,1,Medium
1139-WUOAH,No,0.02725055683757081,0,Low
4693-VWVBO,No,0.22632362261323916,0,Low
7434-SHXLS,Yes,0.18753440072772298,0,Low
6937-GCDGQ,No,0.09000756299133295,0,Low
0988-JRWWP,No,0.5523499409746244,1,Medium
5075-JSDKI,No,0.008230545009884589,0,Low
7908-QCBCA,Yes,0.6401802906346137,1,Medium
8644-XYTSV,No,0.1603817734268331,0,Low
6711-FLDFB,Yes,0.7195526802328871,1,High
3873-WOSBC,No,0.003991171233728284,0,Low
7465-ZZRVX,No,0.7049447465007364,1,High
7975-JMZNT,No,0.014360421467485509,0,Low
7251-XFOIL,No,0.23868823553684132,0,Low
4116-IQRFR,No,0.09385034018692846,0,Low
3714-JTVOV,Yes,0.23739878943920306,0,Low
8259-DZLIZ,No,0.028526414588384015,0,Low
0442-ZXKVS,No,0.1692173336204057,0,Low
7853-WNZSY,No,0.23865162596395256,0,Low
3120-FAZKD,No,0.008289201954377816,0,Low
8606-OEGQZ,No,0.02672173120779937,0,Low
0225-ZORZP,No,0.6215470455344048,1,Medium
4702-IOQDC,Yes,0.7010375868942683,1,High
9489-JMTTN,No,0.009359221730028592,0,Low
0575-CUQOV,No,0.25750644655306654,0,Low
0967-BMLBD,No,0.08020938903430885,0,Low
6178-KFNHS,Yes,0.536073113568245,1,Medium
2830-LEWOA,No,0.07413692224231644,0,Low
5006-MXVRN,No,0.009387474545533861,0,Low
1264-BYWMS,Yes,0.5053994555335654,1,Medium
9658-WYUFB,Yes,0.5758697959808468,1,Medium
8327-WKMIE,No,0.020216047964454517,0,Low
6917-FIJHC,No,0.00482922564084178,0,Low
5329-KRDTM,No,0.012435077157488301,0,Low
7797-EJMDP,No,0.17746519269609715,0,Low
3530-VWVGU,No,0.06687365480185062,0,Low
2013-SGDXK,Yes,0.6323229063495882,1,Medium
6368-NWMCE,No,0.11593485085616405,0,Low
3633-CDBUW,No,0.13431202883623386,0,Low
0707-HOVVN,No,0.019285899591808632,0,Low
8580-QVLOC,Yes,0.010030485307516554,0,Low
3956-MGXOG,No,0.5471426459067019,1,Medium
9274-UARKJ,No,0.5185414769952441,1,Medium
4077-HWUYD,No,0.014284857945844007,0,Low
2012-NWRPA,Yes,0.8095658511003319,1,High
8808-ELEHO,Yes,0.7326431507512612,1,High
0103-CSITQ,No,0.18449305637413488,0,Low
3506-LCJDC,Yes,0.15345401242917192,0,Low
8671-KKKOS,No,0.1244520954442442,0,Low
7305-ZWMAJ,No,0.027728276625189695,0,Low
9518-XXBXE,No,0.483312739414828,0,Medium
3934-HXCFZ,Yes,0.5335976630063588,1,Medium
6578-KRMAW,No,0.29957190859721583,0,Low
4860-IJUDE,No,0.4126287226353562,0,Medium
7666-WKRON,Yes,0.10777491223205204,0,Low
9688-YGXVR,No,0.30544317999297865,0,Low
0423-UDIJQ,No,0.24398920594423051,0,Low
1945-XISKS,No,0.002990689569467624,0,Low
4910-AQFFX,Yes,0.5668545837368661,1,Medium
2154-KVJFF,Yes,0.6207110915707277,1,Medium
5360-LJCNJ,No,0.10195384580382777,0,Low
2607-FBDFF,No,0.25625459389593375,0,Low
9647-ERGBE,Yes,0.6315794387420622,1,Medium
3428-XZMAZ,Yes,0.7081362343719796,1,High
1100-DDVRV,No,0.4971440211812076,0,Medium
0378-TOVMS,Yes,0.5643294640949608,1,Medium
4355-HBJHH,Yes,0.034013953055920004,0,Low
6728-WYQBC,No,0.17949668537815733,0,Low
9058-CBREO,Yes,0.4504856485591954,0,Medium
9029-FEGVJ,No,0.39929274303243284,0,Low
7216-KAOID,No,0.01413639197584349,0,Low
0318-QUUOB,Yes,0.7526884168946801,1,High
6145-NNPNO,No,0.3349761062825043,0,Low
5520-FVEWJ,Yes,0.5885954153733332,1,Medium
5339-TJFEK,No,0.3004518349537167,0,Low
5572-ZDXHY,Yes,0.48532206008901446,0,Medium
2074-GUHPQ,No,0.3519130080099273,0,Low
4625-XMOYM,No,0.0037440094853428557,0,Low
5827-MWCZK,No,0.19999879358313102,0,Low
1385-TQOZW,No,0.17200800879348277,0,Low
5914-XRFQB,No,0.05636135930565745,0,Low
4329-YPDDQ,No,0.3687083974365456,0,Low
4804-NCPET,No,0.02199928631749942,0,Low
3750-CKVKH,Yes,0.7050161218231991,1,High
5944-UGLLK,No,0.0591870533082135,0,Low
8063-GBATB,Yes,0.6653496878542675,1,Medium
7787-BNTZM,No,0.14974190419830238,0,Low
2252-ISRNH,No,0.5489507019901585,1,Medium
9415-TPKRV,No,0.3349639573029616,0,Low
5322-TEUJK,No,0.031019777783060924,0,Low
4547-KQRTM,Yes,0.5729734101841599,1,Medium
4877-EVATK,Yes,0.19314594979591526,0,Low
1866-DIOQZ,No,0.019662094638459617,0,Low
8375-KVTHK,No,0.14431581420577197,0,Low
2697-NQBPF,No,0.5402966706087287,1,Medium
3709-OIJEA,No,0.23237952308855006,0,Low
7639-SUPCW,Yes,0.16744706395717823,0,Low
1386-ZIKUV,No,0.21047821096850902,0,Low
0599-XNYDO,No,0.46629046570963284,0,Medium
6377-WHAOX,No,0.4542067920014327,0,Medium
6855-VLGOS,No,0.00260051580583633,0,Low
8999-XXGNS,No,0.18827818005946148,0,Low
8746-OQQRW,No,0.21698143872106526,0,Low
3181-MIZBN,No,0.11743519496947852,0,Low
0471-ARVMX,No,0.25380217503879715,0,Low
7766-CLTIC,No,0.32152712866490085,0,Low
5650-YLIBA,No,0.5074293177919723,1,Medium
0825-CPPQH,No,0.0022350768207512525,0,Low
9084-OAYKL,No,0.004512795604476759,0,Low
6122-LJADA,No,0.013995034854027609,0,Low
2400-XIWIO,No,0.017240792569439105,0,Low
7524-VRLPL,No,0.010665699467612698,0,Low
1069-XAIEM,Yes,0.8188114119724429,1,High
7569-NMZYQ,No,0.04501373372798212,0,Low
5201-USSQZ,No,0.29644976090703323,0,Low
2105-PHWON,No,0.3994813457980797,0,Low
1494-EJZDW,No,0.03240799858903285,0,Low
4884-TVUQF,No,0.04686286665721374,0,Low
8003-EWNDZ,No,0.23095971541219787,0,Low
1897-RCFUM,No,0.0321946828092517,0,Low
9256-JTBNZ,No,0.12031400060470701,0,Low
4658-HCOHW,Yes,0.4954383688118841,0,Medium
2211-RMNHO,No,0.014106170593155016,0,Low
2432-TFSMK,No,0.43488577388396066,0,Medium
3440-JPSCL,Yes,0.6043966032504396,1,Medium
4929-ROART,No,0.19513438845181033,0,Low
1834-ABKHQ,No,0.0361815247858303,0,Low
1741-WTPON,No,0.0496729761250112,0,Low
3932-IJWDZ,No,0.4144337917100341,0,Medium
1240-HCBOH,No,0.0060561454533504325,0,Low
3594-KADLU,No,0.2865309695815791,0,Low
8065-BVEPF,No,0.2878503262956012,0,Low
3796-ENZGF,No,0.01622942810617175,0,Low
1734-ZMNTZ,No,0.041389410245014496,0,Low
2853-CWQFQ,No,0.35434507582466396,0,Low
0813-TAXXS,No,0.05955907003455502,0,Low
2519-TWKFS,No,0.10831171603059904,0,Low
2889-FPWRM,Yes,0.10435356450278056,0,Low
0626-QXNGV,No,0.004475082700811377,0,Low
6723-CEGQI,No,0.01053423594784207,0,Low
6987-XQSJT,Yes,0.35596328837929264,0,Low
4732-RRJZC,No,0.1285472555126682,0,Low
9499-XPZXM,No,0.005397831225994317,0,Low
4338-EYCER,No,0.23195581950146557,0,Low
3007-FDPEA,No,0.22904758545225098,0,Low
6350-XFYGW,No,0.7948697219743717,1,High
4290-BSXUX,Yes,0.5909454863069888,1,Medium
8513-OLYGY,No,0.03766569484727809,0,Low
0311-QYWSS,No,0.3645965328641784,0,Low
8705-DWKTI,No,0.27693178177987415,0,Low
8755-IWJHN,No,0.2552606967756402,0,Low
0325-XBFAC,Yes,0.7458926108091174,1,High
4480-QQRHC,No,0.587857219123838,1,Medium
0929-PECLO,No,0.30672496369913865,0,Low
3680-CTHUH,No,0.12486108927288361,0,Low
1202-KKGFU,No,0.13238997921265103,0,Low
6112-KTHFQ,No,0.16501993588435523,0,Low
1852-XEMDW,No,0.15245635516873343,0,Low
2462-XIIJB,Yes,0.7656831532920683,1,High
4760-XOHVN,Yes,0.16148949614190125,0,Low
1820-DJFPH,No,0.003635031898551386,0,Low
9426-SXNHE,No,0.1748748359535228,0,Low
9068-FHQHD,No,0.007606232828830808,0,Low
1269-FOYWN,No,0.012237932190086705,0,Low
9470-YFUYI,No,0.01765750139076519,0,Low
7817-BOQPW,Yes,0.7503644882912911,1,High
7402-EYFXX,No,0.737800207809128,1,High
1853-UDXBW,Yes,0.6621632253083649,1,Medium
9895-VFOXH,No,0.4855455109238805,0,Medium
5458-CQJTA,Yes,0.012671848677189922,0,Low
1230-QAJDW,No,0.4581783479166382,0,Medium
5701-ZIKJE,No,0.2507123644423259,0,Low
5219-YIPTK,Yes,0.6292535135609034,1,Medium
5032-MIYKT,No,0.6305522541673421,1,Medium
7396-VJUZB,No,0.2818059299761739,0,Low
9717-QEBGU,No,0.6979893086505757,1,Medium
5172-RKOCB,No,0.05203081987271262,0,Low
6509-TSGWN,No,0.04644399271634663,0,Low
3540-RZJYU,Yes,0.4551609870313012,0,Medium
3178-CIFOT,No,0.053034816419723484,0,Low
2091-MJTFX,Yes,0.18957374402409308,0,Low
4530-NDRKU,No,0.02753447916393223,0,Low
5985-TBABQ,No,0.11176757849984326,0,Low
9800-ONTFE,No,0.45609051902906983,0,Medium
6743-HHQPF,No,0.168032656820036,0,Low
8455-HIRAQ,No,0.2897316118491612,0,Low
6616-AALSR,No,0.0721305021698528,0,Low
0883-EIBTI,Yes,0.18351718725704697,0,Low
9415-ZNBSX,No,0.014534534649646845,0,Low
4018-KJYUY,No,0.06083878163285441,0,Low
0722-TROQR,Yes,0.767177286885624,1,High
7571-YXDAD,Yes,0.5795897827129753,1,Medium
3884-UEBXB,No,0.006058273065803563,0,Low
8780-RSYYU,No,0.09295341780876445,0,Low
5537-UXXVS,No,0.08470867158698911,0,Low
1791-PQHBB,No,0.30120930400504065,0,Low
8701-DGLVH,No,0.006221739942425901,0,Low
8741-LQOBK,No,0.053421734530957644,0,Low
3393-FMZPV,Yes,0.6703403748455825,1,Medium
8082-GHXOP,No,0.2175547270519997,0,Low
6402-ZFPPI,Yes,0.5553304553375712,1,Medium
0980-FEXWF,No,0.07399272910369857,0,Low
7486-KSRVI,Yes,0.3434601587219666,0,Low
3011-WQKSZ,No,0.1407472058498935,0,Low
8443-WVPSS,Yes,0.6325378734859889,1,Medium
3006-XIMLN,Yes,0.7231767195949595,1,High
8218-FFJDS,No,0.015645029178229103,0,Low
1986-PHGZF,No,0.2430946664919715,0,Low
9965-YOKZB,Yes,0.7865500629111039,1,High
0504-HHAPI,Yes,0.4827620238087175,0,Medium
9360-OMDZZ,No,0.7235335831992992,1,High
6305-YLBMM,Yes,0.10498392223804232,0,Low
0345-XMMUG,No,0.12905777729222878,0,Low
8024-XNAFQ,No,0.04246454339689389,0,Low
3647-GMGDH,Yes,0.5600631972093798,1,Medium
2988-GBIVW,No,0.2774798043453825,0,Low
2832-SCUCO,No,0.23422763327249393,0,Low
7036-ZZKBD,No,0.1668799914945261,0,Low
3791-LGQCY,Yes,0.45054238183521544,0,Medium
0265-PSUAE,No,0.3600239203899825,0,Low
0463-TXOAK,No,0.006023639288370261,0,Low
0594-UFTUL,No,0.13979018701202836,0,Low
9509-MPYOD,No,0.023544328127435663,0,Low
9128-CPXKI,No,0.10636883735865126,0,Low
0129-KPTWJ,No,0.3143779608782918,0,Low
8166-ZZTFS,Yes,0.043233376144543,0,Low
5855-EIBDE,No,0.04513915625822187,0,Low
5365-LLFYV,No,0.424972606525358,0,Medium
5956-YHHRX,No,0.7365915842883058,1,High
6008-NAIXK,No,0.15308016188748202,0,Low
2956-GGUCQ,Yes,0.5349742546680344,1,Medium
1928-BXYIV,No,0.34840613892186817,0,Low
5760-FXFVO,No,0.533013011352218,1,Medium
6595-COKXZ,Yes,0.4393855082121792,0,Medium
0961-ZWLVI,No,0.1675942173073622,0,Low
5181-OABFK,No,0.00999268999452306,0,Low
4007-NHVHI,No,0.3220499170442876,0,Low
7816-VGHTO,No,0.08240271313437598,0,Low
5871-DGTXZ,No,0.027754072438125436,0,Low
7550-WIQVA,No,0.23667611205265274,0,Low
7544-ZVIKX,No,0.16373082985184667,0,Low
0016-QLJIS,No,0.018230666500570668,0,Low
7508-DQAKK,No,0.019984493655597426,0,Low
5176-OLSKT,No,0.008911799445110473,0,Low
9356-AXGMP,No,0.30926102181098114,0,Low
3556-BVQGL,No,0.06772603623865142,0,Low
0362-ZBZWJ,Yes,0.5715833131828747,1,Medium
8979-CAMGB,No,0.20271732959711888,0,Low
4211-MMAZN,Yes,0.19254696094544638,0,Low
7581-EBBOU,No,0.030368839822478417,0,Low
4274-OWWYO,Yes,0.670775806975535,1,Medium
5073-RZGBK,No,0.035123503636559854,0,Low
1541-ETJZO,Yes,0.3179155495052907,0,Low
2192-CKRLV,No,0.019761182508286085,0,Low
3154-HMWUU,No,0.005601365129532638,0,Low
6119-SPUDB,No,0.016573036050357166,0,Low
6522-OIQSX,No,0.023916139070217713,0,Low
7813-ZGGAW,No,0.455040321283183,0,Medium
8748-HFWBO,No,0.040822441822983765,0,Low
1052-QJIBV,No,0.001773579165900567,0,Low
1319-YLZJG,No,0.4755389722457809,0,Medium
4106-HADHQ,Yes,0.03858498988045195,0,Low
0723-FDLAY,No,0.09854751932325004,0,Low
3050-RLLXC,No,0.010516014056443914,0,Low
9298-WGMRW,No,0.054085991144786426,0,Low
2369-UAPKZ,Yes,0.6506781568054356,1,Medium
3088-LHEFH,No,0.5075478537290359,1,Medium
2778-OCLGR,Yes,0.25013154035041935,0,Low
6583-KQJLK,No,0.7027118344671826,1,High
8544-JNBOX,No,0.003447193780120824,0,Low
6681-ZSEXG,No,0.018526101984721877,0,Low
6139-ZZRBQ,No,0.005222331651558416,0,Low
6116-RFVHN,No,0.654452959125315,1,Medium
0637-KVDLV,Yes,0.7516429056399059,1,High
8884-FEEWR,No,0.02268090524243736,0,Low
3125-RAHBV,No,0.03943749308269403,0,Low
6633-MPWBS,Yes,0.38971899120359216,0,Low
0373-AIVNJ,No,0.15475019533069578,0,Low
8785-EPNCG,Yes,0.15716441563474842,0,Low
1682-VCOIO,No,0.04159366886210807,0,Low
5729-KLZAR,Yes,0.5954129048173092,1,Medium
2072-ZVJJX,No,0.003879970055134687,0,Low
8849-AYPTR,No,0.49590858440440133,0,Medium
9518-IMLHK,No,0.10827872055657432,0,Low
1582-RAFML,Yes,0.29602903873668124,0,Low
3646-ITDGM,No,0.004442275467749037,0,Low
8740-CRYFY,Yes,0.7532610171852465,1,High
3569-VLDHH,No,0.022273968401993555,0,Low
8224-KDLKN,No,0.002547148355191871,0,Low
7594-LZNWR,No,0.2846802807494461,0,Low
4001-TSBTV,No,0.2643316983419533,0,Low
2962-XPMCQ,Yes,0.5094727361747106,1,Medium
8727-XDPUD,No,0.05713213746866621,0,Low
1043-UXOVO,No,0.052207126416582705,0,Low
1064-FBXNK,No,0.08144295890391612,0,Low
3996-ZNWYK,No,0.0021014229436187655,0,Low
2878-DHMIN,No,0.026802669478844764,0,Low
7762-ONLJY,No,0.07076591085247776,0,Low
1678-FYZOW,Yes,0.7355020706112058,1,High
5795-BKOYE,No,0.009087311562162416,0,Low
8627-EHGIP,Yes,0.14551152854399504,0,Low
7402-PWYJJ,No,0.22308635380179245,0,Low
5480-TBGPH,Yes,0.5165051891364889,1,Medium
0018-NYROU,No,0.6797760457493749,1,Medium
7501-VTYLJ,No,0.25251944598686304,0,Low
7608-RGIRO,No,0.006050957387164965,0,Low
0480-BIXDE,No,0.6711196077446299,1,Medium
5895-QSXOD,No,0.48088323368529085,0,Medium
9814-AOUDH,No,0.005147176752369035,0,Low
6175-IRFIT,No,0.5779096391871175,1,Medium
8760-ZRHKE,No,0.027317912899889774,0,Low
1622-HSHSF,No,0.2546340929882947,0,Low
8854-CCVSQ,Yes,0.6050177397870482,1,Medium
6749-UTDVX,No,0.14185369475894932,0,Low
5542-DHSXL,No,0.2125225394266353,0,Low
9102-OXKFY,No,0.017540495912060756,0,Low
0511-JTEOY,Yes,0.5392058634629174,1,Medium
5216-WASFJ,No,0.6435650925679408,1,Medium
7808-DVWEP,No,0.17099577683744976,0,Low
7067-KSAZT,Yes,0.2998520968380995,0,Low
2284-VFLKH,No,0.1826882615915359,0,Low
0366-NQSHS,No,0.18779591594480566,0,Low
6532-YLWSI,Yes,0.009735548661477815,0,Low
3807-BPOMJ,No,0.2062491916272039,0,Low
3892-NXAZG,No,0.04407473572735168,0,Low
4948-WBBKL,No,0.4295480669130486,0,Medium
4182-BGSIQ,No,0.14501682931338217,0,Low
9300-AGZNL,Yes,0.8545339181698818,1,High
0988-AADSA,No,0.00638512146232673,0,Low
9972-NKTFD,No,0.09268861951251732,0,Low
3717-LNXKW,No,0.2876200755754591,0,Low
5734-EJKXG,No,0.17287793627582776,0,Low
2207-RYYRL,No,0.006941032338009112,0,Low
6729-FZWSY,No,0.007954647613847171,0,Low
9695-IDRZR,No,0.09830936893119026,0,Low
8144-DGHXP,No,0.022377611249760884,0,Low
7814-LEEVE,No,0.2424151120752646,0,Low
1112-CUNAO,Yes,0.6362868754955834,1,Medium
5175-AOBHI,Yes,0.4045985019461654,0,Medium
5174-RNGBH,Yes,0.22300104717432634,0,Low
8631-WUXGY,No,0.39071885845207466,0,Low
7270-BDIOA,Yes,0.5881120644394913,1,Medium
9565-JSNFM,Yes,0.1817792860674004,0,Low
5906-DVAPM,No,0.02893850323778258,0,Low
6654-QGBZZ,No,0.18989098161131981,0,Low
8348-JLBUG,No,0.04868315483888519,0,Low
0607-DAAHE,Yes,0.004225041176878636,0,Low
5641-DMBFJ,No,0.041412945987928045,0,Low
9200-NLNPD,No,0.07569825495415976,0,Low
2664-XJZNO,No,0.03337786393573418,0,Low
9732-KPKBW,Yes,0.3304572687845694,0,Low
3339-EAQNV,No,0.18921082624677035,0,Low
0921-OHLVP,No,0.5908617067799193,1,Medium
3389-YGYAI,Yes,0.7889263886727886,1,High
9560-ARGQJ,Yes,0.5880924852592538,1,Medium
8350-NYMVI,No,0.08887100209558509,0,Low
1600-DILPE,No,0.31486850734380506,0,Low
0536-ESJEP,No,0.028993602003149658,0,Low
4654-GGUII,No,0.11180896471943477,0,Low
6478-HRRCZ,No,0.04245201271506861,0,Low
8510-BBWMU,No,0.026106853009644545,0,Low
6857-TKDJV,No,0.0032126468094620495,0,Low
2360-RDGRO,No,0.36686682372776286,0,Low
0584-BJQGZ,No,0.16402717477312406,0,Low
5134-IKDAY,Yes,0.6577911952798475,1,Medium
1360-XFJMR,No,0.14437878184335343,0,Low
3070-DVEYC,Yes,0.6110754576565025,1,Medium
5730-RIITO,No,0.11588086748400266,0,Low
9058-MJLZC,No,0.5524747650954336,1,Medium
5707-ORNDZ,Yes,0.35772472467890654,0,Low
0902-XKXPN,No,0.0020497267530355376,0,Low
5177-RVZNU,No,0.016181206238133045,0,Low
0056-EPFBG,No,0.05074451142941115,0,Low
8993-IZEUX,No,0.4812988602566434,0,Medium
8696-JKZNU,Yes,0.5174864599094656,1,Medium
5380-AFSSK,Yes,0.7649310866755827,1,High
8190-ZTQFB,No,0.2244808388873435,0,Low
0931-MHTEM,No,0.12927805064484418,0,Low
2055-PDADH,Yes,0.7159581884513442,1,High
7515-LODFU,No,0.0028064373623165263,0,Low
0440-UEDAI,No,0.10734328769767601,0,Low
1337-BOZWO,No,0.1488204595222952,0,Low
0868-VJRDR,No,0.0442610090783529,0,Low
8714-EUHJO,Yes,0.5262430420130246,1,Medium
6344-SFJVH,No,0.2635171838361076,0,Low
3950-VPYJB,No,0.010781081773632956,0,Low
8041-TMEID,No,0.07373749583834933,0,Low
7321-ZNSLA,No,0.04551328299757344,0,Low
6941-KXRRV,No,0.07264899590650932,0,Low
3721-CNEYS,Yes,0.690751939136706,1,Medium
8727-JQFHV,No,0.0038017716437337983,0,Low
9475-NNDGC,No,0.13651888220732594,0,Low
1355-KUSBG,No,0.38914269712620225,0,Low
3688-FTHLT,No,0.4012801452539762,0,Medium
0899-LIIBW,No,0.5767770784615806,1,Medium
2568-OIADY,Yes,0.6411906226745966,1,Medium
1384-RCUXW,No,0.5435805627334004,1,Medium
5825-XJOCM,No,0.03642450618749707,0,Low
6848-YLDFR,No,0.03685811028007635,0,Low
8125-QPFJD,No,0.018270729932966055,0,Low
2320-YKQBO,No,0.1521221640797622,0,Low
1193-RTSLK,Yes,0.20642792197928095,0,Low
2302-ANTDP,Yes,0.3008547081348117,0,Low
5923-GXUOC,Yes,0.6117035313146121,1,Medium
4973-RLZVI,No,0.04040863851002508,0,Low
7869-ZYDST,No,0.28936659328165426,0,Low
4501-UYKBC,No,0.08701894544161778,0,Low
1215-EXRMO,No,0.006713912168849226,0,Low
2305-MRGLV,No,0.23622245855370044,0,Low
8404-VIOMB,No,0.017907799210167615,0,Low
5233-GEEAX,Yes,0.6078850688408058,1,Medium
2359-KLTEK,No,0.3769411373889984,0,Low
5304-EFJLP,No,0.08722986384462265,0,Low
2673-ZALNP,No,0.08259877085367308,0,Low
9184-GALIL,No,0.03320408486970548,0,Low
4393-RYCRE,No,0.231226281270019,0,Low
9746-MDMBK,No,0.14099518161984315,0,Low
3162-ZJZFU,No,0.22045445748741876,0,Low
8404-GFGCZ,No,0.5191643315123222,1,Medium
8875-AKBYH,No,0.7225560748636294,1,High
4432-ADRLB,Yes,0.34537867555250973,0,Low
0533-UCAAU,No,0.07633450324826829,0,Low
1394-SUIUH,No,0.21069657116357782,0,Low
3521-MNKLV,No,0.2349143543589699,0,Low
2533-TIBIX,No,0.2702249539980686,0,Low
8993-PHFWD,Yes,0.5357946522988314,1,Medium
1565-RHDJD,Yes,0.4655075128200727,0,Medium
7137-RYLPP,Yes,0.6033902026966547,1,Medium
3765-JXVKY,Yes,0.664574547503459,1,Medium
5092-STPKP,No,0.08184877774737459,0,Low
7330-WZLNC,Yes,0.741888217647876,1,High
0114-PEGZZ,No,0.5352215635958162,1,Medium
3359-DSRKA,No,0.005228419054587821,0,Low
8639-NHQEI,No,0.03894489501770346,0,Low
7161-DFHUF,No,0.003544274474206585,0,Low
3957-LXOLK,Yes,0.6949733176875138,1,Medium
3720-DBRWL,No,0.022538664037564892,0,Low
6635-MYYYZ,Yes,0.053273799816634465,0,Low
8565-WUXZU,No,0.020014834315391222,0,Low
5281-BUZGT,Yes,0.5056135816757661,1,Medium
4994-OBRSZ,No,0.02997365912687977,0,Low
0562-FGDCR,No,0.0067076296739263025,0,Low
2436-QBZFP,No,0.31353135501226365,0,Low
3420-YJLQT,No,0.6377830608898221,1,Medium
6040-CGACY,No,0.10963237725508715,0,Low
6582-PLFUU,No,0.004687308681238408,0,Low
8242-PDSGJ,No,0.008030142091635094,0,Low
0264-CNITK,No,0.0018187369084464125,0,Low
0089-IIQKO,No,0.377828873540375,0,Low
7839-NUIAA,No,0.0446505833707236,0,Low
6075-QMNRR,No,0.05865073645282728,0,Low
5378-IKEEG,Yes,0.6952257704613464,1,Medium
5966-EMAZU,No,0.13726451422088676,0,Low
0440-EKDCF,No,0.011090844046280638,0,Low
4774-HHGGS,No,0.017055305591072187,0,Low
2718-GAXQD,Yes,0.37577954861922597,0,Low
2055-BFOCC,No,0.034540043480714946,0,Low
8180-AKMJV,No,0.4132085967315188,0,Medium
4298-OYIFC,No,0.7013144401585899,1,High
5566-SOEZD,No,0.1331281870012829,0,Low
9842-EFSYY,No,0.45280098140997566,0,Medium
2272-WUSPA,No,0.09667760436571744,0,Low
4584-LBNMK,No,0.023242017996314382,0,Low
3898-GUYTS,No,0.33731162699566425,0,Low
0930-EHUZA,No,0.04953446670604163,0,Low
6413-XKKPU,Yes,0.48896569511241933,0,Medium
9975-SKRNR,No,0.19579833345595637,0,Low
3703-KBKZP,No,0.6089780734423965,1,Medium
1449-XQEMT,Yes,0.24079326441489396,0,Low
2626-URJFX,Yes,0.5085787271944073,1,Medium
4973-MGTON,No,0.011688615365914846,0,Low
3682-YEUWS,No,0.20218423316169115,0,Low
1223-UNPKS,No,0.02103791373887173,0,Low
2612-RRIDN,Yes,0.7293772543867403,1,High
4735-ASGMA,Yes,0.7054258632375274,1,High
3446-QDSZF,No,0.3483479815490106,0,Low
3669-LVWZB,Yes,0.6076287463364466,1,Medium
6892-EZDTG,Yes,0.7491900851961838,1,High
5117-IFGPS,No,0.6593855573674288,1,Medium
7379-FNIUJ,No,0.5788653599511983,1,Medium
1627-AFWVJ,No,0.016759496377037407,0,Low
9725-SCPZG,Yes,0.747255722267189,1,High
5884-GCYMI,Yes,0.5512876542011745,1,Medium
3217-FZDMN,Yes,0.6884077647022544,1,Medium
4486-EFAEB,No,0.2118366609418416,0,Low
0060-FUALY,No,0.288564073295362,0,Low
7853-GVUDZ,Yes,0.19905685867441616,0,Low
7480-QNVZJ,Yes,0.5827063297738914,1,Medium
6954-OOYZZ,No,0.27434997655574506,0,Low
7088-FBAWU,No,0.17830524950591628,0,Low
8313-AFGBW,No,0.05234283289063282,0,Low
3943-KDREE,Yes,0.47188927217408294,0,Medium
9239-ZBZZV,Yes,0.701131892855846,1,High
3097-IDVPU,No,0.20673167326043027,0,Low
4398-HSCJH,Yes,0.5328291884449841,1,Medium
2197-OMWGI,No,0.043416878064322525,0,Low
2303-PJYHN,No,0.1754674310021522,0,Low
9795-VOWON,No,0.3248190921392949,0,Low
1237-WIYYZ,No,0.1353432432345049,0,Low
1987-AUELQ,No,0.0032792207414611774,0,Low
7852-LECYP,No,0.46065475540275547,0,Medium
4430-UZIPO,Yes,0.41672803085833177,0,Medium
4822-LPTYJ,No,0.0970800847314604,0,Low
8165-CBKXO,No,0.027210589224221638,0,Low
6527-PZFPV,No,0.04172820614951885,0,Low
4855-SNKMY,Yes,0.5175309301238918,1,Medium
9593-CVZKR,No,0.008129577833762516,0,Low
8595-SIZNC,No,0.06193907337792503,0,Low
8008-HAWED,Yes,0.6266492889004686,1,Medium
7124-UGSUR,Yes,0.23841779344627956,0,Low
1862-SKORY,Yes,0.31504952491458266,0,Low
5236-XMZJY,No,0.05443047961268649,0,Low
4827-DPADN,No,0.014932766389655102,0,Low
2694-CIUMO,No,0.4998243370533061,0,Medium
5846-ABOBJ,No,0.003375988041324528,0,Low
1439-LCGVL,No,0.03638805533055649,0,Low
0909-SDHNU,No,0.2726104873996027,0,Low
4647-XXZAM,No,0.2623119831661436,0,Low
1502-XFCVR,Yes,0.17256824049620864,0,Low
7740-KKCXF,No,0.10587913885742183,0,Low
5360-XGYAZ,No,0.011906587211927376,0,Low
9692-TUSXH,Yes,0.5911985226522195,1,Medium
7912-SYRQT,Yes,0.635981539724408,1,Medium
3557-HTYWR,No,0.018716327125494852,0,Low
4816-JBHOV,Yes,0.5477726044596113,1,Medium
8920-NAVAY,No,0.19323010789759418,0,Low
1699-TLDLZ,No,0.024692556539625588,0,Low
5600-PDUJF,No,0.2898659428990501,0,Low
8292-TYSPY,Yes,0.1915437712460055,0,Low
0567-XRHCU,No,0.012703927064926838,0,Low
1867-BDVFH,Yes,0.6533189921145073,1,Medium
2067-QYTCF,No,0.3455734662348785,0,Low
2359-QWQUL,Yes,0.1642486417744977,0,Low
9103-TCIHJ,Yes,0.2843376670948944,0,Low
7407-SUJIZ,No,0.0730327870552642,0,Low
9150-KPBJQ,No,0.04265686603683282,0,Low
0052-DCKON,No,0.08668074167194728,0,Low
3654-ARMGP,No,0.02136417244246381,0,Low
9699-UBQFS,No,0.43366628336019414,0,Medium
9367-TCUYN,No,0.12271081293256023,0,Low
1261-FWTTE,No,0.41953209129369345,0,Medium
3528-HFRIQ,No,0.11719251865880287,0,Low
0708-SJDIS,No,0.15596920104708714,0,Low
4140-WJAWW,Yes,0.1494612996011209,0,Low
2073-QBVBI,No,0.0468408454432019,0,Low
6928-ONTRW,No,0.0016842072343566696,0,Low
3320-VEOYC,No,0.7948782602265294,1,High
5231-FIQPA,No,0.013930457017903838,0,Low
6617-WLBQC,No,0.15262499567977245,0,Low
2599-CIPQE,No,0.021849846583968966,0,Low
6653-CBBOM,Yes,0.7003919808170068,1,High
8774-GSBUN,No,0.0034609881939211933,0,Low
7326-RIGQZ,No,0.6206309454834004,1,Medium
1401-FTHFQ,No,0.04410209315669755,0,Low
3247-ZVOUO,Yes,0.7091377681849274,1,High
0254-FNMCI,No,0.05058936686421719,0,Low
1848-LBZHY,No,0.27434932935449624,0,Low
6101-IMRMM,Yes,0.5595322993285708,1,Medium
8118-TJAFG,No,0.5803007420803311,1,Medium
5429-LWCMV,No,0.7030837656914307,1,High
7298-IZWLY,No,0.25507255749641816,0,Low
9758-MFWGD,No,0.04155695810689222,0,Low
3955-JBZZM,No,0.5345997677327409,1,Medium
1268-ASBGA,Yes,0.6556192030830749,1,Medium
8943-URTMR,Yes,0.6770371970041895,1,Medium
4815-TUMEQ,No,0.10185030734861074,0,Low
4713-LZDRV,Yes,0.7695067942200201,1,High
9909-IDLEK,No,0.3441521308140197,0,Low
4092-OFQZS,No,0.04830122034321228,0,Low
1561-BWHIN,No,0.040765013389889,0,Low
4325-NFSKC,Yes,0.6321054846015971,1,Medium
9927-DSWDF,No,0.44560026671893593,0,Medium
9500-LTVBP,No,0.24609440867591548,0,Low
7252-NTGSS,No,0.3484828390239025,0,Low
8149-AIQCG,No,0.3663185846242758,0,Low
1360-JYXKQ,No,0.2511171041575451,0,Low
2955-PSXOE,Yes,0.23875916340980602,0,Low
7762-URZQH,Yes,0.08896192279490654,0,Low
0899-WZRSD,No,0.2686798911600464,0,Low
3255-GRXMG,No,0.21851661811237322,0,Low
4828-FAZPK,No,0.46431927554231195,0,Medium
6094-ZIVKX,No,0.01656964907512361,0,Low
6925-BAYGL,No,0.00823700280905998,0,Low
3262-EIDHV,No,0.009503548210683119,0,Low
7354-OIJLX,No,0.7089479983459914,1,High
1376-HHBDV,No,0.1424788657214259,0,Low
6907-NZZIJ,Yes,0.6103596153502439,1,Medium
6133-OZILE,No,0.36801635190410736,0,Low
4135-FRWKJ,No,0.03831190581334885,0,Low
2911-UREFD,Yes,0.228065946285306,0,Low
3744-ZRRDZ,Yes,0.5839927815948723,1,Medium
5673-TIYIB,Yes,0.3969229650368084,0,Low
6551-ZCOTS,No,0.05594996269083208,0,Low
7191-ADRGF,No,0.05534553734813243,0,Low
5018-LXQQG,No,0.07235174071719136,0,Low
6892-BOGQE,No,0.0033338693516919505,0,Low
1602-IJQQE,Yes,0.6615095413221764,1,Medium
4628-WQCQQ,Yes,0.28695180167546286,0,Low
1746-TGTWV,No,0.5163826771832645,1,Medium
5995-SNNEW,No,0.7163732635827641,1,High
8050-WYBND,No,0.24159753497382844,0,Low
2821-WARNZ,No,0.00903893911557509,0,Low
4879-GZLFH,No,0.4699510819293965,0,Medium
1644-IRKSF,Yes,0.366570917040234,0,Low
8314-HTWVE,No,0.03709019181833627,0,Low
9402-ROUMJ,No,0.06872093823372648,0,Low
2507-QZPQS,No,0.5127511761231037,1,Medium
7159-NOKYQ,No,0.11628232661964083,0,Low
5707-ZMDJP,No,0.013206411866256687,0,Low
8779-YIQQA,No,0.03701088698286858,0,Low
7136-IHZJA,No,0.070569998981773,0,Low
8966-OIQHG,No,0.03232342549261866,0,Low
7074-STDCN,No,0.24471514900253657,0,Low
3705-PSNGL,Yes,0.03007469535523206,0,Low
8739-QOTTN,No,0.18511610225592756,0,Low
1399-OUPJN,No,0.003623509592914905,0,Low
0277-BKSQP,No,0.46220432927701227,0,Medium
6502-HCJTI,Yes,0.5914550636101328,1,Medium
2606-RMDHZ,Yes,0.4564354173274731,0,Medium
5774-XZTQC,No,0.12585874903553157,0,Low
2676-SSLTO,No,0.03772627119466631,0,Low
6266-QHOJZ,No,0.07887195188036818,0,Low
7269-JISCY,No,0.027119787119182094,0,Low
0363-SVHYR,No,0.010057069581854794,0,Low
8547-NSBBO,No,0.2381423798882803,0,Low
8258-GSTJK,Yes,0.7709735100873727,1,High
6861-OKBCE,Yes,0.0956010446423856,0,Low
9940-RHLFB,Yes,0.6073425861099927,1,Medium
6591-QGOYB,No,0.378327524621127,0,Low
9070-BCKQP,No,0.056816017507174243,0,Low
6421-SZVEM,No,0.18968080102758803,0,Low
1328-EUZHC,No,0.028098665766956736,0,Low
2995-UPRYS,Yes,0.22373039376155873,0,Low
8878-RYUKI,No,0.15898193889414522,0,Low
9633-DENPU,No,0.12288812112759251,0,Low
7811-JIVPF,No,0.16123096715503238,0,Low
7113-HIPFI,No,0.003893520187803988,0,Low
8541-QVFKM,No,0.7179088103752068,1,High
6686-YPGHK,Yes,0.21401176518948384,0,Low
1383-EZRWL,Yes,0.15120239079181938,0,Low
9258-CNWAC,No,0.031020884989170064,0,Low
5371-VYLSX,No,0.29759893475774174,0,Low
6374-AFWOX,No,0.010566700288306367,0,Low
4759-TRPLW,Yes,0.6222016195289014,1,Medium
5317-FLPJF,No,0.02031822614644053,0,Low
7621-VPNET,No,0.28211112218859513,0,Low
6034-YMTOB,No,0.507879005268198,1,Medium
8563-IIOXK,Yes,0.18623614660666682,0,Low
4903-CNOZC,No,0.10848365570191004,0,Low
4353-HYOJD,No,0.11636210268432638,0,Low
8020-BWHYL,Yes,0.48547698440596143,0,Medium
7267-FRMJW,No,0.016330324118991314,0,Low
2982-VPSGI,Yes,0.7922927569808329,1,High
4188-FRABG,No,0.25073223110866005,0,Low
8199-ZLLSA,Yes,0.1064493513507583,0,Low
4128-ETESU,No,0.5177672493046859,1,Medium
0620-DLSLK,No,0.5857050811301029,1,Medium
4625-EWPTF,Yes,0.4726175002604492,0,Medium
5980-NOPLP,Yes,0.5939465092238654,1,Medium
3850-OKINF,No,0.0373801793756284,0,Low
6892-XPFPU,Yes,0.718276917484024,1,High
8010-EZLOU,Yes,0.6637706730682649,1,Medium
1156-ZFYDO,No,0.24232248528103525,0,Low
3295-YVUSR,No,0.7322129497033885,1,High
8016-NCFVO,No,0.3553036243036332,0,Low
4119-ZYPZY,No,0.12068859417893847,0,Low
5549-ZGHFB,No,0.007511647378684069,0,Low
7577-SWIFR,No,0.7914358235218997,1,High
0303-WMMRN,No,0.22528259873069317,0,Low
6408-OTUBZ,No,0.0762116330323287,0,Low
5204-HMGYF,No,0.038651343233431446,0,Low
1078-TDCRN,No,0.6238669067610119,1,Medium
3727-OVPRY,No,0.009010138034209518,0,Low
3797-FKOGQ,No,0.609524142842953,1,Medium
7622-NXQZR,No,0.20587406060771118,0,Low
6196-HBOBZ,No,0.0850135972928321,0,Low
3970-XGJDU,No,0.004716020423040497,0,Low
7017-VFULY,No,0.17461014158346314,0,Low
5562-YJQGT,No,0.16649384229249165,0,Low
8807-OPMBM,No,0.00756254633910012,0,Low
5439-WIKXB,No,0.5374300064830883,1,Medium
9874-QLCLH,Yes,0.6194614398084894,1,Medium
8294-UIMBA,No,0.2633622532857293,0,Low
8109-YUOHE,No,0.07477452586718336,0,Low
5840-NVDCG,No,0.02992616068296542,0,Low
8092-NLTGF,No,0.003159909560251419,0,Low
5928-QLDHB,No,0.7057634117456341,1,High
9840-EFJQB,No,0.5788004559915159,1,Medium
0696-UKTOX,No,0.1318720879139665,0,Low
4801-KFYKL,No,0.11447220494321234,0,Low
3472-OAOOR,No,0.22075338753138968,0,Low
6135-OZQVA,No,0.42822221665628635,0,Medium
8062-YBDOE,Yes,0.7368350498330852,1,High
2252-JHJGE,No,0.1793473397955645,0,Low
4188-PCPIG,No,0.012869017408636054,0,Low
6000-APYLU,Yes,0.695103814541175,1,Medium
7105-BENQF,No,0.09401823309043023,0,Low
7721-DVEKZ,No,0.19048365721014876,0,Low
3566-VVORZ,No,0.24131693690495679,0,Low
9507-HSMMZ,No,0.005515953056188252,0,Low
2480-SQIOB,No,0.3505124361465244,0,Low
0947-IDHRQ,Yes,0.6367699089693717,1,Medium
7813-TKCVO,No,0.047233990569581774,0,Low
0128-MKWSG,No,0.12975690281741958,0,Low
3672-YITQD,Yes,0.6129539166730631,1,Medium
4350-ZTLPI,No,0.19809436549096002,0,Low
9048-JVYVF,Yes,0.521542828154907,1,Medium
0361-HJRDX,No,0.01161278113376583,0,Low
5727-MYATE,No,0.012995584555239815,0,Low
3823-KYNQY,No,0.08039306489971927,0,Low
8988-ECPJR,Yes,0.3852196387771226,0,Low
7570-WELNY,No,0.03678454058042295,0,Low
3021-VLNRJ,No,0.026265761808912755,0,Low
3776-EKTKM,Yes,0.7234704498349461,1,High
2080-CAZNM,No,0.6021345120327991,1,Medium
1028-FFNJK,No,0.6339918909622405,1,Medium
6907-FLBER,No,0.45735632863930736,0,Medium
3001-UNBTL,No,0.6638980877200514,1,Medium
5982-PSMKW,No,0.05588184478623615,0,Low
3507-GASNP,No,0.003285600275789396,0,Low
7096-ZNBZI,No,0.0030783681010563457,0,Low
1902-XBTFB,Yes,0.5094455146409318,1,Medium
1676-MQAOA,No,0.007897689069540784,0,Low
0786-IVLAW,No,0.16177261980383975,0,Low
7566-DSRLQ,No,0.10749629964814679,0,Low
0643-OKLRP,Yes,0.27358280344756364,0,Low
7245-JMTTQ,No,0.2734082749192183,0,Low
6050-IJRHS,No,0.20045536129582786,0,Low
6202-JVYEU,No,0.14075299988683898,0,Low
8591-TKMZH,No,0.06316755166488791,0,Low
0734-OXWBT,No,0.3032980364639051,0,Low
4282-ACRXS,No,0.2967579365084892,0,Low
0365-TRTPY,No,0.20513071001439898,0,Low
7349-ALMUX,No,0.012794682201177847,0,Low
9381-NDKME,Yes,0.3947606136440247,0,Low
6502-KUGLL,No,0.08582539698976403,0,Low
1841-YSJGV,No,0.051013931852049714,0,Low
2794-XIMMO,Yes,0.10794863984279551,0,Low
8382-SHQEH,Yes,0.7656851406175058,1,High
3511-BFTJW,No,0.005024748627529686,0,Low
7668-XCFYV,No,0.7903239186834684,1,High
2983-ZANRP,Yes,0.5199347168766796,1,Medium
7845-URHJN,Yes,0.1378181243076754,0,Low
3034-ZBEQN,Yes,0.048524851198260874,0,Low
5018-HEKFO,No,0.2333131371849714,0,Low
2923-ARZLG,No,0.13040218839123452,0,Low
3976-NLDEZ,No,0.19171075476016805,0,Low
2282-YGNOR,No,0.036684043148821975,0,Low
5336-UFNZP,No,0.25423453882965746,0,Low
6854-EXGSF,No,0.28237665234722154,0,Low
1241-EZFMJ,No,0.0052808559146946535,0,Low
9233-PSYHO,No,0.34959455313313764,0,Low
5376-PCKNB,No,0.1381931046786531,0,Low
8044-BGWPI,No,0.18761034121174003,0,Low
4060-LDNLU,No,0.7382622524704879,1,High
3589-PPVKW,No,0.36405241827478374,0,Low
8327-LZKAS,Yes,0.37524230061272995,0,Low
5887-IKKYO,No,0.04957552925898485,0,Low
1075-BGWOH,Yes,0.7912522122314142,1,High
1755-RMCXH,No,0.15656231028848658,0,Low
0302-JOIVN,Yes,0.6293960188441434,1,Medium
3858-XHYJO,No,0.2052032321066689,0,Low
4299-SIMNS,No,0.6157590363466848,1,Medium
7025-IWFHT,No,0.2092458430196419,0,Low
6261-LHRTG,No,0.1776496378284482,0,Low
7841-FCRQD,No,0.05910386401542441,0,Low
2056-EVGZL,No,0.062411491581076006,0,Low
8777-MBMTS,No,0.06826068112381102,0,Low
7753-USQYQ,No,0.054509404225573585,0,Low
5366-IJEQJ,Yes,0.685752395303022,1,Medium
7661-CPURM,No,0.27720527989771104,0,Low
6233-HXJMX,No,0.4057431913413508,0,Medium
5902-WBLSE,No,0.0027007803553256537,0,Low
1981-INRFU,Yes,0.7407281848466639,1,High
4971-PUYQO,Yes,0.6372747644176465,1,Medium
3239-TPHPZ,No,0.07030885111277245,0,Low
5115-GZDEL,No,0.0076591922142120305,0,Low
3338-CVVEH,No,0.7172296238998023,1,High
8485-GJCDN,Yes,0.6367963745106079,1,Medium
2615-YVMYX,No,0.3441206850750308,0,Low
2851-STERV,No,0.17081746492299588,0,Low
4393-GEADV,No,0.030478307300318183,0,Low
8486-AYEQH,No,0.5224301787303801,1,Medium
1527-SXDPN,Yes,0.08031946530332425,0,Low
6029-WTIPC,Yes,0.668250526813907,1,Medium
8634-CILSZ,Yes,0.1375592985002602,0,Low
5419-JKZNQ,No,0.41396967252885336,0,Medium
2495-KZNFB,No,0.49030010486825704,0,Medium
1409-PHXTF,No,0.1860983632342233,0,Low
4560-WQAQW,No,0.024297828400492123,0,Low
9591-YVTEB,No,0.14402310755823952,0,Low
9309-BZGNT,No,0.03513287873275883,0,Low
4274-DRSQT,No,0.1397580129874952,0,Low
2027-DNKIV,No,0.03614371921928749,0,Low
8075-GXIUB,No,0.08167255060237667,0,Low
2885-HIJDH,No,0.012048932075868993,0,Low
5424-RLQLC,No,0.37744693996240447,0,Low
6682-QJDGB,Yes,0.07133089371770099,0,Low
6507-DTJZV,No,0.2804373156151144,0,Low
8780-IXSTS,Yes,0.7370986611901049,1,High
7673-BQGKU,No,0.001987815902504021,0,Low
6723-WSNTY,No,0.16897089792465306,0,Low
9530-EHPOH,Yes,0.3985777340704973,0,Low
2725-IWWBA,No,0.017951030361088676,0,Low
0345-HKJVM,Yes,0.6892382495945217,1,Medium
1061-PNTHC,No,0.2275756808360429,0,Low
0394-YONDK,No,0.002761857078362082,0,Low
6574-MCOEH,No,0.17195368976329858,0,Low
7399-QHBJS,No,0.004018512144777834,0,Low
3049-SOLAY,Yes,0.8244573151653964,1,High
0997-YTLNY,No,0.1286474909995922,0,Low
3317-HRTNN,Yes,0.6582472080684953,1,Medium
9479-HYNYL,No,0.01645374029889783,0,Low
3235-ETOOB,Yes,0.5610893966007028,1,Medium
9708-KFDBY,No,0.17600038527233916,0,Low
8058-INTPH,Yes,0.7470130395203893,1,High
3642-GKTCT,No,0.12959900668434488,0,Low
0774-RMNUW,No,0.0079367159088562,0,Low
1334-PDUKM,No,0.065537949208359,0,Low
0756-MPZRL,No,0.03999359136290438,0,Low
2242-MFOTG,No,0.1470525921718853,0,Low
2927-CVULT,No,0.04981231377587062,0,Low
2144-BFDSO,No,0.28966721170117515,0,Low
8745-PVESG,No,0.024380527266423858,0,Low
7647-GYYKX,No,0.005804422179177365,0,Low
5647-FXOTP,No,0.4914443459552345,0,Medium
5569-OUICF,Yes,0.5482494453288865,1,Medium
8821-XNHVZ,Yes,0.6375558102435505,1,Medium
2082-OJVTK,Yes,0.5804520168075974,1,Medium
9700-ISPUP,No,0.30716414309713796,0,Low
9839-ETQOE,No,0.12480074548658408,0,Low
6078-VESFR,No,0.462962507425988,0,Medium
9027-TMATR,No,0.04792899793742533,0,Low
5940-NFXKV,Yes,0.6461567614208815,1,Medium
1941-HOSAM,No,0.7534547378638032,1,High
9110-HSGTV,No,0.0130735757033554,0,Low
0704-VCUMB,No,0.003569741734600771,0,Low
6171-ZTVYB,No,0.054670882360049425,0,Low
8053-WWDRO,Yes,0.15137497872529593,0,Low
9564-KCLHR,Yes,0.2699966988977748,0,Low
1935-IMVBB,No,0.26604309962479955,0,Low
2535-PBCGC,No,0.010930239690052409,0,Low
2082-CEFLT,Yes,0.517399197127782,1,Medium
1470-PSXNM,No,0.24460241207642042,0,Low
1213-NGCUN,Yes,0.28878968210654204,0,Low
2498-XLDZR,No,0.018162507804685854,0,Low
9866-OCCKE,No,0.07549044096111902,0,Low
5338-YHWYT,No,0.010212214501678994,0,Low
7718-UPSKJ,No,0.06926619804832058,0,Low
8731-WBBMB,No,0.15895726439703498,0,Low
1448-CYWKC,No,0.1922918555674046,0,Low
7901-IIDQV,No,0.08753571370551465,0,Low
2690-DVRVK,No,0.09928181729035637,0,Low
5688-KZTSN,Yes,0.16735578999028086,0,Low
1270-XKUCC,No,0.013118286752170461,0,Low
0334-ZFJSR,No,0.024161925887395613,0,Low
2894-QOJRX,Yes,0.3671729594471841,0,Low
5747-PMBSQ,Yes,0.5358152996428927,1,Medium
5583-EJXRD,No,0.023083718315184385,0,Low
4565-EVZMJ,No,0.02641922363980109,0,Low
3143-JQEGI,Yes,0.5986372020944944,1,Medium
6386-SZZKH,Yes,0.10514683080824808,0,Low
3327-YBAKM,No,0.09911597009306866,0,Low
9441-QHEVC,No,0.19531404034924912,0,Low
6705-LNMDD,No,0.15138569717194247,0,Low
2580-ASVVY,No,0.04211121474553463,0,Low
3370-GQEAL,No,0.47102772208057864,0,Medium
5032-USPKF,No,0.07910832302977304,0,Low
2982-IHMFT,Yes,0.7284930881797662,1,High
3521-SYVOR,Yes,0.3093499443606293,0,Low
4254-QPEDE,No,0.019545049430068975,0,Low
6283-GITPX,No,0.006543457422271782,0,Low
9526-JAWYF,Yes,0.4398453721440764,0,Medium
0771-CHWSK,No,0.0177203552712119,0,Low
9788-HNGUT,No,0.0558772702259656,0,Low
9495-REDIY,No,0.12881214266109556,0,Low
5375-XLDOF,No,0.04557339730830611,0,Low
1172-VIYBP,No,0.016110385370298047,0,Low
5649-VUKMC,Yes,0.3912401347467904,0,Low
6559-PDZLR,No,0.5532224972495118,1,Medium
8992-OBVDG,No,0.23900620505393724,0,Low
4273-MBHYA,No,0.7473553496446317,1,High
4724-WXVWF,No,0.3063090408563219,0,Low
5701-GUXDC,No,0.08563354675587866,0,Low
1460-UZPRJ,No,0.004266206860825051,0,Low
6082-GLJIX,No,0.09869189754019338,0,Low
5143-EGQFK,Yes,0.49832129140348297,0,Medium
4919-IKATY,Yes,0.5935821027931841,1,Medium
2495-TTHBQ,No,0.10558932312972096,0,Low
0485-ZBSLN,No,0.0035207465853727814,0,Low
3810-PJUHR,No,0.0030066891750542553,0,Low
9050-QLROH,Yes,0.5981654696763614,1,Medium
0847-HGRML,No,0.0027894343431023516,0,Low
8232-CTLKO,No,0.01666616839573148,0,Low
9227-YBAXE,No,0.015623499079428548,0,Low
6168-WFVVF,Yes,0.717710308058741,1,High
9860-LISIZ,No,0.04799143161573174,0,Low
0112-QAWRZ,No,0.5721427985855966,1,Medium
0877-SDMBN,Yes,0.20341303665922375,0,Low
2786-GCDPI,No,0.4993959511990264,0,Medium
4043-MKDTV,No,0.07648235161168826,0,Low
8065-YKXKD,Yes,0.7008222916795807,1,High
9637-EIHEQ,Yes,0.418102202095222,0,Medium
9229-RQABD,No,0.07010450277732513,0,Low
8313-KTIHG,No,0.44975532538679786,0,Medium
5320-BRKGK,No,0.012072134057860203,0,Low
6284-KMNUF,No,0.25192986900350867,0,Low
9689-PTNPG,Yes,0.7426767394115291,1,High
9465-RWMXL,Yes,0.5310191421992381,1,Medium
6229-UOLQL,No,0.029438574138576853,0,Low
2362-IBOOY,Yes,0.5711987537037188,1,Medium
3137-LUPIX,No,0.4457223081043922,0,Medium
0843-WTBXE,Yes,0.2676687981357607,0,Low
6143-JQKEA,No,0.3282960853985718,0,Low
8676-OOQEJ,No,0.4376102543817635,0,Medium
5515-IDEJJ,Yes,0.1636178114245758,0,Low
9701-CDXHR,No,0.18026708064230412,0,Low
7450-NWRTR,Yes,0.8045046467328896,1,High
8124-NZVGJ,No,0.37593845122906616,0,Low
2162-FRZAA,No,0.007799614352401144,0,Low
5376-DEQCP,Yes,0.6994220777251163,1,Medium
5118-MUEYH,No,0.35251847591785684,0,Low
9095-HFAFX,Yes,0.6260362550668069,1,Medium
5627-TVBPP,No,0.02443703745909341,0,Low
2379-ENZGV,Yes,0.6843316912265315,1,Medium
3936-QQFLL,No,0.18659891005877238,0,Low
2589-AYCRP,No,0.011182646288372313,0,Low
4067-HLYQI,No,0.3477443284220483,0,Low
5124-EOGYE,No,0.015547521763827756,0,Low
5057-RKGLH,No,0.03371730932313833,0,Low
0292-WEGCH,No,0.1538618240265287,0,Low
8910-ICHIU,No,0.1280745379082531,0,Low
4097-YODCF,No,0.3113413878380115,0,Low
9715-WZCLW,No,0.09069513834199269,0,Low
9786-YWNHU,No,0.00450755525597168,0,Low
6407-GSJNL,No,0.007977062492935463,0,Low
6005-OBZPH,Yes,0.6407782374600306,1,Medium
4049-ZPALD,No,0.06861332794396224,0,Low
7932-WPTDS,Yes,0.686781476194191,1,Medium
3733-UOCWF,No,0.10290462500119547,0,Low
6833-JMZYP,No,0.6155192180164135,1,Medium
2722-VOJQL,Yes,0.1546033510888416,0,Low
1310-QRITU,No,0.41818019782632504,0,Medium
8961-QDZZJ,No,0.20313814161845237,0,Low
9715-SBVSU,No,0.06616872497922083,0,Low
8490-BXHEO,No,0.5380883525556408,1,Medium
7173-TETGO,No,0.028674191224908874,0,Low
7929-SKFGK,No,0.04166483358142884,0,Low
2300-RQGOI,No,0.011017644035853567,0,Low
3563-SVYLG,No,0.0035477354375369296,0,Low
5228-EXCET,Yes,0.6654221785965053,1,Medium
6435-VWCCY,No,0.06534068740536934,0,Low
4998-IKFSE,No,0.5930310767772026,1,Medium
8630-QSGXK,No,0.0510127044827892,0,Low
2455-USLMV,No,0.33493418289454846,0,Low
7394-FKDNK,Yes,0.6739924489741755,1,Medium
9488-FVZCC,No,0.009081154397850925,0,Low
6331-LWDTQ,Yes,0.5176127067600363,1,Medium
5995-WWKKG,No,0.041744714508043394,0,Low
1597-FZREH,Yes,0.4161423701583601,0,Medium
7879-CGSFV,No,0.14362278925904423,0,Low
9921-EZKBY,No,0.3550502511209335,0,Low
7432-FFVAR,No,0.08793380720587643,0,Low
7246-ZGQDF,No,0.20860196070332354,0,Low
7000-WCEVQ,Yes,0.417470277000644,0,Medium
0727-IWKVK,Yes,0.605335259276105,1,Medium
5959-BELXA,Yes,0.6026633810325533,1,Medium
4456-RHSNB,No,0.2187227237835793,0,Low
3512-IZIKN,Yes,0.006492360225019599,0,Low
2481-SBOYW,No,0.005661252810223139,0,Low
7109-MFBYV,No,0.21428699444878954,0,Low
1833-TCXKK,No,0.46075822039601827,0,Medium
1832-PEUTS,No,0.07801260936361079,0,Low
6141-OOXUQ,Yes,0.1939869136388165,0,Low
8660-BUETV,No,0.33233339262586525,0,Low
0580-PIQHM,No,0.14964239869135287,0,Low
5696-CEIQJ,No,0.03469793749466676,0,Low
7503-ZGUZJ,Yes,0.7469093787436658,1,High
1696-HXOWK,No,0.06884948136216198,0,Low
3026-ATZYV,No,0.048093518033281636,0,Low
4012-YCFAI,No,0.009159330877902837,0,Low
2506-TNFCO,Yes,0.7369373543033373,1,High
9970-QBCDA,No,0.14400014956824544,0,Low
8718-PTMEZ,Yes,0.4709272478478249,0,Medium
9496-IVVRP,No,0.15040543221091432,0,Low
2207-OBZNX,Yes,0.2875342602395168,0,Low
2657-VPXTA,No,0.7002804813422493,1,High
6551-VLJMV,No,0.012501482949130768,0,Low
1221-GHZEP,No,0.012176047875495193,0,Low
9289-LBQVU,No,0.04176196126526016,0,Low
6142-VSJQO,Yes,0.37262927663955353,0,Low
3458-IDMFK,No,0.029082169453319134,0,Low
6933-FHBZC,No,0.10908157594925773,0,Low
0221-NAUXK,No,0.07893260174529508,0,Low
9770-KXGQU,No,0.11151895762482474,0,Low
6437-UKHMV,Yes,0.7094654755619239,1,High
6538-POCHL,No,0.3112869243049736,0,Low
6726-NNFWD,No,0.03989689599203413,0,Low
3002-WQZWT,No,0.5415658542358756,1,Medium
4277-UDIEF,No,0.15278389832049352,0,Low
1208-NBVFH,No,0.28436634301629826,0,Low
4912-PIGUY,No,0.7971904077080895,1,High
1114-CENIM,Yes,0.07944472588337886,0,Low
6060-DRTNL,Yes,0.679106866777675,1,Medium
2725-TTRIQ,No,0.014541501505748343,0,Low
3374-TTZTK,No,0.09076945412940003,0,Low
8990-ZXLSU,No,0.5556684154051627,1,Medium
2275-RBYQS,No,0.4357867526661293,0,Medium
8473-VUVJN,Yes,0.7908881483139919,1,High
6289-CPNLD,Yes,0.10275659316967624,0,Low
5536-SLHPM,Yes,0.3567061032640861,0,Low
4419-UJMUS,No,0.09999421064639125,0,Low
7794-JASDG,No,0.3390139180745162,0,Low
7609-YBPXG,No,0.02236304825072082,0,Low
5519-TEEUH,No,0.03079368588019509,0,Low
7856-GANIL,No,0.21244401989559217,0,Low
0804-XBFBV,No,0.39465630962582815,0,Low
2676-OXPPQ,No,0.2483806671683071,0,Low
3703-TTEPD,No,0.16348852963810392,0,Low
2799-TSLAG,No,0.0051291783392590036,0,Low
0196-VULGZ,Yes,0.7983117273668956,1,High
8837-VVWLQ,Yes,0.5144626540822065,1,Medium
2696-NARTR,Yes,0.5513506654255171,1,Medium
2208-NKVVH,No,0.010367760764201546,0,Low
7614-QVWQL,Yes,0.09387832738328138,0,Low
1976-CFOCS,Yes,0.4598426985465627,0,Medium
4631-OACRM,Yes,0.6878497087542501,1,Medium
7139-JZFVG,No,0.006523413181376797,0,Low
4987-GQWPO,No,0.29237182889139207,0,Low
3755-JBMNH,Yes,0.5305168711478787,1,Medium
1757-TCATG,No,0.01871097584175198,0,Low
6345-ULYRW,Yes,0.21856450043610692,0,Low
4776-XSKYQ,No,0.12750693263026092,0,Low
8048-DSDFQ,No,0.19266664544223824,0,Low
5753-QQWPW,No,0.06831676008941877,0,Low
6010-DDPPW,No,0.003686181913870805,0,Low
1809-DMJHQ,Yes,0.2636620811326382,0,Low
6693-FRIRW,No,0.45606219944050547,0,Medium
6586-MYGKD,No,0.018364953723009968,0,Low
3173-NVMPX,No,0.34201193238915445,0,Low
0248-PGHBZ,No,0.03252190733494647,0,Low
0623-GDISB,No,0.32513074659992436,0,Low
2892-GESUL,No,0.02251460239412669,0,Low
6923-EFPNL,Yes,0.36206434837287227,0,Low
7472-EQOAV,No,0.04379550097566129,0,Low
9574-RKJIF,Yes,0.43624699235669284,0,Medium
2043-WVTQJ,No,0.2576187910405407,0,Low
8034-RYTVV,No,0.10595740088996944,0,Low
3863-QSTYI,No,0.0981294344298332,0,Low
2619-WFQWU,Yes,0.6325222516094545,1,Medium
5044-LRQAQ,No,0.5725110575386892,1,Medium
1716-LSAMB,No,0.009304801537077344,0,Low
1333-PBMXB,No,0.01547928663067693,0,Low
6546-OPBBH,No,0.01948712478271479,0,Low
5985-BEHZK,No,0.13791764182059266,0,Low
9127-QRZMH,No,0.027967368756402437,0,Low
5919-VCZYM,No,0.1860067515089335,0,Low
9644-KVCNC,No,0.151599815055718,0,Low
2137-DQMEV,No,0.017209462330067975,0,Low
8174-LNWMW,No,0.013766751300947986,0,Low
9279-CJEOJ,No,0.682987936607648,1,Medium
7964-VEXDG,No,0.3770751705310282,0,Low
2404-JIBFC,No,0.0248486292563124,0,Low
0778-NELLA,Yes,0.5255358904219666,1,Medium
8029-XYPWT,No,0.06290206977340385,0,Low
4614-NUVZD,Yes,0.7424974991676009,1,High
4632-PAOYU,No,0.03581446517008502,0,Low
3803-KMQFW,Yes,0.15920986670958992,0,Low
6804-GDMOI,Yes,0.1436232442977015,0,Low
2990-OGYTD,No,0.019646116511388985,0,Low
6646-JPPHA,No,0.4028940951657938,0,Medium
9572-MTILT,Yes,0.23519177077742628,0,Low
7658-UYUQS,No,0.459337645622576,0,Medium
7880-XSOJX,No,0.23396115365407358,0,Low
9611-CTWIH,Yes,0.7757064416412748,1,High
4589-IUAJB,No,0.003557436337495674,0,Low
0329-GTIAJ,Yes,0.6749611982983941,1,Medium
8746-BFOAJ,No,0.048534704188406635,0,Low
8457-XIGKN,No,0.11428896425578335,0,Low
6072-NUQCB,No,0.03355323066580747,0,Low
6629-CZTTH,Yes,0.49545093848962135,0,Medium
8838-GPHZP,No,0.005070995856276904,0,Low
8750-QWZAJ,No,0.0019177277336017635,0,Low
5364-EVNIB,Yes,0.5639837629225796,1,Medium
6918-UMQCG,No,0.6385735134623733,1,Medium
0675-NCDYU,No,0.04403430873350223,0,Low
6339-DKLMK,No,0.4710338542042276,0,Medium
1346-PJWTK,No,0.11887774797770041,0,Low
5088-QZLRL,No,0.24392487353052458,0,Low
8023-QHAIO,No,0.22491710932102071,0,Low
4397-FRLTA,No,0.16903223697020045,0,Low
3057-VJJQE,No,0.03311654794136884,0,Low
5087-SUURX,Yes,0.5275014883257986,1,Medium
2302-OUZXB,No,0.021779797061737393,0,Low
8133-ANHHJ,No,0.09970583220589847,0,Low
2270-CHBFN,No,0.17495278930531855,0,Low
0013-EXCHZ,Yes,0.6273888024435136,1,Medium
5982-FPVQN,No,0.47396321776681466,0,Medium
9107-UKCKY,No,0.11786888533804098,0,Low
4654-ULTTN,No,0.013633698427527523,0,Low
5550-VFRLC,Yes,0.7318331589004646,1,High
5546-BYZSM,No,0.04681968750527559,0,Low
1492-KGETH,No,0.012982055686809092,0,Low
4929-BSTRX,Yes,0.49844285313227854,0,Medium
4163-HFTUK,No,0.01610854266438781,0,Low
8215-NGSPE,No,0.007522762094338331,0,Low
2225-ZRGSG,Yes,0.01521603000300466,0,Low
8859-YSTWS,No,0.012650094347081265,0,Low
5271-YNWVR,Yes,0.07278889697730542,0,Low
7601-DHFWZ,No,0.008926192365683469,0,Low
2657-ALMWY,Yes,0.47655363163667225,0,Medium
6330-JKLPC,Yes,0.5733096713510565,1,Medium
4667-OHGKG,Yes,0.25967888188254246,0,Low
1998-VHJHK,No,0.03427260149956906,0,Low
1707-HABPF,No,0.19061237151637114,0,Low
1660-HSOOQ,Yes,0.43391403169866044,0,Medium
7253-UVNDW,Yes,0.014774756598703757,0,Low
0487-VVUVK,No,0.08587015836117291,0,Low
7228-OMTPN,Yes,0.7786791243269259,1,High
5063-IUOKK,No,0.035345877692111935,0,Low
4508-OEBEY,No,0.057807358169870114,0,Low
0027-KWYKW,No,0.6139816791876879,1,Medium
2308-STERM,No,0.18476915974237404,0,Low
5982-XMDEX,No,0.004211234309467093,0,Low
6284-AHOOQ,Yes,0.5289195906083536,1,Medium
6051-PTVNS,No,0.006973227998683828,0,Low
2344-JMOGN,Yes,0.499965144635927,0,Medium
3799-ISUZQ,Yes,0.5224668645629292,1,Medium
2877-VDUER,No,0.07280643177031981,0,Low
9152-AMKAK,No,0.10749169174137277,0,Low
1794-HBQTJ,Yes,0.3180646576579245,0,Low
9432-VOFYX,No,0.5769827367169919,1,Medium
8049-WJCLQ,No,0.27526722664121067,0,Low
6586-PSJOX,No,0.07148381267083918,0,Low
2460-FPSYH,Yes,0.2847214095269416,0,Low
9705-ZJBCG,No,0.055240649346978594,0,Low
4818-DRBQT,Yes,0.42523664255138194,0,Medium
1320-HTRDR,Yes,0.7432443977218167,1,High
6847-KJLTS,No,0.3509122429125193,0,Low
9670-BPNXF,No,0.024808739514068128,0,Low
3913-FCUUW,No,0.006425943265427844,0,Low
3301-VKTGC,No,0.05501253578862529,0,Low
1493-AMTIE,Yes,0.24288388511827896,0,Low
9555-SAHUZ,No,0.07369477834018227,0,Low
0816-TSPHQ,No,0.18440849073483004,0,Low
9932-WBWIK,No,0.13018032501949006,0,Low
4619-EVPHY,No,0.45557831365369106,0,Medium
5286-YHCVC,No,0.09814024719015106,0,Low
6424-ELEYH,Yes,0.6646903148707912,1,Medium
4391-RESHN,Yes,0.5794565084448953,1,Medium
9115-YQHGA,No,0.13834195524389262,0,Low
4462-CYWMH,No,0.3024445321192587,0,Low
8963-MQVYN,No,0.12219885478170035,0,Low
2458-EOMRE,No,0.21659000197497874,0,Low
9334-GWGOW,No,0.7543884812078813,1,High
6821-BUXUX,Yes,0.5959653621591183,1,Medium
5028-HTLJB,Yes,0.21710544494970124,0,Low
9801-GDWGV,Yes,0.5868939654357571,1,Medium
6542-LWGXJ,No,0.4718947970661978,0,Medium
5567-GZKQY,No,0.004019538287029252,0,Low
1222-LRYKO,No,0.16680798261887742,0,Low
2320-JRSDE,Yes,0.27400263983507367,0,Low
2087-QAREY,No,0.22213589579936194,0,Low
0601-WZHJF,Yes,0.5476783718703446,1,Medium
4423-JWZJN,No,0.09343145771531358,0,Low
5143-WMWOG,Yes,0.24591750050895078,0,Low
6490-FGZAT,No,0.15790990334921864,0,Low
5393-RXQSZ,Yes,0.6755414164933963,1,Medium
7452-FOLON,No,0.020665536698819556,0,Low
2320-TZRRH,No,0.04696579994167155,0,Low
0231-LXVAP,Yes,0.6196202857270743,1,Medium
9444-JTXHZ,Yes,0.614534449175151,1,Medium
4942-VZZOM,No,0.04111908706159647,0,Low
5510-BOIUJ,Yes,0.1620441084774506,0,Low
7502-BNYGS,No,0.16376811859027,0,Low
4291-HYEBC,No,0.23151423424994974,0,Low
6147-CBCRA,No,0.05159904308597041,0,Low
6047-SUHPR,No,0.037968135682948406,0,Low
4471-KXAUH,Yes,0.37109539380951717,0,Low
9752-ZNQUT,No,0.47581773428166907,0,Medium
7638-QVMVY,Yes,0.7087335699573979,1,High
1576-PFZIW,No,0.043911871795208474,0,Low
5666-MBJPT,No,0.006406644946057858,0,Low
7312-XSBAT,No,0.3284593859693671,0,Low
3096-GKWEB,No,0.7565834273010661,1,High
2371-JQHZZ,No,0.7278263903894064,1,High
0674-GCDXG,No,0.01690052644703154,0,Low
1121-QSIVB,No,0.11340916728210909,0,Low
4396-KLSEH,No,0.29101003787057084,0,Low
3244-DCJWY,Yes,0.700553457121898,1,High
2824-MYYBN,No,0.5705145618166859,1,Medium
0875-CABNR,Yes,0.6213779500028046,1,Medium
6345-HOVES,No,0.22457188365749545,0,Low
8318-LCNBW,No,0.1082395687076427,0,Low
6469-QJKZW,No,0.22081096683210752,0,Low
0147-ESWWR,No,0.576732490516952,1,Medium
1217-VASWC,No,0.27351075008125997,0,Low
7812-FZHPE,Yes,0.11082304377099042,0,Low
6370-ZVHDV,No,0.005195006831550962,0,Low
5915-DGNVC,No,0.06127794163709521,0,Low
6260-XLACS,No,0.09605358251285687,0,Low
3566-CAAYU,No,0.015730803408013617,0,Low
4983-CCWMC,No,0.6233768623310377,1,Medium
9103-CXVOK,No,0.2106815484536613,0,Low
2896-TBNBE,No,0.1579819969262759,0,Low
4797-AXPXK,Yes,0.24150626789286503,0,Low
5229-PRWKT,Yes,0.75636908992899,1,High
6982-UQZLY,Yes,0.28400997351187013,0,Low
2522-WLNSF,No,0.06865984110162389,0,Low
3841-CONLJ,No,0.6189373947474218,1,Medium
5057-LCOUI,Yes,0.3824525949780897,0,Low
0193-ESZXP,Yes,0.10751582548517996,0,Low
4475-NVTLU,No,0.009235759449103476,0,Low
4369-HTUIF,Yes,0.5687006799865552,1,Medium
9386-LDCZR,No,0.07451766188140233,0,Low
9585-KKMFD,No,0.011810236964733541,0,Low
5399-ZIMKF,No,0.6397772393066558,1,Medium
0336-KXKFK,No,0.01565615406896939,0,Low
5619-XZZKR,No,0.09473412976646071,0,Low
3948-FVVRP,No,0.15892778025713622,0,Low
5327-XOKKY,No,0.039673078529578,0,Low
0983-TATYJ,No,0.0723606727981063,0,Low
1813-JYWTO,No,0.02484568760422508,0,Low
0156-FVPTA,Yes,0.18164989055613698,0,Low
1984-FCOWB,Yes,0.1916605454286573,0,Low
0654-HMSHN,Yes,0.5692698270721531,1,Medium
6719-OXYBR,No,0.5572688722291312,1,Medium
3312-ZWLGF,No,0.5195024703939686,1,Medium
6476-YHMGA,No,0.18869347305212603,0,Low
5287-QWLKY,Yes,0.21088617743298718,0,Low
0795-XCCTE,No,0.0036511249066492426,0,Low
0168-XZKBB,No,0.6853911897429916,1,Medium
3785-NRHYR,No,0.1939869136388165,0,Low
5196-SGOAK,Yes,0.6611346628473993,1,Medium
4537-DKTAL,No,0.4096446119289695,0,Medium
7072-MBHEV,No,0.5814423387534794,1,Medium
5602-BVFMK,No,0.06661279164406372,0,Low
6297-NOOPG,No,0.11136473655247278,0,Low
1891-UAWWU,Yes,0.6379767662017289,1,Medium
8204-TIFGJ,No,0.10178809929059603,0,Low
8050-DVOJX,No,0.018972933796831563,0,Low
6108-OQZDQ,Yes,0.7597633107352388,1,High
0363-QJVFX,Yes,0.3615368980075825,0,Low
8903-XEBGX,No,0.5081945025969924,1,Medium
8169-SAEJD,No,0.017066462306908833,0,Low
9840-DVNDC,Yes,0.6251766342281917,1,Medium
1089-XZWHH,No,0.024892142991364778,0,Low
2325-WINES,No,0.36934213313757036,0,Low
6064-ZATLR,No,0.026989126628498034,0,Low
3096-JRDSO,Yes,0.47273771807619774,0,Medium
7824-PANSQ,No,0.14252086822769494,0,Low
8042-JVNFH,Yes,0.6334724515983982,1,Medium
9648-BCHKM,No,0.03960565840225178,0,Low
2888-ADFAO,No,0.008054433317589848,0,Low
8707-HOEDG,No,0.09018134689237249,0,Low
3374-LXDEV,Yes,0.4538034421632926,0,Medium
4072-IPYLT,No,0.05998821544466137,0,Low
7167-PCEYD,No,0.004300175154462395,0,Low
4936-YPJNK,No,0.18297234786672026,0,Low
1580-BMCMR,No,0.5557405054302498,1,Medium
4817-KEQSP,No,0.0017995720949963527,0,Low
6408-WHTEF,No,0.014665197246341004,0,Low
9251-AWQGT,No,0.005685195412634411,0,Low
8749-CLJXC,No,0.1930260387431444,0,Low
7989-VCQOH,No,0.1888315052467059,0,Low
5049-GLYVG,Yes,0.19171075476016805,0,Low
4199-QHJNM,No,0.06911272017123408,0,Low
8882-TLVRW,No,0.005295425220740247,0,Low
5883-GTGVD,Yes,0.7186379785294801,1,High
5135-GRQJV,No,0.06941612838320012,0,Low
2384-OVPSA,No,0.01270521947836813,0,Low
1371-WEPDS,No,0.11168200904038308,0,Low
3580-GICBM,No,0.006425313289011812,0,Low
4817-QRJSX,Yes,0.5612332674558923,1,Medium
9730-DRTMJ,No,0.08358297397102506,0,Low
4686-UXDML,No,0.6022684522986487,1,Medium
3349-ANQNH,No,0.35179723277587427,0,Low
2398-YPMUR,Yes,0.6466573173531993,1,Medium
0932-YIXYU,No,0.006707724715107823,0,Low
7480-SPLEF,No,0.0042837609377788495,0,Low
7636-XUHWW,No,0.229678183704391,0,Low
1431-CYWMH,No,0.06383077425720617,0,Low
5937-EORGB,No,0.6565653241019828,1,Medium
6349-JDHQP,No,0.0050045929018819576,0,Low
5539-HIVAK,No,0.09797320412764773,0,Low
5847-MXBEO,No,0.04371118292339232,0,Low
9985-MWVIX,Yes,0.6325222516094545,1,Medium
4583-PARNH,No,0.597894656334771,1,Medium
1116-FRYVH,No,0.010871669678794178,0,Low
1421-HCERK,No,0.34805373154669556,0,Low
9633-XQABV,No,0.6866987606622629,1,Medium
0716-BQNDX,No,0.07387197055793902,0,Low
1265-XTECC,Yes,0.10747387528481665,0,Low
1183-CANVH,No,0.08792263540566922,0,Low
1972-XMUWV,No,0.014662323191175077,0,Low
8679-LZBMD,No,0.2622637881464136,0,Low
3407-JMJQQ,No,0.05809088164351267,0,Low
6252-DFGTK,No,0.03632434007505037,0,Low
1539-LNKHM,No,0.12326990854638166,0,Low
8645-KOMJQ,No,0.020996974488016674,0,Low
0289-IVARM,No,0.09484188509266617,0,Low
9761-XUJWD,No,0.3138993135248074,0,Low
4057-FKCZK,No,0.06456462450582962,0,Low
4291-TPNFG,No,0.011944355882085691,0,Low
6087-YPWHO,No,0.005850768366894541,0,Low
3090-QFUVD,No,0.17330295960898484,0,Low
2237-ZFSMY,Yes,0.17233994798972863,0,Low
1722-LDZJS,No,0.007886861362707989,0,Low
1818-ESQMW,No,0.46882915011271575,0,Medium
4871-JTKJF,Yes,0.7324368964152393,1,High
1415-YFWLT,Yes,0.8112453530017398,1,High
7401-RUBNK,No,0.38417244194300443,0,Low
0506-YLVKJ,No,0.00923113497458748,0,Low
8661-BOYNW,No,0.018001514092284936,0,Low
6711-VTNRE,Yes,0.4018475695457088,0,Medium
4815-GBTCD,No,0.6215988651833998,1,Medium
2805-AUFQN,No,0.018018091753558667,0,Low
0980-PVMRC,No,0.2968872919101964,0,Low
7233-DRTRF,No,0.43838478278054377,0,Medium
3500-RMZLT,Yes,0.41222744949113144,0,Medium
3873-NFTGI,No,0.32510633202703604,0,Low
1162-ECVII,No,0.08794458989726843,0,Low
7048-GXDAY,No,0.48834215432176964,0,Medium
8571-ZCMCX,No,0.03739558792668355,0,Low
1169-WCVAK,No,0.32282668917035007,0,Low
4548-SDBKE,Yes,0.7765043224051564,1,High
8066-POXGX,Yes,0.578532692903016,1,Medium
7129-CAKJW,No,0.4545070045920319,0,Medium
8695-ARGXZ,No,0.5454257022523655,1,Medium
3570-YUEKJ,No,0.15022833281354978,0,Low
4143-OOBWZ,Yes,0.7030426296396621,1,High
1555-HAPSU,No,0.0025424224714276104,0,Low
1697-NVVGY,No,0.19632048885648426,0,Low
7854-EKTJL,Yes,0.26143713640520544,0,Low
8464-EETCQ,No,0.004291779147366259,0,Low
2419-FSORS,No,0.10614065321076398,0,Low
8132-YPVBX,No,0.6039869636954487,1,Medium
9102-IAYHT,Yes,0.6570245854818696,1,Medium
6754-LZUKA,No,0.03165100336840368,0,Low
3422-LYEPQ,Yes,0.6587113111928324,1,Medium
8099-MZPUJ,No,0.05496957904145441,0,Low
0787-LHDYT,No,0.13404924917683236,0,Low
2642-DTVCO,Yes,0.7816808131253291,1,High
0374-IOEGQ,No,0.40306646549020775,0,Medium
4361-JEIVL,Yes,0.4658411289952336,0,Medium
3197-NNYNB,No,0.07714706969876012,0,Low
3396-DKDEL,No,0.046365145119200105,0,Low
1752-OZXFY,No,0.03577539247868011,0,Low
9066-QRSDU,No,0.014275118866177734,0,Low
9112-WSNPU,No,0.36130047889081207,0,Low
9867-NNXLC,No,0.11431983973654812,0,Low
5321-NTRKC,No,0.021574129312195177,0,Low
1363-TXLSL,Yes,0.7390675072119095,1,High
9507-EXLTT,Yes,0.6737179084507482,1,Medium
3161-GETRM,No,0.43398834293548105,0,Medium
0402-OAMEN,No,0.002494822644084889,0,Low
6933-VLYFX,No,0.1053719322013082,0,Low
6754-WKSHP,No,0.030688355846122357,0,Low
9846-GKXAS,Yes,0.6595139964545439,1,Medium
6017-PPLPX,Yes,0.5050879612270451,1,Medium
4976-LNFVV,No,0.35284018108193216,0,Low
5055-MGMGF,No,0.3641658609930747,0,Low
4641-FROLU,No,0.013210349110108661,0,Low
2862-JVEOY,No,0.08838138710215775,0,Low
2969-QWUBZ,No,0.6107298927949443,1,Medium
9822-BIIGN,No,0.06896282961789378,0,Low
2077-MPJQO,No,0.7548291218147064,1,High
1534-OULXE,No,0.017544862872027483,0,Low
7136-RVDTZ,Yes,0.09665236904922325,0,Low
2971-SGAFL,No,0.48446078700893463,0,Medium
1480-IVEVR,No,0.2872148789553813,0,Low
2905-KFQUV,No,0.6043692095100718,1,Medium
4581-SSPWD,Yes,0.7434756961513302,1,High
3370-HXOPH,No,0.6661306636950372,1,Medium
9391-YZEJW,No,0.21834010399365048,0,Low
9958-MEKUC,No,0.020941071141993742,0,Low
0281-CNTZX,No,0.004893326110174618,0,Low
6927-WTFIV,Yes,0.3903906089367935,0,Low
4118-CEVPF,No,0.23754259701941696,0,Low
3398-ZOUAA,Yes,0.5900589202412012,1,Medium
9114-VEPUF,No,0.1170949992262345,0,Low
7876-BEUTG,No,0.375925818453459,0,Low
2338-BQEZT,No,0.05201635593469195,0,Low
9873-MNDKV,No,0.341278192708323,0,Low
0378-NHQXU,Yes,0.5680222957398495,1,Medium
8241-JUIQO,No,0.006980278048787531,0,Low
2194-IIQOF,No,0.011812845540973288,0,Low
4512-ZUIYL,Yes,0.5166931414078917,1,Medium
9631-RXVJM,No,0.013073443409653624,0,Low
9584-EXCDZ,No,0.3841134925977147,0,Low
7969-AULMZ,Yes,0.7300258764240382,1,High
5093-FEGLU,No,0.006952966417863058,0,Low
2621-UDNLU,No,0.1774303859843154,0,Low
7526-IVLYU,No,0.24165069895102081,0,Low
2428-HYUNX,No,0.013259988161372813,0,Low
9214-EKVXR,No,0.4410924330638616,0,Medium
3410-MHHUM,No,0.2088786926043991,0,Low
0568-ONFPC,Yes,0.22367866717363846,0,Low
0733-VUNUW,Yes,0.21109769531960512,0,Low
4550-EVXNY,Yes,0.6534469999330376,1,Medium
2122-YWVYA,No,0.463876188032703,0,Medium
2968-SSGAA,Yes,0.7851596895886468,1,High
2296-DKZFP,No,0.008949880150640365,0,Low
4844-JJWUY,Yes,0.737637895397313,1,High
6777-TGHTM,Yes,0.20464258203945512,0,Low
8909-BOLNL,No,0.09713360272651687,0,Low
6603-YRDCJ,No,0.02398785616441927,0,Low
3538-WZPHD,Yes,0.5929898516285764,1,Medium
3229-USWAR,No,0.07708393424562994,0,Low
2138-VFAPZ,No,0.03872172512236758,0,Low
6131-JLWZM,No,0.16275661966273802,0,Low
4785-QRJHC,Yes,0.11231074656330628,0,Low
0269-XFESX,No,0.0462563915399085,0,Low
1709-EJDOX,No,0.006021392564219736,0,Low
4316-XCSLJ,No,0.1798574891393259,0,Low
8610-WFCJF,Yes,0.501232208429743,1,Medium
9693-XMUOB,No,0.23076307936183804,0,Low
0383-CLDDA,No,0.019293439198688787,0,Low
4905-JEFDW,Yes,0.42440227279651344,0,Medium
2709-UQGNP,No,0.26286600825424195,0,Low
3549-ZTMNH,No,0.05383652391147557,0,Low
7881-INRLC,Yes,0.45781505498783737,0,Medium
8033-ATFAS,No,0.15684288154880602,0,Low
1635-NZATJ,No,0.003788485135890001,0,Low
0562-HKHML,No,0.002578291422703175,0,Low
8277-RVRSV,No,0.026594954951829397,0,Low
9943-VSZUV,No,0.22706828930832654,0,Low
0117-LFRMW,Yes,0.07737710886514995,0,Low
6172-FECYY,Yes,0.3389904499784535,0,Low
7054-ENNGU,No,0.2494817471664554,0,Low
1455-HFBXA,No,0.04836571671658238,0,Low
9402-CXWPL,No,0.16853854149712816,0,Low
1628-BIZYP,No,0.7158218168417653,1,High
1965-AKTSX,Yes,0.6685253707153032,1,Medium
0082-LDZUE,No,0.4455206067751841,0,Medium
4786-UKSNZ,Yes,0.19266664544223824,0,Low
5343-SGUBI,No,0.1595465686777484,0,Low
0856-NAOES,No,0.35290673590588534,0,Low
1976-AZZPJ,No,0.29603598745080845,0,Low
7248-VZQLC,Yes,0.3172782137848038,0,Low
6156-UZDLF,No,0.1308709225234337,0,Low
3099-OONVS,No,0.0977367309603604,0,Low
9500-WBGRP,No,0.003890180875227869,0,Low
5183-KLYEM,No,0.05226125353064724,0,Low
5144-PQCDZ,No,0.23123906397914482,0,Low
8514-VZHEB,No,0.003522395205059682,0,Low
6625-IUTTT,No,0.009653408292659581,0,Low
9355-NPPFS,No,0.6015871779914588,1,Medium
0068-FIGTF,No,0.09181099875050629,0,Low
5965-GGPRW,No,0.04559900213998792,0,Low
8035-PWSEV,No,0.6243343313184686,1,Medium
2236-HILPA,No,0.002718176160015371,0,Low
1840-BIUOG,No,0.21655047459484034,0,Low
1356-MKYSK,No,0.22367687646384973,0,Low
6080-LNESI,No,0.008711981578833591,0,Low
1830-IPXVJ,No,0.0028966753486606134,0,Low
5828-DWPIL,No,0.24343855559881714,0,Low
8398-TBIYD,No,0.027081896181043365,0,Low
0011-IGKFF,Yes,0.7224563036066648,1,High
4192-GORJT,Yes,0.7684165773860849,1,High
6496-SLWHQ,Yes,0.8146515910393322,1,High
9912-GVSEQ,Yes,0.6421066631372804,1,Medium
2931-FSOHN,No,0.45848471525935064,0,Medium
9418-RUKPH,No,0.013069639374391784,0,Low
5383-MMTWC,Yes,0.7877190131810035,1,High
9971-ZWPBF,No,0.5262705542941458,1,Medium
4712-AUQZO,No,0.2247862678398798,0,Low
9711-FJTBX,No,0.06629506555429555,0,Low
2908-ZTPNF,No,0.13981583656610413,0,Low
7240-ETPTR,Yes,0.6771072799346706,1,Medium
2202-CUYXZ,Yes,0.7427863671348546,1,High
5995-OIGLP,Yes,0.13587357120522253,0,Low
8421-WZOOW,No,0.17049401968783526,0,Low
6261-RCVNS,Yes,0.02731958471979738,0,Low
7951-QKZPL,Yes,0.0222633105981372,0,Low
1414-YADCW,No,0.012429907011184451,0,Low
8756-RDDLT,No,0.057460108237041695,0,Low
2862-PFNIK,No,0.6022549943574813,1,Medium
5816-QVHRX,No,0.3492809104680593,0,Low
4430-YHXGG,No,0.23744220466967467,0,Low
6888-SBYAI,No,0.33918640049369514,0,Low
7395-XWZOY,No,0.21671477725186358,0,Low
7169-YWAMK,No,0.004282572669601462,0,Low
3640-PHQXK,Yes,0.6029183663909184,1,Medium
6877-LGWXO,Yes,0.5895505358571078,1,Medium
6859-RKMZJ,No,0.3910954189745217,0,Low
2729-VNVAP,No,0.010244993002105986,0,Low
2957-JIRMN,No,0.17872807635322221,0,Low
2049-BAFNW,No,0.3781982138743545,0,Low
3842-QTGDL,No,0.2791234288057375,0,Low
7163-OCEQI,No,0.1840524353758526,0,Low
9782-LGXMC,No,0.02832280424672819,0,Low
5975-BAICR,No,0.06036492879914609,0,Low
8019-ENHXU,Yes,0.4165150398225411,0,Medium
5167-GBFRE,Yes,0.5649175938947747,1,Medium
9033-EOXWV,Yes,0.21156429937297846,0,Low
4673-KKSLS,No,0.21044623816215005,0,Low
4853-OITSN,No,0.7032092458149223,1,High
9800-OUIGR,No,0.002322525458782587,0,Low
1324-NLTJE,Yes,0.22762224142418255,0,Low
2324-EFHVG,No,0.11872079577970049,0,Low
7094-MSZAO,No,0.14422121855500583,0,Low
1522-VVDMG,Yes,0.5411303041068574,1,Medium
6907-CQGPN,No,0.18587844841285725,0,Low
0780-XNZFN,No,0.0043276173854110925,0,Low
0239-OXEXL,No,0.1740681670832625,0,Low
2675-IJRGJ,No,0.005204304411291781,0,Low
7049-GKVZY,No,0.07888403532340339,0,Low
8577-QSOCG,No,0.012988866455287587,0,Low
3721-CNZHX,No,0.05949815355031238,0,Low
0212-ISBBF,No,0.5125069668297758,1,Medium
9185-TQCVP,Yes,0.7277533758031717,1,High
3585-YNADK,No,0.03541436303320507,0,Low
5271-DBYSJ,No,0.6244023066314071,1,Medium
1099-GODLO,No,0.04799725456751878,0,Low
6828-HMKWP,No,0.02776879711720306,0,Low
5567-WSELE,Yes,0.8485889153322094,1,High
1472-TNCWL,No,0.4825120260172514,0,Medium
8063-RJYNF,Yes,0.6135627638520802,1,Medium
0687-ZVTHB,Yes,0.01986474750474227,0,Low
2080-GKCWQ,No,0.5739298892622496,1,Medium
9661-ACXBS,Yes,0.5031056989209057,1,Medium
2193-SFWQW,No,0.0217479283354841,0,Low
5656-JAMLX,No,0.0035016251853561896,0,Low
3462-BJQQA,No,0.7395452978928133,1,High
0442-TDYUO,No,0.01073764815837367,0,Low
6733-LRIZX,No,0.20142782581879867,0,Low
9503-XJUME,No,0.007932899552375566,0,Low
4367-NHWMM,No,0.5758483485300756,1,Medium
3727-RJMEO,Yes,0.7810834803596199,1,High
3779-OSWCF,No,0.011422968539628342,0,Low
6736-DHUQI,No,0.028603123866523077,0,Low
3915-ODIYG,No,0.06938513604104378,0,Low
1360-RCYRT,No,0.21365870933312156,0,Low
2724-FJDYW,No,0.07991261821516847,0,Low
4451-RWASJ,No,0.06895982458260443,0,Low
6646-VRFOL,Yes,0.5415232810135335,1,Medium
3460-TJBWI,No,0.024165978830485595,0,Low
5917-HBSDW,No,0.04665544749760738,0,Low
5685-IIXLY,Yes,0.6432286102298977,1,Medium
5671-UUNXD,No,0.3445668378478998,0,Low
0956-ACVZC,No,0.19994209808124738,0,Low
2325-NBPZG,No,0.5911783548803803,1,Medium
4250-ZBWLV,Yes,0.14116712672438356,0,Low
4482-FTFFX,No,0.29400691215402636,0,Low
8859-DZTGQ,No,0.014249611886229257,0,Low
0440-MOGPM,No,0.1931767442864428,0,Low
0020-JDNXP,No,0.0685126872013777,0,Low
3752-CQSJI,No,0.1360615226501343,0,Low
5025-GOOKI,No,0.11292180073487272,0,Low
4698-KVLLG,No,0.006320762832805353,0,Low
5095-AESKG,Yes,0.6690868413739796,1,Medium
2887-JPYLU,No,0.07239049557169017,0,Low
4770-QAZXN,No,0.10800106623562139,0,Low
4896-CPRPF,No,0.01329107433772515,0,Low
1871-MOWRM,Yes,0.2590190001658146,0,Low
9714-EDSUC,No,0.43145384612578924,0,Medium
2027-OAQQC,Yes,0.2640177456651147,0,Low
0282-NVSJS,No,0.35432951078590996,0,Low
9090-SGQXL,Yes,0.4493514381457421,0,Medium
6595-YGXIT,Yes,0.6589101311931759,1,Medium
7353-YOWFP,No,0.0814267815996117,0,Low
9835-ZIITK,Yes,0.24447767948345991,0,Low
8008-ESFLK,No,0.10959781126903778,0,Low
7537-CBQUZ,No,0.3037654799419407,0,Low
1555-DJEQW,Yes,0.043124981207525774,0,Low
5649-TJHOV,Yes,0.3001796551888613,0,Low
0519-XUZJU,Yes,0.5405441466442462,1,Medium
3363-EWLGO,No,0.16321243945342537,0,Low
4750-UKWJK,No,0.02575074564885725,0,Low
6338-AVWCY,Yes,0.6047525068867861,1,Medium
1689-YQBYY,No,0.6264447402669345,1,Medium
4487-ZYJZK,No,0.01545388746301335,0,Low
2959-FENLU,No,0.5910240907873469,1,Medium
0708-LGSMF,No,0.43766415796016694,0,Medium
9253-QXKBE,Yes,0.7205944716475925,1,High
7634-HLQJR,No,0.0054806132187391575,0,Low
0487-RPVUM,No,0.13071579696586094,0,Low
4079-ULGFR,No,0.10578561735651594,0,Low
2516-XSJKX,No,0.024424675357722588,0,Low
0057-QBUQH,No,0.019112645686457153,0,Low
9445-SZLCH,Yes,0.380520512184307,0,Low
6599-SFQVE,No,0.5223447520912008,1,Medium
8331-ZXFOE,No,0.02356179765659465,0,Low
4003-FUSHP,No,0.23337476307913185,0,Low
0356-ERHVT,No,0.33246323089436386,0,Low
7325-ENZFI,No,0.04708731532816599,0,Low
4884-ZTHVF,No,0.6911971777020025,1,Medium
3920-HIHMQ,No,0.23551024946994106,0,Low
3055-OYMSE,No,0.21193531432700707,0,Low
0613-WUXUM,No,0.0030383513735387385,0,Low
7568-PODML,Yes,0.6830601508469589,1,Medium
4458-KVRBJ,No,0.006168593046365662,0,Low
5349-IECLD,Yes,0.7064079390777523,1,High
1397-XKKWR,No,0.18896218975236123,0,Low
3945-GFWQL,Yes,0.3494291176584844,0,Low
8097-OMULG,No,0.026110837878328373,0,Low
6013-BHCAW,No,0.030297403566033568,0,Low
0401-WDBXM,No,0.06356038352475797,0,Low
3387-PLKUI,No,0.10023217123487788,0,Low
6096-EGVTU,No,0.007379061044630374,0,Low
3797-VTIDR,Yes,0.6638736830140465,1,Medium
5081-NWSUP,No,0.12442396751504763,0,Low
2580-ATZSQ,No,0.009611480878674897,0,Low
8085-MSNLK,No,0.0497159179051644,0,Low
9691-HKOVS,No,0.07321451412046152,0,Low
9881-VCZEP,No,0.25202674792047425,0,Low
9526-BIHHD,Yes,0.38545047384170716,0,Low
8757-TFHHJ,No,0.3189524786751763,0,Low
4523-WXCEF,Yes,0.3668736703637673,0,Low
1468-DEFNC,No,0.00619266995427728,0,Low
5119-KEPFY,No,0.557579772593245,1,Medium
8364-TRMMK,Yes,0.4861244195172507,0,Medium
0916-KNFAJ,No,0.02676077065726143,0,Low
8319-QBEHW,No,0.16013217119032142,0,Low
3063-QFSZL,Yes,0.56765283262752,1,Medium
8775-LHDJH,Yes,0.7938321153403164,1,High
9625-QNLUX,No,0.04530435983714677,0,Low
3097-NQYSN,Yes,0.7654481172235854,1,High
4024-CSNBY,No,0.026109980456048558,0,Low
7110-BDTWG,No,0.023141652304897294,0,Low
7493-GVFIO,No,0.004330594984538137,0,Low
0690-SRQID,No,0.23241294222335487,0,Low
9605-WGJVW,No,0.7307745437336752,1,High
9114-DPSIA,No,0.00621596691167719,0,Low
4700-UBQMV,No,0.1702093208112148,0,Low
7711-GQBZC,No,0.002675987653846858,0,Low
3565-UNOCC,Yes,0.63946434308577,1,Medium
4627-MIHJH,No,0.04750594856653311,0,Low
9795-NREXC,No,0.02316263345421932,0,Low
8573-CGOCC,No,0.09693624384611513,0,Low
7356-AYNJP,No,0.15922555116901413,0,Low
9249-FXSCK,Yes,0.14501324228982065,0,Low
5493-SDRDQ,Yes,0.3236728140438701,0,Low
6286-SUUWT,No,0.19326591749932703,0,Low
4819-HJPIW,No,0.30821498152857674,0,Low
8654-DHAOW,No,0.3682660448045712,0,Low
5438-QMDDL,No,0.29934961512894764,0,Low
9812-GHVRI,No,0.36127082868950966,0,Low
5553-AOINX,No,0.24544816319853607,0,Low
1228-ZLNBX,No,0.45079579382355006,0,Medium
4226-KKDON,No,0.3718694982985258,0,Low
3831-YCPUO,No,0.029591351379889937,0,Low
7445-WMRBW,No,0.06502275845594088,0,Low
3308-DGHKL,No,0.003747657205250235,0,Low
9924-JPRMC,No,0.0783428465338124,0,Low
0080-EMYVY,No,0.10726739482981984,0,Low
6218-KNUBD,No,0.3962513459481956,0,Low
7337-CINUD,No,0.03311818108818545,0,Low
7609-NRNCA,No,0.05283101749277146,0,Low
0623-EJQEG,No,0.08794498696687143,0,Low
7153-CHRBV,No,0.016516540028109723,0,Low
0871-URUWO,Yes,0.6934426364068333,1,Medium
9190-MFJLN,Yes,0.6154388533888443,1,Medium
6198-PNNSZ,No,0.1303694645826093,0,Low
3317-VLGQT,No,0.6692284934593704,1,Medium
4132-POCZS,No,0.15611241843662935,0,Low
5614-DNZCE,No,0.008619109251138018,0,Low
1095-JUDTC,Yes,0.408830011499335,0,Medium
3896-RCYYE,No,0.09133190774870029,0,Low
9638-JIQYA,No,0.5442796898536169,1,Medium
3258-SANFR,No,0.31968945912745317,0,Low
3726-TBHQT,No,0.04648450152833553,0,Low
3190-ITQXP,No,0.0057534400949496274,0,Low
0870-VEMYL,Yes,0.15859753689506872,0,Low
4833-QTJNO,No,0.10875064387808497,0,Low
3039-MJSLN,No,0.13847824425216657,0,Low
0178-CIIKR,No,0.17587364564589558,0,Low
5385-SUIRI,Yes,0.49474884651636863,0,Medium
3982-XWFZQ,Yes,0.2255904642535574,0,Low
5774-QPLTF,No,0.014243230450336018,0,Low
2322-VCZHZ,No,0.4976872978182167,0,Medium
5010-IPEAQ,No,0.006534294250263273,0,Low
4009-ALQFH,Yes,0.5963095544791226,1,Medium
6383-ZTSIW,No,0.17484367875242593,0,Low
8990-YOZLV,No,0.008800369571105457,0,Low
3069-SSVSN,No,0.31718248277782296,0,Low
5222-IMUKT,No,0.498716761057134,0,Medium
3627-FCRDW,Yes,0.5493313003725758,1,Medium
7562-GSUHK,Yes,0.4931612851378662,0,Medium
6685-XSHHU,No,0.004520358789173837,0,Low
8901-UPRHR,No,0.058607491579416374,0,Low
4903-UYAVB,Yes,0.17118423862336776,0,Low
0118-JPNOY,No,0.39738966907140183,0,Low
6776-TLWOI,Yes,0.1796189741807913,0,Low
3845-FXCYS,No,0.31155600031049363,0,Low
5857-XRECV,No,0.07629642922499216,0,Low
0725-CXOTM,No,0.0943799319994507,0,Low
4343-EJVQB,No,0.3965314324029137,0,Low
9000-PLFUZ,No,0.04626789842555828,0,Low
3427-GGZZI,No,0.6586603307065667,1,Medium
7779-ORAEL,No,0.025108035439599257,0,Low
0644-OQMDK,No,0.7135558917254158,1,High
4077-CROMM,Yes,0.5426364885235583,1,Medium
3154-CFSZG,No,0.20459862687113556,0,Low
2868-MZAGQ,Yes,0.7521342590153315,1,High
4847-QNOKA,Yes,0.4192082233411317,0,Medium
2220-IAHLS,No,0.17529670225531002,0,Low
1658-XUHBX,No,0.29406751762422845,0,Low
6379-RXJRQ,Yes,0.6395844481041992,1,Medium
2378-HTWFW,No,0.3280382698465258,0,Low
8650-RHRKE,Yes,0.6145661541162516,1,Medium
4377-VDHYI,No,0.21252362278770284,0,Low
0475-RIJEP,Yes,0.41021730052572236,0,Medium
1260-TTRXI,Yes,0.4551582378124044,0,Medium
3719-TDVQB,No,0.00912776937630711,0,Low
6328-ZPBGN,Yes,0.7397414237048171,1,High
0201-MIBOL,No,0.09214508974131486,0,Low
4937-QPZPO,No,0.2754311581540799,0,Low
2925-VDZHY,No,0.009520631506015675,0,Low
6981-TDRFT,No,0.1319333586243915,0,Low
3413-CSSTH,No,0.16694272688123987,0,Low
8033-VCZGH,No,0.3042565896310232,0,Low
4789-KWMXN,Yes,0.1848968816649382,0,Low
0224-NIJLP,No,0.03609864168103275,0,Low
7542-CYDDM,No,0.09813594141095351,0,Low
4718-WXBGI,No,0.01341134234140008,0,Low
2867-UIMSS,Yes,0.6724976214300592,1,Medium
8495-PRWFH,No,0.18581705728176967,0,Low
0439-IFYUN,No,0.5612602511500416,1,Medium
5716-LIBJC,No,0.43032857961858656,0,Medium
2868-LLSKM,No,0.0585912604927355,0,Low
8111-RKSPX,Yes,0.6729919835889999,1,Medium
2988-QRAJY,No,0.07191374717186254,0,Low
1585-MQSSU,Yes,0.16547527287140945,0,Low
0071-NDAFP,No,0.02042954537242318,0,Low
2856-NNASM,Yes,0.4738348311075178,0,Medium
7328-ZJAJO,No,0.0031537672861284448,0,Low
6458-CYIDZ,No,0.47059283769046173,0,Medium
8559-CIZFV,Yes,0.06543304851229885,0,Low
1090-PYKCI,No,0.058133002389423157,0,Low
3058-WQDRE,No,0.4276616638588502,0,Medium
7547-EKNFS,Yes,0.40195219722401504,0,Medium
2279-AXJJK,No,0.26545792646820765,0,Low
6769-DYBQN,Yes,0.27878232554348936,0,Low
0909-SELIE,No,0.016477613804341387,0,Low
3417-TSCIC,No,0.16692470985007055,0,Low
1042-HFUCW,No,0.059631808212910364,0,Low
4439-JMPMT,Yes,0.592104859820174,1,Medium
6537-OTKMY,No,0.3551336845682672,0,Low
8999-EXMNO,No,0.021536976463611534,0,Low
6725-TPKJO,No,0.008524807183876531,0,Low
2446-BEGGB,Yes,0.807921325021663,1,High
7162-WPHPM,No,0.00710499900754303,0,Low
1599-MMYRQ,No,0.046041842299932856,0,Low
8821-KVZKQ,No,0.03346146148343342,0,Low
1496-GGSUK,Yes,0.6085665282494288,1,Medium
6434-TTGJP,No,0.05699904024742747,0,Low
0042-JVWOJ,No,0.04819836784240419,0,Low
0130-SXOUN,No,0.17886181160370665,0,Low
2575-GFSOE,Yes,0.6132236803216318,1,Medium
2330-PQGDQ,No,0.06927698701157353,0,Low
1452-UZOSF,No,0.029350514274897,0,Low
2097-YVPKN,No,0.004650526197300554,0,Low
2842-JTCCU,Yes,0.3239939713714019,0,Low
8597-CTXVJ,No,0.008493347172719587,0,Low
6631-HMANX,No,0.023870254549498537,0,Low
9962-BFPDU,No,0.16024281173585359,0,Low
3296-SILRA,Yes,0.6268109119214826,1,Medium
9681-OXGVC,Yes,0.8063852515442761,1,High
6394-HHHZM,No,0.17743427771026513,0,Low
5995-LFTLE,No,0.008339173712125138,0,Low
5180-UCIIQ,Yes,0.234807389858059,0,Low
1932-UEDCX,No,0.5763254514074251,1,Medium
7153-OANIO,Yes,0.6238284629370162,1,Medium
5188-HGMLP,No,0.2272517659083565,0,Low
0665-XHDJU,No,0.13854803635084614,0,Low
6521-YYTYI,Yes,0.8035437644675177,1,High
8878-HMWBV,Yes,0.4939842524020436,0,Medium
8265-HKSOW,No,0.020038741635895876,0,Low
3544-FBCAS,No,0.017239522463228657,0,Low
5331-RGMTT,No,0.4577864893107748,0,Medium
4759-PXTAN,No,0.089324959975361,0,Low
7054-DMVAS,No,0.01945282340889662,0,Low
3428-MMGUB,No,0.14197656401644038,0,Low
6549-BTYPG,No,0.021352524125073206,0,Low
7823-JSOAG,No,0.6746026875994845,1,Medium
3705-RHRFR,No,0.05761549900813443,0,Low
9374-YOLBJ,No,0.2082202072063006,0,Low
9074-KGVOX,No,0.09832657295085179,0,Low
6128-DAFVY,No,0.17158561290373414,0,Low
9933-QRGTX,No,0.07580197936475672,0,Low
4476-OSWTN,No,0.14069943692695785,0,Low
3751-KTZEL,Yes,0.5384985857475149,1,Medium
1977-STDKI,Yes,0.7021937259393647,1,High
5066-GFJMM,No,0.23980380887920694,0,Low
2661-GKBTK,No,0.013158434550368988,0,Low
0458-HEUZG,No,0.08855119249175986,0,Low
7268-WNTCP,No,0.0028608890126999484,0,Low
0824-VWDPO,No,0.12446547416109636,0,Low
8409-WQJUX,No,0.21233318831438927,0,Low
2578-JQPHZ,No,0.08439624311142774,0,Low
3278-FSIXX,No,0.4255019691818207,0,Medium
5813-UECBU,Yes,0.418792847721072,0,Medium
0328-GRPMV,Yes,0.7010375868942683,1,High
9746-UGFAC,No,0.039253757084098354,0,Low
2946-KIQSP,No,0.17412834522613063,0,Low
0625-AFOHS,No,0.013563227343447988,0,Low
6726-WEXXK,No,0.33821065386524424,0,Low
4636-OLWOE,No,0.032382209070017744,0,Low
4342-HENTK,Yes,0.7225578531848404,1,High
4685-ERGHK,No,0.2559114822197162,0,Low
0885-HMGPY,No,0.007585322630958473,0,Low
5003-OKNNK,No,0.04338272333551471,0,Low
4195-SMMNX,Yes,0.18496924032507214,0,Low
7208-PSIHR,No,0.08351298019835539,0,Low
4012-ZTHBR,No,0.2764634674654589,0,Low
0489-WMEMG,No,0.10952617733513141,0,Low
7435-ZNUYY,No,0.08643177009770638,0,Low
1354-YZFNB,No,0.03918564491407235,0,Low
6956-SMUCM,Yes,0.5924432209422438,1,Medium
2985-FMWYF,No,0.7318567885802824,1,High
2812-ENYMO,No,0.10364447610493781,0,Low
2717-HVIZY,No,0.11906284670946551,0,Low
3223-WZWJM,Yes,0.6514822108203954,1,Medium
3422-GALYP,No,0.7230511406432754,1,High
9053-JZFKV,Yes,0.04120974404717493,0,Low
2530-ENDWQ,Yes,0.10368422363766883,0,Low
2890-WFBHU,No,0.021981261616094618,0,Low
0327-WFZSY,No,0.3159470183654283,0,Low
7977-HXJKU,No,0.0197186104450574,0,Low
6615-ZGEDR,Yes,0.19386660593598065,0,Low
7033-CLAMM,No,0.005368699705918682,0,Low
4023-RTIQM,No,0.12770327088831637,0,Low
0864-FVJNJ,No,0.09590760392202746,0,Low
7356-IWLFW,No,0.26039427948704913,0,Low
9541-PWTWO,No,0.04758163784757162,0,Low
3967-VQOGC,No,0.0049497423549567845,0,Low
7872-RDDLZ,No,0.07096752748044093,0,Low
9250-WYPLL,Yes,0.6532472424291458,1,Medium
6308-CQRBU,No,0.0765824365086798,0,Low
2754-XBHTB,Yes,0.6150408938047395,1,Medium
1597-LHYNC,Yes,0.5465373506878993,1,Medium
0186-CAERR,No,0.10127763129740833,0,Low
3043-SUDUA,No,0.04877160870872584,0,Low
5442-BHQNG,No,0.6087414536751304,1,Medium
2169-RRLFW,No,0.0032620980599960513,0,Low
5872-OEQNH,No,0.06366316830511745,0,Low
3162-KKZXO,No,0.37099981809207366,0,Low
7055-VKGDA,Yes,0.10091828577740485,0,Low
0754-UKWQP,Yes,0.7755160132524909,1,High
8873-GLDMH,No,0.661285253433648,1,Medium
5696-JVVQY,No,0.018434300767900532,0,Low
8946-BFWSG,No,0.004157617031693122,0,Low
7493-TPUWZ,Yes,0.7310755234120878,1,High
0547-HURJB,No,0.09220941021197297,0,Low
8904-OPDCK,No,0.12252235677073454,0,Low
8845-LWKGE,No,0.11364909718372933,0,Low
1577-HKTFG,Yes,0.05567793300004058,0,Low
8752-STIVR,Yes,0.729383072049276,1,High
0691-NIKRI,No,0.276669288398371,0,Low
5022-JNQEQ,No,0.4966874715848592,0,Medium
4558-FANTW,Yes,0.30979929021350194,0,Low
3249-VHRIP,No,0.027001908909907606,0,Low
3736-BLEPA,No,0.20355883443722061,0,Low
4701-LKOZD,No,0.012017679382829827,0,Low
6603-QWSPR,No,0.1014417587658948,0,Low
9921-QFQUL,No,0.49697482170545293,0,Medium
1929-ZCBHE,No,0.03191248632871967,0,Low
4378-MYPGO,No,0.046243508914303726,0,Low
8651-ENBZX,Yes,0.28198840066153513,0,Low
4129-LYCOI,No,0.09380667801257266,0,Low
7798-JVXYM,No,0.4174206995323963,0,Medium
8647-SDTWQ,No,0.2736531314258973,0,Low
2696-ECXKC,No,0.12493103539253185,0,Low
2081-KJSQF,No,0.25687757726177757,0,Low
7623-TRNQN,Yes,0.3041696333642112,0,Low
3323-CPBWR,No,0.4656452801287862,0,Medium
9330-IJWIO,Yes,0.69654152701984,1,Medium
3384-CTMSF,No,0.5596428296594915,1,Medium
0902-RFHOF,No,0.02107787223900067,0,Low
9286-DOJGF,Yes,0.4215445422050989,0,Medium
6048-QBXKL,No,0.4601517619709957,0,Medium
9661-MHUMO,Yes,0.32002969414020427,0,Low
7718-RXDGG,No,0.5154131139689321,1,Medium
1025-FALIX,No,0.3971928442291408,0,Low
3451-VAWLI,No,0.00946663928995426,0,Low
3407-QGWLG,No,0.2021009763597993,0,Low
1842-EZJMK,Yes,0.29932519350726144,0,Low
2347-WKKAE,No,0.4400689448338144,0,Medium
8735-DCXNF,No,0.18937734316894816,0,Low
3214-IYUUQ,No,0.046069741965500295,0,Low
1936-UAFEH,No,0.03656884398084587,0,Low
3587-PMCOY,No,0.48692954656750204,0,Medium
8079-XRJRS,Yes,0.07814784471904578,0,Low
1027-LKKQQ,No,0.010532757347120692,0,Low
7148-XZPHA,No,0.11584750952439105,0,Low
8073-IJDCM,Yes,0.2524492246163178,0,Low
5309-TAIKL,No,0.25295085434179165,0,Low
6856-RAURS,No,0.6889782227480797,1,Medium
8778-LMWTJ,No,0.5418189003034948,1,Medium
9717-IOAAF,No,0.026820179788405386,0,Low
8884-ADFVN,Yes,0.8230408112361672,1,High
2845-KDHVX,No,0.016032347375566556,0,Low
0848-SOMKO,No,0.008363153354918272,0,Low
2720-WGKHP,Yes,0.850666955679633,1,High
6734-FQAJX,No,0.07106045968628528,0,Low
2869-ADAWR,Yes,0.3650943607552209,0,Low
1535-VTJOQ,No,0.02531442036898037,0,Low
6368-TZZDT,No,0.03945836815792775,0,Low
0943-ZQPXH,No,0.3683891180325385,0,Low
1293-BSEUN,No,0.0027317848767163585,0,Low
9894-EZEWG,Yes,0.5685558991905858,1,Medium
1302-TPUBN,No,0.0028722998520489085,0,Low
7851-FLGGQ,Yes,0.5012735782435681,1,Medium
0637-UBJRP,Yes,0.4336774255878543,0,Medium
0940-OUQEC,Yes,0.5736557694133129,1,Medium
2378-VTKDH,No,0.4498534872859005,0,Medium
0927-CNGRH,No,0.1614180587191189,0,Low
8608-OZTLB,No,0.038461589289651224,0,Low
2335-GSODA,No,0.033169197666888,0,Low
1952-DVVSW,No,0.07315215273075766,0,Low
0702-PGIBZ,Yes,0.7482370356650204,1,High
6656-GULJQ,No,0.014935569034701389,0,Low
9853-JFZDU,No,0.10086591174422085,0,Low
1963-VAUKV,Yes,0.18870986826125716,0,Low
3777-XROBG,No,0.0032086165664036697,0,Low
6994-FGRHH,No,0.11948030060129304,0,Low
4000-VGMQP,No,0.0902996079287768,0,Low
3999-WRNGR,No,0.16438880664588806,0,Low
3466-RITXD,No,0.414759599370443,0,Medium
2680-XKKNJ,No,0.06942900933281648,0,Low
3058-HJCUY,Yes,0.3198478413907525,0,Low
2974-GGUXS,No,0.46717151148706826,0,Medium
7994-XIRTR,No,0.03504173211403281,0,Low
3259-FDWOY,Yes,0.08685608879274725,0,Low
2101-RANCD,No,0.343951290109315,0,Low
7921-BEPCI,No,0.006785997172576641,0,Low
0807-ZABDG,Yes,0.20445171112599042,0,Low
8510-TMWYB,No,0.022939729371246304,0,Low
3258-ZKPAI,No,0.044130315090811036,0,Low
1428-IEDPR,No,0.1350965030232988,0,Low
5298-GSTLM,No,0.19866311242705653,0,Low
4450-YOOHP,No,0.28580173651664353,0,Low
6728-CZFEI,No,0.16579327172933606,0,Low
5748-RNCJT,Yes,0.08776725310267579,0,Low
3653-NCRDJ,No,0.019836504473672526,0,Low
6121-TNHBO,No,0.02266732297473486,0,Low
5119-NZPTV,No,0.6544016099849204,1,Medium
6519-ZHPXP,No,0.029839315957479736,0,Low
7739-LAXOG,Yes,0.4490262365862534,0,Medium
3472-QPRCH,No,0.01052543967946584,0,Low
8224-UAXBZ,No,0.05928784013446412,0,Low
9610-WCESF,No,0.013629676438075599,0,Low
9776-CLUJA,Yes,0.31678918827768726,0,Low
2486-WYVVE,No,0.17592857755826805,0,Low
3865-ZYKAD,No,0.13759795146842052,0,Low
1422-DGUBX,No,0.2970551954450189,0,Low
2999-AANRQ,No,0.02908461583617988,0,Low
8668-KNZTI,No,0.03242485552338184,0,Low
0480-KYJVA,No,0.0024709266321934426,0,Low
6034-ZRYCV,Yes,0.04018546836404597,0,Low
9746-YKGXB,No,0.03461388352255131,0,Low
3926-YZVVX,No,0.034138678870252966,0,Low
6000-UKLWI,No,0.00980589254371843,0,Low
2079-FBMZK,Yes,0.5944853824835281,1,Medium
6332-FBZRI,No,0.013999588473582094,0,Low
2096-XOTMO,No,0.08704296702951873,0,Low
3266-FTKHB,No,0.029800204963405772,0,Low
8221-EQDGL,No,0.07632905851293212,0,Low
2346-LOCWC,No,0.003243375134752819,0,Low
6608-QQLVK,Yes,0.5073590129098301,1,Medium
0298-XACET,No,0.01859659447912543,0,Low
7560-QJAVJ,No,0.009342948696107715,0,Low
2995-YWTCD,No,0.03864459086179845,0,Low
3551-HUAZH,Yes,0.7889724716425639,1,High
9137-UIYPG,No,0.3387270229942447,0,Low
2809-ZMYOQ,No,0.6652011259668118,1,Medium
5084-OOVCJ,No,0.12095555498465968,0,Low
0254-WWRKD,No,0.012303987042353998,0,Low
7727-SHVZV,No,0.13042767115272763,0,Low
6302-JGYRJ,Yes,0.12986630600227939,0,Low
5339-PXDVH,No,0.6197058461577928,1,Medium
2205-LPVGL,No,0.06396488142617,0,Low
8782-NUUOL,No,0.026895832561474847,0,Low
3685-YLCMQ,Yes,0.27132165203048775,0,Low
7601-WFVZV,No,0.19422769909556384,0,Low
4609-KNNWG,No,0.01503472616657761,0,Low
4868-AADLV,No,0.15418204736371013,0,Low
9529-OFXHY,No,0.5403560355499717,1,Medium
8634-MPHTR,Yes,0.6196125411849763,1,Medium
2669-QVCRG,No,0.2604152842956438,0,Low
2478-EEWWM,No,0.22493699317665022,0,Low
9174-IHETN,No,0.03964229439895964,0,Low
2233-TXSIU,No,0.12796211967591978,0,Low
9644-UMGQA,No,0.32388699502675533,0,Low
3256-EZDBI,No,0.12000229982234534,0,Low
8761-NSOBC,Yes,0.3080553317352039,0,Low
0419-YAAPX,No,0.2792710126849524,0,Low
8413-VONUO,Yes,0.6751694010450655,1,Medium
0872-CASZJ,No,0.039082016501614344,0,Low
4726-DLWQN,No,0.12214470955827812,0,Low
8164-OCKUJ,No,0.0034943033244026625,0,Low
3094-JOJAI,No,0.4827691473658249,0,Medium
9494-MRNYX,No,0.6212232018014205,1,Medium
2599-CZABP,No,0.18601955936667938,0,Low
7945-PRBVF,No,0.01180333963118373,0,Low
4544-RXFMG,No,0.2005795932891631,0,Low
0859-YGKFW,No,0.039679367059436525,0,Low
1150-FTQGN,No,0.0716623383176944,0,Low
9223-UCPVT,Yes,0.710069622889483,1,High
7196-LIWRH,No,0.04732903296456531,0,Low
5448-VWNAM,No,0.17140062539092293,0,Low
1177-XZBJL,No,0.016240703872096078,0,Low
3518-FSTWG,No,0.08389153155351865,0,Low
9330-VOFSZ,No,0.09607812537256916,0,Low
4351-QLCSU,Yes,0.4665328338813411,0,Medium
0939-EREMR,No,0.1545916214381406,0,Low
9389-ACWBI,No,0.4304074900576149,0,Medium
5419-JPRRN,Yes,0.8239474210300425,1,High
3644-QXEHN,No,0.5861529923865483,1,Medium
2911-IJORQ,No,0.08551556219220517,0,Low
5921-NGYRH,No,0.12510131658332346,0,Low
2100-BDNSN,Yes,0.333602793294321,0,Low
5998-DZLYR,No,0.06702008491639012,0,Low
0488-GSLFR,Yes,0.7029696070667233,1,High
9318-NKNFC,Yes,0.2610127174076543,0,Low
3985-HOYPM,No,0.03684753126970742,0,Low
9728-FTTVZ,Yes,0.7039329086171555,1,High
9548-LERKT,No,0.021987321881293972,0,Low
6576-FBXOJ,No,0.2733015994733951,0,Low
4310-KEDTB,No,0.257647264271203,0,Low
7254-IQWOZ,Yes,0.7071809200478153,1,High
2474-BRUCM,Yes,0.4699924131424333,0,Medium
4062-HBMOS,No,0.5081917731012554,1,Medium
0742-NXBGR,Yes,0.6461138912400501,1,Medium
2676-ISHSF,No,0.1924273330758575,0,Low
9236-NDUCW,No,0.04541686720313949,0,Low
4753-PADAS,No,0.1808931888455999,0,Low
6103-QCKFX,No,0.03328040969800314,0,Low
7781-EWARA,No,0.03380409454158804,0,Low
6110-OHIHY,Yes,0.6640976506758028,1,Medium
7018-FPXHH,No,0.011048109611438133,0,Low
5889-LFOLL,Yes,0.7297053134515895,1,High
5708-EVONK,Yes,0.1857575696590723,0,Low
8708-XPXHZ,Yes,0.5612000851599929,1,Medium
0616-ATFGB,Yes,0.606481119814885,1,Medium
0572-ZJKLT,No,0.050383729317920393,0,Low
5135-RDDQL,No,0.008818200753166467,0,Low
1353-LJWEM,No,0.29092664812063757,0,Low
1794-SWWKL,No,0.2384374635193087,0,Low
6166-YIPFO,No,0.022393898966481238,0,Low
7016-BPGEU,Yes,0.2553587436902486,0,Low
6876-ADESB,Yes,0.36750587712889443,0,Low
9332-GYWLO,No,0.38270391815914384,0,Low
1963-SVUCV,Yes,0.42628100231415333,0,Medium
4184-VODJZ,No,0.1743208431989537,0,Low
0220-EBGCE,Yes,0.7333072157350534,1,High
1092-WPIVQ,No,0.030148397121711724,0,Low
7233-IOQNP,No,0.06256994654535758,0,Low
2834-JKOOW,No,0.08714298339055064,0,Low
2754-VDLTR,Yes,0.6773574366696284,1,Medium
2400-FEQME,No,0.004277109584018901,0,Low
3190-XFANI,Yes,0.2018873375058001,0,Low
7551-DACSP,Yes,0.3001195938696536,0,Low
4957-SREEC,No,0.001921757203459966,0,Low
7235-NXZCP,Yes,0.7253609280764846,1,High
0230-UBYPQ,No,0.016435562898795747,0,Low
4923-ADWXJ,No,0.17973353905258563,0,Low
1763-KUAAW,No,0.054320736387822234,0,Low
1104-TNLZA,No,0.6235777046320681,1,Medium
5195-KPUNQ,No,0.09552292444272398,0,Low
0520-FDVVT,Yes,0.2843895100695678,0,Low
3439-GVUSX,No,0.4911827170037617,0,Medium
1444-VVSGW,Yes,0.07043223992018452,0,Low
5712-PTIWW,Yes,0.6054283621726962,1,Medium
5949-HGVJL,No,0.3025534741831051,0,Low
5203-XEHAX,No,0.06952820402910473,0,Low
1635-HDGFT,No,0.021026136812672496,0,Low
3315-TOTBP,Yes,0.5908165520993438,1,Medium
8050-XGRVL,No,0.011953321812420986,0,Low
6661-HBGWL,Yes,0.5044076956200994,1,Medium
1518-VOWAV,Yes,0.41175879818157424,0,Medium
9828-QHFBK,No,0.22182011894210305,0,Low
3908-MKIMJ,No,0.019188462713718452,0,Low
5012-YSPJJ,No,0.08533301580147046,0,Low
5909-ECHUI,Yes,0.5644389949781695,1,Medium
1309-BXVOQ,Yes,0.6614493961272894,1,Medium
6728-VOIFY,No,0.20897058530555232,0,Low
9317-WZPGV,Yes,0.6923522066983359,1,Medium
4891-NLUBA,No,0.024704943320511912,0,Low
2856-HYAPG,Yes,0.6232296542172358,1,Medium
8969-PRHFK,No,0.05283245061472695,0,Low
0661-KQHNK,No,0.06494693436064863,0,Low
8709-KRDVL,No,0.6272735219245401,1,Medium
4488-PSYCG,Yes,0.09957106138944716,0,Low
1427-VERSM,No,0.35522995048408856,0,Low
9801-NOSHQ,No,0.03370879830322426,0,Low
6339-YPSAH,No,0.6435020838144124,1,Medium
3621-CEOVK,Yes,0.7696208617886404,1,High
6906-ANDWJ,Yes,0.5250472001554675,1,Medium
2159-TURXX,No,0.15157968045889034,0,Low
1548-FEHVL,No,0.3529849459852528,0,Low
3795-CAWEX,No,0.045413534131698755,0,Low
6215-NQCPY,No,0.692006153078147,1,Medium
5647-URDKA,No,0.03606173659742942,0,Low
2229-DPMBI,No,0.035642972629853664,0,Low
9626-WEQRM,No,0.43944262318433025,0,Medium
2188-SXWVT,No,0.04027493419996397,0,Low
6258-PVZWJ,No,0.019392961565231254,0,Low
1094-BKOSX,No,0.04115861614419111,0,Low
6969-MVBAI,No,0.7732657190577353,1,High
2978-XXSOG,No,0.17536128418375815,0,Low
2342-CKIAO,No,0.1819814564590321,0,Low
6953-PBDIN,No,0.012717815352290347,0,Low
3898-BSJYF,No,0.09368686117726296,0,Low
3938-YFPXD,No,0.012240997270979785,0,Low
7696-AMHOD,No,0.046567566033897216,0,Low
2453-SAFNS,No,0.04490951322161869,0,Low
9558-IHEZX,No,0.06511153975676763,0,Low
9617-UDPEU,No,0.0609572715076273,0,Low
6340-DACFT,No,0.004729159872053734,0,Low
4955-VCWBI,No,0.01342704260027692,0,Low
6813-GZQCG,No,0.012103819443987009,0,Low
7426-GSWPO,No,0.2820697277754901,0,Low
3389-KTRXV,No,0.02506915789455868,0,Low
3118-UHVVQ,No,0.0038066199213647994,0,Low
1031-IIDEO,Yes,0.6986124590980813,1,Medium
5832-XKAES,Yes,0.6057483141598069,1,Medium
3205-MXZRA,No,0.07757523228377552,0,Low
4701-AHWMW,Yes,0.14574772970594138,0,Low
8317-BVKSO,No,0.2061342794504109,0,Low
5702-KVQRD,No,0.019730670414415237,0,Low
0083-PIVIK,No,0.03063764571427971,0,Low
9210-IAHGH,Yes,0.3737401860109832,0,Low
6169-PGNCD,No,0.012389627932327141,0,Low
0023-XUOPT,Yes,0.6123048789006533,1,Medium
4592-IWTJI,Yes,0.2920338216182129,0,Low
4909-JOUPP,No,0.06023412755756249,0,Low
4657-FWVFY,No,0.3542540153847075,0,Low
2257-BOVXD,No,0.34163664943499583,0,Low
7729-JTEEC,No,0.4607596917928237,0,Medium
7632-MNYOY,Yes,0.124602911043859,0,Low
6518-LGAOV,Yes,0.551519004860649,1,Medium
7242-QZLXF,Yes,0.600040600667169,1,Medium
4576-CSAJH,Yes,0.0846373310864015,0,Low
1000-AJSLD,Yes,0.25731857126210606,0,Low
9696-RMYBA,No,0.6591359809355286,1,Medium
8690-UPCZI,No,0.05543696571558613,0,Low
1062-LHZOD,Yes,0.5905083094320424,1,Medium
9770-LXDBK,No,0.17502765269263787,0,Low
4086-WITJG,No,0.0017799721104447166,0,Low
8344-WFMFH,No,0.34753677945874273,0,Low
9600-NAXZN,Yes,0.571837189158451,1,Medium
8822-KNBHV,No,0.07933160100842722,0,Low
8404-FYDIB,No,0.33975807704059247,0,Low
2791-SFVEW,No,0.13156589174650665,0,Low
6457-USBER,Yes,0.7476596566163877,1,High
6762-NSODU,No,0.005746360038277812,0,Low
4662-EKDPQ,Yes,0.4406854372791369,0,Medium
9248-OJYKK,Yes,0.7836708599220142,1,High
9888-ZCUMM,No,0.017735410138655188,0,Low
3398-FSHON,Yes,0.7283380027231598,1,High
3319-DWOEP,Yes,0.7847216265325179,1,High
1074-WVEVG,No,0.008253377671954493,0,Low
9979-RGMZT,No,0.4907130402801583,0,Medium
6437-UDQJM,No,0.025603865478638608,0,Low
1226-IENZN,No,0.6821356432954737,1,Medium
2108-GLPQB,No,0.20399270813787432,0,Low
9259-PACGQ,Yes,0.10719543640086433,0,Low
4415-IJZTP,Yes,0.758924265496372,1,High
1465-VINDH,Yes,0.636340614411494,1,Medium
5474-LAMUQ,No,0.041127198069299244,0,Low
3468-DRVQJ,No,0.1650669974899991,0,Low
1122-YJBCS,No,0.015053432162262619,0,Low
4990-ALDGW,No,0.0046506693956947015,0,Low
4816-OKWNX,No,0.137752095163562,0,Low
3315-IKYZQ,No,0.06699482650259353,0,Low
2810-FTLEM,Yes,0.27434850559059093,0,Low
4747-LCAQL,No,0.1754550161017826,0,Low
3411-WLRSQ,No,0.6003127013801384,1,Medium
0898-XCGTF,No,0.22468421770640906,0,Low
8006-PYCSW,No,0.18239910569776063,0,Low
8249-THVEC,No,0.009651193197557086,0,Low
8722-PRFDV,No,0.009737627687791751,0,Low
2164-SOQXL,No,0.0734437123542632,0,Low
4020-KIUDI,No,0.12308896200957439,0,Low
5850-BDWCY,No,0.15628943203566775,0,Low
2038-YSEZE,No,0.08479465395410067,0,Low
0827-ITJPH,No,0.016372103913786202,0,Low
8799-OXZMD,No,0.28224622012165096,0,Low
1925-TIBLE,Yes,0.7630670026317145,1,High
1705-GUHPV,No,0.005111963988160079,0,Low
4779-ZGICK,No,0.008323550202272902,0,Low
0048-PIHNL,No,0.011648465087671547,0,Low
0818-OCPZO,Yes,0.5640161189393808,1,Medium
3967-KXAPS,No,0.011822498233674143,0,Low
1447-GIQMR,Yes,0.7132001589950763,1,High
3704-IEAXF,No,0.010530808127501753,0,Low
6810-VCAEX,No,0.022591666248430294,0,Low
0674-EYYZV,No,0.5708355412278082,1,Medium
4480-MBMLB,No,0.3514903748477484,0,Low
1395-OFUWC,No,0.0846376907240626,0,Low
0822-QGCXA,No,0.30998032228765454,0,Low
0872-NXJYS,Yes,0.6949619181992779,1,Medium
2832-KJCRD,No,0.5492524613511397,1,Medium
3588-WSTTJ,No,0.594645874602885,1,Medium
4075-WKNIU,No,0.10194766177818498,0,Low
5090-EMGTC,No,0.07916142926227426,0,Low
2346-CZYIL,No,0.016739791828243533,0,Low
3798-EPWRR,No,0.45204108606656157,0,Medium
6258-NGCNG,No,0.1990262820446361,0,Low
4186-ZBUEW,No,0.09863708114705769,0,Low
5274-XHAKY,No,0.27307975705361354,0,Low
1442-BQPVU,No,0.38799415108714896,0,Low
3978-YNKDD,No,0.01958254214904427,0,Low
4940-KHCWD,No,0.007582830701206106,0,Low
9412-ARGBX,Yes,0.061049764670279026,0,Low
1389-CXMLU,Yes,0.7403071721019626,1,High
9589-ABEPT,No,0.06079072481405619,0,Low
9388-ZEYVT,No,0.09042565808133005,0,Low
0305-SQECB,No,0.13593022926112902,0,Low
7605-SNLQG,No,0.1068855108168166,0,Low
4670-TABXH,No,0.07197284147457263,0,Low
5561-NWEVX,Yes,0.7064893699798709,1,High
0064-SUDOG,No,0.02724812350726006,0,Low
8561-NMTBD,No,0.11551233977810464,0,Low
5161-XEUVX,No,0.11259398334483925,0,Low
8292-FRFZQ,No,0.0330572027207386,0,Low
8591-NXRCV,No,0.11905751916608731,0,Low
7895-VONWT,No,0.5269275768742023,1,Medium
4526-RMTLL,No,0.07066865285905662,0,Low
6253-GNHWH,No,0.00505424413467475,0,Low
4566-NECEV,No,0.6595512519439757,1,Medium
8080-POTJR,No,0.15342300083232557,0,Low
6906-MPARY,No,0.1480232008791629,0,Low
3662-FXJFO,No,0.0075410533042391086,0,Low
8107-RZLNV,No,0.09800137770186701,0,Low
0516-OOHAR,No,0.21420516972470258,0,Low
2027-CWDNU,No,0.49848011499557715,0,Medium
2737-WFVYW,Yes,0.7335751181009323,1,High
9912-OMZDS,No,0.25352174254833737,0,Low
3733-ZEECP,No,0.2118695048351402,0,Low
7878-RTCZG,No,0.18989098161131981,0,Low
2452-MRMZF,No,0.005250516193886635,0,Low
2272-QAGFO,Yes,0.7048644906922706,1,High
7103-IPXPJ,No,0.24050845890941133,0,Low
4342-HFXWS,No,0.019495910397120782,0,Low
3545-CNWRG,No,0.47216365612666994,0,Medium
1785-BPHTP,No,0.40329313070576395,0,Medium
4989-LIXVT,No,0.3456294863884068,0,Low
7315-WYOAW,No,0.6265575877858643,1,Medium
1173-XZPYF,No,0.7371239024539563,1,High
9850-OWRHQ,Yes,0.6668732100007921,1,Medium
3768-NLUBH,Yes,0.4501354197080295,0,Medium
8676-TRMJS,Yes,0.6013103548861082,1,Medium
2509-TFPJU,No,0.003146474008768606,0,Low
9530-GRMJG,No,0.03059192053590371,0,Low
6898-RBTLU,No,0.026551144168808077,0,Low
5481-NTDOH,No,0.1692666289054035,0,Low
2068-WWXQZ,No,0.007243128780873288,0,Low
7359-SSBJK,Yes,0.01114174000977112,0,Low
2061-VVFST,No,0.04106877130868233,0,Low
0685-MLYYM,Yes,0.6427243651900175,1,Medium
0749-IRGQE,No,0.58708482547484,1,Medium
2380-DAMQP,No,0.055459367114150435,0,Low
2256-YLYLP,No,0.016889778971284273,0,Low
1272-ILHFG,No,0.0494968930072653,0,Low
0164-XAIRP,No,0.02810846074168588,0,Low
5666-CYCYZ,No,0.5795460549122623,1,Medium
4011-ARPHK,No,0.11467353949954705,0,Low
8182-PNAGI,Yes,0.18394341074856083,0,Low
6365-HITVU,No,0.00672190545700633,0,Low
7558-IMLMT,No,0.0035377654005765203,0,Low
9488-FYQAU,No,0.09162734467110234,0,Low
3590-TCXTB,No,0.1923077618286967,0,Low
6994-KERXL,No,0.5439745622773479,1,Medium
7957-RYHQD,Yes,0.22057808943648913,0,Low
2180-DXNEG,Yes,0.7118142769621477,1,High
1960-UOTYM,No,0.024140478951265056,0,Low
2740-JFBOK,No,0.2971490557421679,0,Low
6500-JVEGC,No,0.07434561785728629,0,Low
5515-AKOAJ,Yes,0.4345822738564543,0,Medium
8976-OQHGT,Yes,0.18081916238500637,0,Low
5245-VDBUR,No,0.03350972845851428,0,Low
6230-BSUXY,Yes,0.765315725341651,1,High
8469-SNFFH,No,0.016268801649629103,0,Low
2144-ESWKO,No,0.060272317752405914,0,Low
1241-FPMOF,No,0.005964733063439389,0,Low
9928-BZVLZ,No,0.07896398459161666,0,Low
4114-QMKVN,No,0.02651948343815071,0,Low
2775-SEFEE,No,0.07853630413686652,0,Low
9003-CPATH,No,0.3555832903953571,0,Low
1754-GKYPY,No,0.6146618614320577,1,Medium
5294-CDGWY,Yes,0.06420659457114394,0,Low
7956-XQWGU,No,0.08494703235548268,0,Low
1591-MQJTP,No,0.19456326830486642,0,Low
5295-PCJOO,Yes,0.3351121815507485,0,Low
2369-FEVNO,No,0.2579073323870516,0,Low
9863-JZAIC,Yes,0.15988777633384185,0,Low
7471-MQPOS,No,0.029356951542714435,0,Low
7660-HDPJV,Yes,0.7039329086171555,1,High
5115-SQAAU,No,0.004097751890640609,0,Low
9845-QOMAD,No,0.05160805261381006,0,Low
7672-VFMXZ,No,0.03849099010325433,0,Low
9739-JLPQJ,No,0.0311557685259703,0,Low
9916-AYHTC,No,0.0063940182446278315,0,Low
3855-ONCAR,No,0.6178565486272048,1,Medium
1488-SYSFC,No,0.08834278769826702,0,Low
7931-PXHFC,Yes,0.08121921035027864,0,Low
3990-QYKBE,Yes,0.6810980132090656,1,Medium
0970-QXPXW,No,0.19048365721014876,0,Low
3259-KNMRR,No,0.05651236190740578,0,Low
6120-RJKLU,No,0.019301770318650723,0,Low
9572-WUKSB,No,0.548903058735512,1,Medium
5893-KCLGT,No,0.0027666939818614573,0,Low
0076-LVEPS,No,0.11243746576142813,0,Low
3640-JQGJG,No,0.20272471692712726,0,Low
4919-MOAVT,Yes,0.5543428166359442,1,Medium
1596-OQSPS,No,0.2879422490384002,0,Low
9867-XOBQA,No,0.041387166368607876,0,Low
9546-KDTRB,No,0.11377556297535321,0,Low
3090-HAWSU,Yes,0.07572641890137473,0,Low
9820-RMCQV,Yes,0.17677399071723776,0,Low
3174-RKMOW,No,0.4815347799967384,0,Medium
1760-CAZHT,No,0.05799029264830078,0,Low
7839-QRKXN,Yes,0.25273982177598425,0,Low
8441-SHIPE,No,0.0057022943520100185,0,Low
5204-QZXPU,Yes,0.5163514482667223,1,Medium
4597-ELFTS,Yes,0.017634017038597804,0,Low
1320-GVNHT,No,0.056746421341608524,0,Low
1047-RNXZV,No,0.009099378867526833,0,Low
3541-ZNUHK,No,0.20113272192752737,0,Low
8450-JOVAH,Yes,0.26707101663584976,0,Low
8725-JEDFD,No,0.4145623785902919,0,Medium
7562-UXTPG,No,0.5298788874158932,1,Medium
8071-SBTRN,No,0.0778185580762267,0,Low
1113-IUJYX,Yes,0.19590376835822862,0,Low
6668-CNMFP,No,0.30433900396617153,0,Low
5626-MGTUK,No,0.5024602839050815,1,Medium
5681-LLOEI,No,0.09605059755444548,0,Low
8212-DJRCH,No,0.4970886689835283,0,Medium
4323-OHFOW,No,0.14694190106518132,0,Low
4933-BSAIP,No,0.010418167673326812,0,Low
2030-BTZRO,No,0.05048076344769507,0,Low
1116-DXXDF,No,0.17303527722997342,0,Low
9274-CNFMO,Yes,0.702972163187826,1,High
7758-XKCBS,Yes,0.412512676608361,0,Medium
8992-JQYUN,Yes,0.741800227985226,1,High
6563-VNPMN,No,0.14667259909171726,0,Low
0617-AQNWT,Yes,0.015574106325608062,0,Low
2267-WTPYD,No,0.2536526560948401,0,Low
0270-THENM,No,0.004519360005827751,0,Low
2446-PLQVO,Yes,0.7051048021889242,1,High
4707-MAXGU,No,0.003147333756397631,0,Low
2710-WYVXG,No,0.05789267629459158,0,Low
3005-NFMTA,Yes,0.46635123124543865,0,Medium
6300-BWMJX,No,0.24688644041213648,0,Low
8784-CGILN,Yes,0.5862107590082994,1,Medium
5389-FFVKB,Yes,0.45583637051851283,0,Medium
7009-LGECI,No,0.29466487078781506,0,Low
8444-WRIDW,Yes,0.19208990154699154,0,Low
5022-KVDQT,No,0.5694234306776494,1,Medium
7976-CICYS,No,0.21199491957470837,0,Low
1036-GUDCL,No,0.04720631508753438,0,Low
2005-DWQZJ,No,0.0362008076956012,0,Low
8148-WOCMK,No,0.032579215927827095,0,Low
7815-PDTHL,No,0.018595263349009364,0,Low
9451-LPGOO,Yes,0.7637131841368139,1,High
9173-IVZVP,No,0.004566095253391859,0,Low
9129-UXERG,No,0.5784879350518295,1,Medium
3635-JBPSG,No,0.17663209366224353,0,Low
7964-ZRKKG,No,0.13440015850557957,0,Low
5868-YWPDW,Yes,0.7212905803423462,1,High
6229-LSCKB,No,0.7490969039472058,1,High
2025-JKFWI,Yes,0.6468054910799278,1,Medium
4078-SAYYN,Yes,0.7788041647545471,1,High
1724-IQWNM,No,0.21881542624448022,0,Low
8217-QYOHV,No,0.2319425289418514,0,Low
5546-QUERU,No,0.09106911357924803,0,Low
9940-HPQPG,Yes,0.3789640402002962,0,Low
6897-UUBNU,No,0.2754360226794562,0,Low
6127-IYJOZ,No,0.47631943343485,0,Medium
6618-RYATB,Yes,0.6890911683560181,1,Medium
8930-XOTDP,No,0.22313640316446254,0,Low
5916-QEWPT,No,0.4204778899797057,0,Medium
5060-TQUQN,No,0.2977848255093884,0,Low
0531-XBKMM,No,0.00523335074170133,0,Low
8465-SBRXP,No,0.11730056162312825,0,Low
2408-PSJVE,No,0.07011345161862026,0,Low
9079-YEXQJ,Yes,0.3236564563389879,0,Low
9700-ZCLOT,No,0.18577759187729193,0,Low
8738-JOKAR,No,0.04319370753123911,0,Low
4534-WGCIR,No,0.004654971674168877,0,Low
1930-WNXSB,No,0.32565219645789545,0,Low
2685-SREOM,Yes,0.6062323270375398,1,Medium
3508-CFVZL,No,0.04158756506352477,0,Low
0402-CQAJN,Yes,0.49755267939748665,0,Medium
6692-UDPJC,Yes,0.592711786401638,1,Medium
1273-MTETI,Yes,0.8017791298433693,1,High
0657-DOGUM,No,0.03773327878795885,0,Low
5480-HPRRX,Yes,0.5731759889870846,1,Medium
8792-AOROI,No,0.05970676532165831,0,Low
0295-PPHDO,Yes,0.8320802322795469,1,High
5146-YYFRZ,No,0.00274902729388851,0,Low
1195-OIYEJ,Yes,0.7179016089664384,1,High
5906-CVLHP,Yes,0.029215894547046106,0,Low
3452-SRFEG,No,0.30523148498145103,0,Low
4070-OKWVH,No,0.2601366647589105,0,Low
5297-MDOIR,No,0.06377154377214637,0,Low
6369-MCAKO,No,0.01566995317478458,0,Low
4926-UMJZD,No,0.14341769813108096,0,Low
6848-HJTXY,No,0.0030547234562717887,0,Low
6341-AEVKX,No,0.1408161192666586,0,Low
4501-EQDRN,Yes,0.5257906060696809,1,Medium
2990-HWIML,Yes,0.7620103001374323,1,High
0682-USIXD,No,0.5219620649793856,1,Medium
6976-BWGLQ,No,0.0025104110962101494,0,Low
7078-NVFAM,No,0.17666932451407974,0,Low
8065-QBYTO,No,0.07599319592539702,0,Low
2133-TSRRM,No,0.3068383698088774,0,Low
7384-GHBPI,Yes,0.687745632977843,1,Medium
7603-USHJS,Yes,0.5412009374441424,1,Medium
7234-FECYN,Yes,0.7499688191107964,1,High
2511-ALLCS,No,0.013267998231513135,0,Low
3191-CSNMG,No,0.6895085326364923,1,Medium
7952-OBOYL,No,0.5771802438140082,1,Medium
7470-DYNOE,No,0.08831240758642599,0,Low
7853-OETYL,No,0.5231325328972749,1,Medium
1545-ACTAS,No,0.15304957662712992,0,Low
5876-HZVZM,Yes,0.15047322526980242,0,Low
1400-MMYXY,Yes,0.8171625098843583,1,High
5126-RCXYW,No,0.017271247791972248,0,Low
3085-QUOZK,Yes,0.35268821156154057,0,Low
2363-BJLSL,No,0.08043180729606156,0,Low
1956-YIFGE,No,0.3305669937088711,0,Low
3926-CUQZX,Yes,0.4239590730486409,0,Medium
7921-LMDFQ,No,0.2558771505040953,0,Low
2925-MXLSX,No,0.14684086694795295,0,Low
5820-PTRYM,No,0.029969570843133744,0,Low
9609-BENEA,No,0.1421973187127897,0,Low
6211-WHMYA,No,0.10594280146653928,0,Low
4459-BBGHE,No,0.42006221379326164,0,Medium
9945-PSVIP,No,0.023462353305869318,0,Low
1041-RXHRA,Yes,0.21431822279533014,0,Low
1750-CSKKM,Yes,0.3507221547361633,0,Low
9108-EJFJP,No,0.30799856273321335,0,Low
0530-IJVDB,No,0.06389177770587251,0,Low
0508-SQWPL,No,0.005000616327469164,0,Low
2215-ZAFGX,No,0.7562847284816583,1,High
8213-TAZPM,No,0.1163862019330678,0,Low
7142-HVGBG,Yes,0.6089487143840592,1,Medium
1304-SEGFY,No,0.1424819316241581,0,Low
7242-EDTYC,No,0.006339498560444692,0,Low
2904-GGUAZ,No,0.03291573321876655,0,Low
8267-ZNYVZ,Yes,0.2553328229409039,0,Low
5136-GFPMB,No,0.26220948519843956,0,Low
2595-KIWPV,No,0.013479766391605207,0,Low
5243-SAOTC,No,0.24568123323805513,0,Low
9398-MMQTO,No,0.46425811394328237,0,Medium
7619-PLRLP,No,0.0366348784290473,0,Low
6457-GIRWB,Yes,0.7081362343719796,1,High
6508-NJYRO,No,0.06148465616947524,0,Low
1450-SKCVI,Yes,0.23500444012421823,0,Low
4710-NKCAW,No,0.1497380858875434,0,Low
5306-BVTKJ,No,0.037311948100398507,0,Low
0357-NVCRI,No,0.05208112666755121,0,Low
5570-PTWEH,Yes,0.6626422456567599,1,Medium
2371-KFUOG,No,0.08957428734457235,0,Low
0463-ZSDNT,No,0.3856986847564472,0,Low
6502-MJQAE,Yes,0.7073402662958971,1,High
6257-DTAYD,No,0.07283274494070645,0,Low
4616-ULAOA,No,0.07029803000732843,0,Low
7693-LCKZL,Yes,0.6564841461643645,1,Medium
7746-AWNQW,No,0.21661732111473248,0,Low
5996-EBTKM,No,0.016615179617884036,0,Low
2758-RNWXS,No,0.2007219657417319,0,Low
2314-TNDJQ,No,0.0052516494302854025,0,Low
2405-LBMUW,No,0.02226078252222617,0,Low
3454-JFUBC,No,0.0043334668875181104,0,Low
0032-PGELS,Yes,0.31427921860853614,0,Low
9039-ZVJDC,No,0.24258291007689706,0,Low
6797-LNAQX,Yes,0.058067181791566315,0,Low
9013-AQORL,No,0.08955014064556983,0,Low
2898-MRKPI,No,0.1459247117171969,0,Low
2750-BJLSB,No,0.1840112883366255,0,Low
3648-GZPHF,No,0.08941436532800287,0,Low
2075-RMJIK,No,0.26222506800108547,0,Low
9588-YRFHY,No,0.008996266434591801,0,Low
6394-MFYNG,Yes,0.42705055741124626,0,Medium
1564-NTYXF,Yes,0.7657292795531557,1,High
9364-YKUVW,No,0.15427130474143597,0,Low
5392-AKEMH,No,0.4025958338434939,0,Medium
2451-YMUXS,No,0.010293690487850175,0,Low
3914-FDRHP,No,0.5211586716182794,1,Medium
3078-ZKNTS,No,0.03764893422905569,0,Low
1024-KPRBB,No,0.3061075574316051,0,Low
4690-PKDQG,No,0.525111320747801,1,Medium
8155-IBNHG,Yes,0.4884244348785874,0,Medium
0886-QGENL,Yes,0.56633176456623,1,Medium
9547-ITEFG,No,0.6424226922071078,1,Medium
1264-FUHCX,No,0.0825781789820958,0,Low
7789-CRUVC,No,0.13786109800105847,0,Low
6598-KELSS,No,0.047195953825522725,0,Low
8739-WWKDU,Yes,0.652043030540239,1,Medium
8685-WHQPW,Yes,0.5534981216604536,1,Medium
4745-LSPLO,Yes,0.19194938777360032,0,Low
8083-YTZES,Yes,0.7432246704246771,1,High
7240-FQLHE,Yes,0.5403157176449072,1,Medium
6664-FPDAC,Yes,0.2835704497612003,0,Low
9972-VAFJJ,No,0.17283307954354185,0,Low
0422-UXFAP,No,0.36902382225038977,0,Low
1904-WAJAA,No,0.0465234361787125,0,Low
5130-YPIRV,No,0.014052330674430352,0,Low
2843-CQMEG,No,0.21380942713129164,0,Low
6439-PKTRR,No,0.009898720324950547,0,Low
5351-QESIO,No,0.43606715543291574,0,Medium
0786-VSSUD,Yes,0.4806375221156625,0,Medium
5568-DMXZS,No,0.37277499916352813,0,Low
8468-FZTOE,No,0.009123100603970757,0,Low
6633-SYEUS,No,0.2428636835166872,0,Low
6447-GORXK,No,0.1510208785494943,0,Low
6967-PEJLL,No,0.06963498765688154,0,Low
3976-BWUCK,Yes,0.39672981846384753,0,Low
5981-ZVXOT,No,0.38420103235981384,0,Low
1684-FLBGS,No,0.20583105034711174,0,Low
1389-WNUIB,No,0.12789524453811718,0,Low
0376-OIWME,No,0.47705361715002365,0,Medium
3585-ISXZP,Yes,0.6502162344331683,1,Medium
0218-QNVAS,No,0.10208781434189901,0,Low
6583-QGCSI,Yes,0.4689136517389873,0,Medium
0804-YGEQV,No,0.024888309505900316,0,Low
7164-BPTUT,No,0.015484869855612239,0,Low
4174-LPGTI,Yes,0.04775498026274035,0,Low
2523-EWWZL,No,0.455950022460621,0,Medium
0928-XUTSN,No,0.6617651379639672,1,Medium
2108-XWMPY,Yes,0.40931310570821655,0,Medium
0052-YNYOT,No,0.0074299723826713685,0,Low
6304-IJFSQ,Yes,0.3808198428931944,0,Low
9586-JGQKH,No,0.08861806927516394,0,Low
4501-VCPFK,No,0.22970779181054327,0,Low
6075-SLNIL,No,0.42409098189698674,0,Medium
9347-AERRL,No,0.039084540669529814,0,Low
0093-XWZFY,Yes,0.4755659222508358,0,Medium
2274-XUATA,No,0.0179646514991908,0,Low
1980-KXVPM,Yes,0.6925401885112823,1,Medium
7703-ZEKEF,Yes,0.6001637196253454,1,Medium
0723-DRCLG,Yes,0.7886757532298415,1,High
5482-NUPNA,Yes,0.20781047476022524,0,Low
6691-CCIHA,No,0.031225098973771848,0,Low
1685-BQULA,No,0.4116065017055945,0,Medium
9053-EJUNL,No,0.5007930793750033,1,Medium
0666-UXTJO,No,0.4430097961464921,0,Medium
1471-GIQKQ,No,0.38016022672295,0,Low
4807-IZYOZ,No,0.0055986321715306535,0,Low
1122-JWTJW,Yes,0.5877138825187836,1,Medium
9710-NJERN,No,0.010663088948140154,0,Low
9837-FWLCH,No,0.18991845284806297,0,Low
1699-HPSBG,Yes,0.23826270044802664,0,Low
7203-OYKCT,No,0.23124877732902793,0,Low
1035-IPQPU,No,0.4671722844738052,0,Medium
7398-LXGYX,No,0.25505374921391105,0,Low
2823-LKABH,No,0.5146593956627824,1,Medium
8775-CEBBJ,Yes,0.3452405689437262,0,Low
0550-DCXLH,No,0.25109604505461675,0,Low
9281-CEDRU,No,0.008598195400496625,0,Low
2235-DWLJU,No,0.7332382541365975,1,High
0871-OPBXW,No,0.2444863005175344,0,Low
3605-JISKB,No,0.028173467836984066,0,Low
6894-LFHLY,Yes,0.785491937195885,1,High
9767-FFLEM,No,0.30435729145642343,0,Low
0639-TSIQW,Yes,0.17622140548269505,0,Low
8456-QDAVC,No,0.5361735091833407,1,Medium
7750-EYXWZ,No,0.26821498960900836,0,Low
2569-WGERO,No,0.0030378012775079196,0,Low
6840-RESVB,No,0.12329055781680824,0,Low
2234-XADUH,No,0.1352318011212245,0,Low
4801-JZAZL,No,0.38996050093791157,0,Low
8361-LTMKD,Yes,0.717574873963325,1,High
3186-AJIEK,No,0.04729616365582326,0,Low
